OBJECTID,City_num,RPA,Town_Name,All_Injuries_2004,All_Injuries_2005,All_Injuries_2006,All_Injuries_2007,All_Injuries_2008,All_Injuries_2009,All_Injuries_2010,All_Injuries_2011,All_Injuries_2012,All_Injuries_2013,All_Fatalities_2004,All_Fatalities_2005,All_Fatalities_2006,All_Fatalities_2007,All_Fatalities_2008,All_Fatalities_2009,All_Fatalities_2010,All_Fatalities_2011,All_Fatalities_2012,All_Fatalities_2013,2004_All_Crashes,2005_All_Crashes,2006_All_Crashes,2007_All_Crashes,2008_All_Crashes,2009_All_Crashes,2010_All_Crashes,2011_All_Crashes,2012_All_Crashes,2013_All_Crashes,2004_All_Bicycle_Crashes,2005_All_Bicycle_Crashes,2006_All_Bicycle_Crashes,2007_All_Bicycle_Crashes,2008_All_Bicycle_Crashes,2009_All_Bicycle_Crashes,2010_All_Bicycle_Crashes,2011_All_Bicycle_Crashes,2012_All_Bicycle_Crashes,2013_All_Bicycle_Crashes,2004_Bicycle_Fatal_Crashes,2005_Bicycle_Fatal_Crashes,2006_Bicycle_Fatal_Crashes,2007_Bicycle_Fatal_Crashes,2008_Bicycle_Fatal_Crashes,2009_Bicycle_Fatal_Crashes,2010_Bicycle_Fatal_Crashes,2011_Bicycle_Fatal_Crashes,2012_Bicycle_Fatal_Crashes,2013_Bicycle_Fatal_Crashes,2004_Bicycle_Number_Fatalities,2005_Bicycle_Number_Fatalities,2006_Bicycle_Number_Fatalities,2007_Bicycle_Number_Fatalities,2008_Bicycle_Number_Fatalities,2009_Bicycle_Number_Fatalities,2010_Bicycle_Numbe_Fatalities,2011_Bicycle_Number_Fatalities,2012_Bicycle_Number_Fatalities,2013_Bicycle_Number_Fatalities,2004_Bicycle_Injury_Crashes,2005_Bicycle_Injury_Crashes,2006_Bicycle_Injury_Crashes,2007_Bicycle_Injury_Crashes,2008_Bicycle_Injury_Crashes,2009_Bicycle_Injury_Crashes,2010_Bicycle_Injury_Crashes,2011_Bicycle_Injury_Crashes,2012_Bicycle_Injury_Crashes,2013_Bicycle_Injury_Crashes,2004_Bicycle_Number_Injuries,2005_Bicycle_Number_Injuries,2006_Bicycle_Number_Injuries,2007_Bicycle_Number_Injuries,2008_Bicycle_Number_Injuries,2009_Bicycle_NumberI_njuries,2010_Bicycle_Number_Injuries,2011_Bicycle_Number_Injuries,2012_Bicycle_Number_Injuries,2013_Bicycle_Number_Injuries,2004_All_Pedestrian_Crashes,2005_All_Pedestrian_Crashes,2006_All_Pedestrian_Crashes,2007_All_Pedestrian_Crashes,2008_All_Pedestrian_Crashes,2009_All_Pedestian_Crashes,2010_All_Pedestrian_Crashes,2011_All_Pedestrian_Crashes,2012_All_Pedestrian_Crashes,2013_All_Pedestrian_Crashes,2004_Pedestrian_Fatal_Crashes,2005_Pedestrian_Fatal_Crashes,2006_Pedestrian_Fatal_Crashes,2007_Pedestrian_Fatal_Crashes,2008_Pedestrian_Fatal_Crashes,2009_Pedestrian_Fatal_Crashes,2010_Pedestrian_Fatal_Crashes,2011_Pedestrian_Fatal_Crashes,2012_Pedestrian_Fatal_Crashes,2013_Pedestrian_Fatal_Crashes,2004_Pedestrian_NumberFatalities,2005_Pedestrian_NumberFatalities,2006_Pedestrian_NumberFatalities,2007_Pedestrian_NumberFatalites,2008_Pedestrian_Number_Fatalities,2009_Pedestrian_Number_Fatalities,2010_Pedestrian_Number_Fatalities,2011_Pedestrian_Number_Fatalities,2012_Pedestrian_Number_Fatalities,2013_Pedestrian_Number_Fatalities,2004_Pedestrian_Injury_Crashes,2005_Pedestrian_Injury_Crashes,2006_Pedestrian_Injury_Crashes,2007_Pedestrian_Injury_Crashes,2008_Pedestrian_Injury_Crashes,2009_Pedestrian_Injury_Crashes,2010_Pedestrian_Injury_Crashes,2011_Pedestrian_Injury_Crashes,2012_Pedestrian_Injury_Crashes,2013_Pedestrian_Injury_Crashes,2004_Pedestrian_Number_Injuries,2005_Pedestrian_Number_Injuries,2006_Pedestrian_Number_Injuries,2007_Pedestrian_Number_Injuries,2008_Pedestrian_Number_Injuries,2009_Pedestrian_Number_Injuries,2010_Pedestrian_Number_Injuries,2011_Pedestrian_Number_Injuries,2012_Pedestrian_Number_Injuries,2013_Pedestrian_Number_Injuries,2004_All_Truck_Crashes,2005_All_Truck_Crashes,2006_All_Truck_Crashes,2007_All_Truck_Crashes,2008_All_Truck_Crashes,2009_All_Truck_Crashes,2010_All_Truck_Crashes,2011_All_Truck_Crashes,2012_All_Truck_Crashes,2013_All_Truck_Crashes,2004_Truck_Fatal_Crashes,2005_Truck_Fatal_Crashes,2006_Truck_Fatal_Crashes,2007_Truck_Fatal_Crashes,2008_Truck_Fatal_Crashes,2009_Truck_Fatal_Crashes,2010_Truck_Fatal_Crashes,2011_Truck_Fatal_Crashes,2012_Truck_Fatal_Crashes,2013_Truck_Fatal_Crashes,2004_Truck_Number_Fatalities,2005_Truck_Number_Fatalities,2006_Truck_Number_Fatalities,2007_Truck_Number_Fatalities,2008_Truck_Number_Fatalities,2009_Truck_Number_Fatalities,2010_Truck_Number_Fatalities,2011_Truck_Number_Fatalities,2012_Truck_Number_Fatalities,2013_Truck_Number_Fatalities,2004_Truck_Injury_Crashes,2005_Truck_Injury_Crashes,2006_Truck_Injury_Crashes,2007_Truck_Injury_Crashes,2008_Truck_Injury_Crashes,2009_Truck_Injury_Crashes,2010_Truck_Injury_Crashes,2011_Truck_Injury_Crashes,2012_Truck_Injury_Crashes,2013_Truck_Injury_Crashes,2004_Truck_Number_Injuries,2005_Truck_Number_Injuries,2006_Truck_Number_Injuries,2007_Truck_Number_Injuries,2008_Truck_Number_Injuries,2009_Truck_Number_Injuries,2010_Truck_Number_Injuries,2011_Truck_Number_Injuries,2012_Truck_Number_Injuries,2013_Truck_Number_Injuries
1,2,MAPC,Acton,119,131,121,85,86,88,90,76,77,77,0,0,0,1,3,0,0,1,0,0,403,454,391,337,312,273,299,272,263,267,1,2,8,0,0,1,3,2,3,5,0,0,0,0,0,0,0,0,0,0,0,0,0,0,0,0,0,0,0,0,0,1,0,0,0,1,1,0,1,2,0,1,0,0,0,1,1,0,1,2,5,6,2,1,3,5,3,6,2,2,0,0,0,0,1,0,0,1,0,0,0,0,0,0,1,0,0,1,0,0,3,3,2,0,0,1,0,2,2,1,3,3,2,0,1,1,0,3,2,1,20,24,23,23,15,12,20,13,11,21,0,0,0,0,0,0,0,1,0,0,0,0,0,0,0,0,0,1,0,0,2,3,6,4,1,5,8,1,1,2,2,4,7,5,1,6,10,3,1,3
2,10,MAPC,Arlington,76,127,153,99,121,153,117,67,128,123,0,0,0,2,0,0,0,0,0,1,195,419,419,352,559,556,550,565,588,602,2,2,10,12,18,15,24,10,18,22,0,0,0,0,0,0,0,0,0,0,0,0,0,0,0,0,0,0,0,0,2,2,7,9,8,10,9,3,13,9,2,2,7,9,8,10,9,3,13,9,1,4,11,5,12,18,14,15,21,19,0,0,0,0,0,0,0,0,0,1,0,0,0,0,0,0,0,0,0,1,1,3,6,2,6,10,4,9,16,14,1,3,6,2,6,10,5,9,16,14,8,14,13,9,32,47,42,33,29,42,0,0,0,0,0,0,0,0,0,0,0,0,0,0,0,0,0,0,0,0,2,1,4,2,2,5,6,2,4,2,3,1,7,2,3,8,6,2,4,2
3,14,MAPC,Ashland,64,84,67,67,95,87,70,62,64,58,1,1,0,1,2,1,0,1,0,2,214,253,263,258,312,233,261,208,239,232,3,0,3,1,4,1,3,1,3,5,0,0,0,0,0,0,0,0,0,0,0,0,0,0,0,0,0,0,0,0,3,0,0,0,3,1,2,1,2,5,3,0,0,0,3,1,2,1,2,5,2,1,3,4,6,3,3,2,6,3,0,1,0,0,0,0,0,0,0,0,0,1,0,0,0,0,0,0,0,0,1,0,1,3,6,1,3,1,5,2,1,0,1,3,7,1,3,1,5,2,9,12,21,14,17,17,22,20,17,10,0,0,0,1,0,0,0,0,0,1,0,0,0,1,0,0,0,0,0,1,1,1,3,1,1,3,4,4,1,2,1,1,4,3,1,7,4,5,1,2
4,23,MAPC,Bedford,108,84,103,91,83,94,76,97,87,83,0,0,2,2,1,1,1,0,0,1,253,332,334,309,326,273,255,232,266,286,1,5,12,5,5,7,2,3,6,8,0,0,0,0,0,0,0,0,0,0,0,0,0,0,0,0,0,0,0,0,1,0,3,1,2,2,1,1,4,5,1,0,3,1,2,2,1,1,4,5,3,3,3,5,3,1,3,3,5,6,0,0,0,1,0,0,0,0,0,0,0,0,0,1,0,0,0,0,0,0,1,0,1,0,2,0,2,2,4,6,1,0,1,0,2,0,2,2,4,7,16,33,27,24,22,14,21,16,14,18,0,0,1,0,0,0,0,0,0,0,0,0,2,0,0,0,0,0,0,0,8,9,4,3,4,1,2,3,2,3,10,11,5,4,4,1,2,4,2,3
5,25,MAPC,Bellingham,147,162,166,145,129,105,155,76,101,112,3,1,1,3,1,5,0,1,1,2,554,576,557,527,481,408,539,419,493,496,1,4,4,2,1,1,1,1,3,1,0,0,0,0,0,0,0,0,0,0,0,0,0,0,0,0,0,0,0,0,0,2,1,0,0,1,1,1,2,1,0,3,1,0,0,1,1,1,2,1,4,3,0,2,3,2,6,3,1,11,0,0,0,1,0,0,0,0,0,0,0,0,0,1,0,0,0,0,0,0,0,0,0,0,1,1,5,2,1,6,0,0,0,0,1,1,5,2,1,7,37,30,28,29,30,21,21,23,29,23,0,0,0,0,0,0,0,0,0,0,0,0,0,0,0,0,0,0,0,0,5,1,10,6,4,4,2,3,3,1,9,1,16,15,7,9,2,3,4,1
6,26,MAPC,Belmont,97,107,132,107,95,94,98,97,76,83,1,1,0,1,0,1,0,0,0,0,375,393,417,421,389,355,280,332,291,310,4,6,11,7,6,15,5,5,7,10,0,0,0,0,0,0,0,0,0,0,0,0,0,0,0,0,0,0,0,0,2,5,9,4,3,5,4,3,3,5,2,5,9,4,3,5,4,3,3,5,10,6,8,9,3,8,4,7,6,7,1,0,0,1,0,1,0,0,0,0,1,0,0,1,0,1,0,0,0,0,6,6,3,7,3,3,3,5,5,5,6,6,3,8,3,3,3,5,6,5,12,22,15,25,25,30,14,16,15,21,0,0,0,0,0,0,0,0,0,0,0,0,0,0,0,0,0,0,0,0,4,3,1,4,7,3,3,2,3,2,4,3,1,5,7,4,4,2,4,3
7,30,MAPC,Beverly,271,254,255,243,239,166,211,185,214,160,1,1,0,1,1,1,1,0,2,1,721,851,752,765,741,575,630,626,596,534,12,12,12,10,15,4,11,19,12,10,0,0,0,0,0,0,0,0,0,0,0,0,0,0,0,0,0,0,0,0,5,7,8,7,11,4,7,14,10,6,5,7,8,7,11,4,8,14,11,7,17,19,14,14,12,8,22,17,12,15,1,0,0,0,1,0,0,0,0,0,1,0,0,0,1,0,0,0,0,0,8,5,8,7,2,6,17,14,10,11,9,5,8,7,2,6,19,17,10,11,42,34,30,25,29,23,25,23,26,20,0,0,0,0,0,0,1,0,0,0,0,0,0,0,0,0,1,0,0,0,1,5,4,4,7,3,1,4,6,6,1,5,4,6,10,6,2,4,6,6
8,34,MAPC,Bolton,73,66,75,76,85,46,60,59,59,62,2,0,1,1,1,3,1,0,1,0,199,196,175,229,185,135,158,141,167,163,0,0,0,0,0,1,0,2,2,2,0,0,0,0,0,0,0,0,0,0,0,0,0,0,0,0,0,0,0,0,0,0,0,0,0,0,0,1,2,2,0,0,0,0,0,0,0,1,2,2,0,0,1,0,1,0,2,1,0,1,0,0,0,0,1,0,0,0,0,0,0,0,0,0,1,0,0,0,0,0,0,0,1,0,0,0,2,0,0,1,0,0,1,0,0,0,3,0,0,1,17,23,14,28,12,15,12,19,15,12,0,0,0,0,0,0,0,0,0,0,0,0,0,0,0,0,0,0,0,0,6,8,5,1,5,3,4,6,4,1,7,13,7,1,7,4,5,9,5,1
9,35,MAPC,Boston,2800,3882,4004,3118,2818,2003,2342,1842,1669,1775,25,18,24,31,26,16,18,18,29,19,5574,8973,9680,7926,6919,4626,4808,3719,3955,3951,22,16,12,35,45,78,127,90,102,105,2,0,0,3,0,0,3,0,2,1,2,0,0,3,0,0,3,0,2,1,12,5,7,18,31,46,83,61,67,65,13,5,7,18,37,50,86,64,69,65,95,71,67,97,103,147,302,238,237,213,7,7,8,10,14,2,7,4,3,8,7,7,8,10,14,2,7,4,3,8,56,32,25,45,44,96,180,157,157,144,61,35,25,47,48,108,204,168,169,154,298,467,481,437,393,221,257,237,238,247,2,0,0,1,2,2,1,2,4,2,2,0,0,1,2,3,1,2,4,2,60,103,99,89,78,46,58,65,52,42,92,133,121,115,108,70,88,88,67,56
10,37,MAPC,Boxborough,20,20,21,17,19,19,16,21,25,30,0,0,0,1,0,0,1,1,0,1,53,74,53,75,47,31,36,29,57,73,0,0,0,0,0,0,0,0,0,0,0,0,0,0,0,0,0,0,0,0,0,0,0,0,0,0,0,0,0,0,0,0,0,0,0,0,0,0,0,0,0,0,0,0,0,0,0,0,0,0,0,0,0,0,0,0,1,0,1,0,0,0,0,0,0,0,1,0,0,0,0,0,0,0,0,0,1,0,0,0,0,0,0,0,0,0,0,0,1,0,0,0,0,0,0,0,0,0,1,0,6,9,4,4,4,3,6,5,4,11,0,0,0,1,0,0,0,0,0,0,0,0,0,1,0,0,0,0,0,0,2,6,0,0,3,1,2,0,2,2,5,7,0,0,3,1,3,0,3,2
11,40,MAPC,Braintree,450,558,490,454,390,375,391,364,321,379,4,0,1,2,1,1,2,0,4,1,902,1198,1109,1047,945,725,713,579,639,683,8,4,3,4,2,2,5,1,1,4,1,0,0,0,0,0,0,0,0,0,1,0,0,0,0,0,0,0,0,0,6,4,2,2,0,2,4,1,0,3,6,4,2,3,0,4,4,1,0,3,15,8,9,6,11,4,8,9,10,20,1,0,0,0,0,0,1,0,0,0,1,0,0,0,0,0,1,0,0,0,11,5,3,0,4,0,3,2,3,14,11,6,3,0,4,0,3,3,3,17,38,69,56,58,56,40,47,32,35,38,1,0,0,1,0,0,0,0,0,0,1,0,0,1,0,0,0,0,0,0,9,23,12,13,6,16,18,15,10,13,11,28,16,20,6,20,21,18,14,19
12,46,MAPC,Brookline,261,362,321,273,217,206,33,162,165,94,1,1,1,0,1,0,0,1,1,1,670,979,891,754,649,459,96,330,314,205,9,33,17,25,21,30,3,29,29,29,0,0,0,0,0,0,0,0,0,0,0,0,0,0,0,0,0,0,0,0,5,20,7,14,15,21,2,19,17,17,5,20,7,14,15,21,2,19,19,17,28,39,36,27,29,24,3,37,29,17,0,1,1,0,0,0,0,0,0,1,0,1,1,0,0,0,0,0,0,1,19,23,20,22,17,16,1,19,18,6,19,25,20,25,17,16,1,23,19,6,35,50,44,42,43,23,1,27,18,13,1,0,0,0,0,0,0,0,0,0,1,0,0,0,0,0,0,0,0,0,6,17,2,8,3,5,1,6,8,1,7,29,2,11,4,5,2,7,10,1
13,48,MAPC,Burlington,213,262,327,269,281,208,174,173,138,223,0,0,2,2,0,3,0,3,2,0,716,952,1022,960,845,593,568,521,552,749,8,1,4,0,3,3,4,2,2,3,0,0,0,0,0,0,0,0,0,0,0,0,0,0,0,0,0,0,0,0,4,0,2,0,3,1,3,1,1,2,4,0,2,0,3,1,3,1,1,2,2,3,9,6,13,5,3,2,7,6,0,0,0,1,0,0,0,0,0,0,0,0,0,1,0,0,0,0,0,0,0,2,1,2,7,4,0,2,7,3,0,2,1,2,7,4,0,2,7,4,27,43,42,44,34,29,34,20,28,36,0,0,0,0,1,1,0,0,0,0,0,0,0,0,0,1,0,0,0,0,7,6,13,7,5,6,6,6,3,9,7,7,20,12,6,9,7,8,4,15
14,49,MAPC,Cambridge,625,711,686,581,562,545,508,459,494,455,3,4,2,2,4,0,1,2,2,3,2053,2604,2449,2299,2128,1778,1764,1700,1688,1629,89,115,120,117,150,162,198,174,220,181,0,0,0,0,0,0,0,1,0,0,0,0,0,0,0,0,0,1,0,0,58,71,75,72,78,109,112,101,131,119,60,74,78,80,78,113,114,102,132,120,85,108,90,84,101,81,101,106,102,107,2,3,1,0,2,0,1,1,1,2,2,3,1,0,2,0,1,1,1,2,49,64,46,45,56,52,60,67,65,69,50,70,50,45,57,54,60,70,68,74,149,162,158,150,122,155,123,119,126,126,0,0,0,0,0,0,1,1,1,0,0,0,0,0,1,0,1,1,1,0,12,21,19,7,10,20,20,19,12,10,14,28,24,7,11,24,23,23,12,11
15,50,MAPC,Canton,204,242,230,208,238,203,202,159,180,161,4,0,1,2,2,1,2,0,3,3,535,703,637,662,601,467,523,456,458,460,2,1,2,5,5,3,4,3,3,0,0,0,0,0,0,0,0,0,1,0,0,0,0,0,0,0,0,0,2,0,2,1,1,2,4,3,2,2,1,0,2,1,1,2,4,8,2,2,1,0,2,5,5,10,3,3,5,1,4,8,0,0,0,1,0,0,0,0,0,1,0,0,0,1,0,0,0,0,0,1,1,2,5,9,3,1,3,1,3,5,1,2,5,10,3,1,3,1,3,6,44,48,44,55,47,39,49,51,25,38,1,0,0,0,0,0,0,0,0,0,1,0,0,0,0,0,0,0,0,0,15,9,10,15,11,9,10,14,4,8,28,12,16,17,15,13,14,18,9,11
16,51,MAPC,Carlisle,19,18,17,10,18,14,7,24,10,13,0,0,0,0,0,0,0,0,0,0,73,60,59,60,51,55,54,55,46,44,1,1,0,1,6,4,1,1,1,1,0,0,0,0,0,0,0,0,0,0,0,0,0,0,0,0,0,0,0,0,1,0,0,1,4,3,0,1,1,1,1,0,0,1,4,3,0,1,1,1,0,0,0,0,0,0,0,0,0,,0,0,0,0,3,3,0,1,0,1,0,0,0,0,3,3,0,1,0,1,0,0,0,0,0,0,0,0,0,0,0,0,0,0,0,0,0,0,0,0,1,3,3,2,4,0,3,1,2,3,0,0,0,0,0,0,0,0,0,0,0,0,0,0,0,0,0,0,0,0,0,1,1,0,1,0,1,0,0,0,0,1,1,0,1,0,1,0,0,0
17,57,MAPC,Chelsea,339,342,359,357,274,311,272,204,239,255,2,3,2,2,1,1,3,3,0,1,737,880,975,1099,956,910,821,751,835,933,13,10,17,15,9,18,12,11,9,18,0,0,0,0,0,0,0,0,0,0,0,0,0,0,0,0,0,0,0,0,10,6,14,11,4,13,7,9,7,14,10,6,14,11,4,13,7,9,7,15,32,47,33,62,52,46,56,57,41,66,1,0,0,0,0,0,3,1,0,0,1,0,0,0,0,0,3,1,0,0,23,35,27,45,36,37,39,41,31,50,27,36,29,46,37,37,42,42,32,56,52,55,74,77,72,60,73,56,63,71,0,0,0,0,0,0,0,0,0,0,0,0,0,0,0,0,0,0,0,0,7,8,14,17,10,5,12,3,10,8,9,13,17,23,17,6,23,3,12,10
18,65,MAPC,Cohasset,31,44,36,40,27,35,37,25,39,32,0,0,0,0,1,0,1,0,1,0,131,148,122,129,132,148,125,94,143,151,1,1,2,0,1,3,1,1,1,1,0,0,0,0,0,0,0,0,0,0,0,0,0,0,0,0,0,0,0,0,1,0,1,0,1,1,1,1,1,0,1,0,1,0,1,1,1,1,1,0,0,0,2,0,1,1,2,1,1,0,0,0,0,0,0,0,0,0,0,0,0,0,0,0,0,0,0,0,0,0,0,0,2,0,1,1,1,1,0,0,0,0,2,0,1,1,1,1,0,0,5,8,9,13,9,10,9,4,17,10,0,0,0,0,0,0,0,0,0,0,0,0,0,0,0,0,0,0,0,0,1,2,2,3,0,2,5,0,1,2,1,2,2,6,0,4,6,0,1,3
19,67,MAPC,Concord,125,136,127,136,141,86,80,97,92,94,0,0,1,0,0,1,1,0,1,0,423,481,465,490,516,361,347,329,350,332,7,8,1,7,8,6,9,8,13,5,0,0,0,0,0,0,0,0,0,0,0,0,0,0,0,0,0,0,0,0,6,3,1,4,6,2,6,7,11,3,6,3,1,4,6,2,6,7,13,3,3,3,1,6,7,4,4,6,7,3,0,0,0,0,0,1,1,0,0,0,0,0,0,0,0,1,1,0,0,0,1,3,1,3,5,1,2,4,5,3,1,3,1,3,5,1,2,4,5,3,35,35,39,42,38,19,23,30,21,19,0,0,1,0,0,0,1,0,0,0,0,0,1,0,0,0,1,0,0,0,2,5,13,3,3,4,4,4,3,5,3,6,16,3,3,7,4,9,4,5
20,71,MAPC,Danvers,326,430,399,347,331,272,269,219,291,234,0,0,2,2,2,5,0,3,2,1,793,1004,1004,910,816,614,644,515,619,553,5,4,3,9,7,1,3,2,4,1,0,0,0,0,0,0,0,0,0,0,0,0,0,0,0,0,0,0,0,0,4,2,3,5,4,1,3,1,1,1,5,2,3,5,4,1,3,1,1,1,7,8,7,11,11,9,7,13,6,9,0,0,1,0,0,2,0,0,1,1,0,0,1,0,0,2,0,0,1,1,5,5,4,7,5,7,5,9,4,7,6,5,4,8,5,9,5,9,6,7,32,52,37,49,45,29,35,27,35,26,0,0,0,0,0,0,0,0,0,0,0,0,0,0,0,0,0,0,0,0,12,12,6,12,7,10,7,6,6,6,17,19,11,14,8,11,8,7,7,11
21,73,MAPC,Dedham,247,199,267,229,206,192,180,186,228,205,1,0,0,1,0,1,0,0,1,0,612,684,717,631,576,510,409,463,550,568,1,1,1,3,1,1,1,6,4,0,0,0,0,0,0,0,0,0,0,0,0,0,0,0,0,0,0,0,0,0,0,0,1,2,0,1,0,3,4,0,0,0,2,2,0,1,0,3,4,0,6,10,4,6,4,4,4,3,12,10,0,0,0,1,0,0,0,0,0,0,0,0,0,1,0,0,0,0,0,0,0,1,1,0,2,1,2,2,5,6,0,1,1,0,4,2,3,2,5,6,29,38,37,44,42,40,24,28,37,51,0,0,0,0,1,1,0,0,0,0,0,0,0,0,0,1,0,0,0,0,8,11,6,12,11,9,5,9,13,8,10,16,10,14,11,13,9,10,20,10
22,78,MAPC,Dover,31,43,33,16,35,18,33,28,25,28,1,0,2,2,0,0,1,0,0,0,93,119,99,92,115,81,94,71,72,92,6,2,2,2,2,2,4,1,1,1,0,0,0,0,0,0,0,0,0,0,0,0,0,0,0,0,0,0,0,0,5,2,2,2,1,2,4,1,1,1,5,2,2,2,1,2,4,1,2,1,0,0,0,0,1,0,0,0,2,0,0,0,0,0,0,0,0,0,0,0,0,0,0,0,0,0,0,0,0,0,0,0,0,0,1,0,0,0,1,0,0,0,0,0,1,0,0,0,1,0,1,9,5,3,6,0,5,1,3,4,0,0,0,0,0,0,0,0,0,0,0,0,0,0,0,0,0,0,0,0,0,2,1,0,2,0,1,0,0,0,0,2,1,0,2,0,1,0,0,0
23,82,MAPC,Duxbury,32,103,47,93,79,34,78,86,71,72,1,0,1,1,0,0,0,1,0,0,76,264,134,204,208,76,189,181,169,178,0,1,1,0,0,0,1,0,0,0,0,0,0,0,0,0,0,0,0,0,0,0,0,0,0,0,0,0,0,0,0,1,1,0,0,0,0,0,0,0,0,1,1,0,0,0,0,0,0,0,0,0,2,1,3,0,2,1,1,3,0,0,0,0,0,0,0,0,0,0,0,0,0,0,0,0,0,0,0,0,0,0,1,1,0,0,0,1,1,0,0,0,1,1,0,0,0,1,2,0,1,6,6,4,7,7,5,11,12,12,0,0,1,0,0,0,0,0,0,0,0,0,1,0,0,0,0,0,0,0,0,0,0,1,3,3,2,1,2,8,0,0,0,2,4,3,2,1,5,11
24,92,MAPC,Essex,17,30,28,19,21,12,22,16,13,12,0,0,0,0,0,0,0,0,0,0,42,57,43,46,52,38,37,33,35,19,1,1,0,1,0,1,0,0,0,0,0,0,0,0,0,0,0,0,0,0,0,0,0,0,0,0,0,0,0,0,1,1,0,1,0,1,0,0,0,0,1,1,0,1,0,1,0,0,0,0,0,1,0,0,2,0,1,0,0,0,0,0,0,0,0,0,0,0,0,0,0,0,0,0,0,0,0,0,0,0,0,0,0,0,2,0,1,0,0,0,0,0,0,0,2,0,1,0,0,0,3,3,3,0,5,3,3,1,2,0,0,0,0,0,0,0,0,0,0,0,0,0,0,0,0,0,0,0,0,0,1,1,1,0,1,1,0,0,0,0,1,2,1,0,1,2,0,0,0,0
25,93,MAPC,Everett,358,419,334,299,232,187,158,141,147,177,1,0,2,0,2,0,0,0,3,1,661,961,854,667,538,420,362,275,326,380,12,10,6,12,2,4,14,4,3,12,0,0,0,0,1,0,0,0,0,0,0,0,0,0,1,0,0,0,0,0,5,8,2,8,0,4,10,2,1,8,6,9,2,8,0,4,10,2,1,8,22,21,15,21,19,28,14,13,19,19,1,0,0,0,1,0,0,0,2,1,1,0,0,0,1,0,0,0,2,1,12,12,9,12,6,10,3,8,8,10,12,12,9,13,8,12,3,8,9,10,37,66,59,40,36,36,15,17,26,35,1,0,0,0,0,0,0,0,0,0,1,0,0,0,0,0,0,0,0,0,6,9,12,7,11,7,2,3,6,5,9,10,12,10,12,9,2,4,7,5
26,99,MAPC,Foxborough,162,174,134,146,166,161,74,157,128,143,4,2,2,3,2,1,0,1,4,1,363,468,422,433,461,380,229,463,454,431,4,0,2,2,2,1,0,0,3,2,0,0,1,0,0,0,0,0,0,0,0,0,1,0,0,0,0,0,0,0,3,0,1,1,1,1,0,0,3,2,3,0,1,1,1,1,0,0,3,2,2,4,1,1,5,4,1,0,3,8,0,0,0,0,0,0,0,0,0,0,0,0,0,0,0,0,0,0,0,0,2,4,1,1,4,4,1,0,0,8,2,4,2,1,4,4,1,0,0,11,26,33,22,30,21,17,14,23,29,28,0,0,1,0,0,0,0,0,1,0,0,0,1,0,0,0,0,0,1,0,6,9,8,8,7,2,4,4,4,8,7,10,9,11,7,2,4,5,5,12
27,100,MAPC,Framingham,730,887,753,669,747,776,686,595,482,575,1,6,1,2,0,1,5,5,4,1,1993,2500,2219,2004,1987,1704,1740,1647,1437,1405,28,24,29,12,26,26,29,14,7,8,0,0,0,0,0,0,0,0,0,0,0,0,0,0,0,0,0,0,0,0,18,12,17,11,21,17,22,9,7,6,18,14,18,11,22,18,23,9,7,7,41,21,29,35,24,30,39,45,16,10,1,2,0,0,0,0,3,2,2,0,1,2,0,0,0,0,3,2,2,0,23,14,20,22,19,29,32,34,10,7,25,14,22,24,19,33,32,36,11,8,85,133,102,116,123,94,95,93,63,86,0,1,0,0,0,0,0,0,1,0,0,1,0,0,0,0,0,0,1,0,11,18,9,15,17,16,10,14,11,14,24,23,13,15,19,26,11,17,14,20
28,101,MAPC,Franklin,159,161,151,163,143,124,96,144,125,127,1,1,1,2,3,1,0,1,2,3,454,526,505,490,435,354,296,379,406,412,1,0,0,4,2,1,4,1,0,4,0,0,0,0,0,0,0,0,0,0,0,0,0,0,0,0,0,0,0,0,0,0,0,0,1,0,0,1,0,3,0,0,0,0,1,0,0,1,0,3,5,4,2,6,3,1,4,6,5,5,1,1,0,0,1,0,0,0,0,0,1,1,0,0,1,0,0,0,0,0,1,0,1,1,1,0,2,5,4,4,2,0,1,1,1,0,3,6,4,5,31,60,41,35,22,24,15,29,23,31,0,1,0,0,0,0,0,0,0,1,0,1,0,0,2,0,0,0,0,1,4,12,7,11,5,8,5,4,2,3,4,13,7,11,5,8,10,4,4,3
29,107,MAPC,Gloucester,120,111,78,74,74,47,74,39,50,52,5,2,0,0,1,0,0,0,4,0,278,361,302,206,222,148,196,159,262,280,1,3,5,2,2,0,2,3,5,1,0,0,0,0,0,0,0,0,0,0,0,0,0,0,0,0,0,0,0,0,1,2,5,1,1,0,1,0,2,0,1,2,6,1,1,0,1,0,2,0,8,4,6,2,5,1,5,4,6,2,2,1,0,0,0,0,0,0,1,0,2,1,0,0,0,0,0,0,1,0,5,1,2,1,1,0,4,2,1,2,7,1,2,2,1,0,4,3,1,2,13,20,19,8,12,11,12,13,13,23,0,0,0,0,0,0,0,0,1,0,0,0,0,0,0,0,0,0,1,0,6,3,2,1,1,1,4,2,1,2,9,4,3,2,4,1,7,2,1,2
30,119,MAPC,Hamilton,15,23,18,18,11,12,21,12,16,24,1,0,0,0,0,0,0,0,0,0,52,82,91,78,77,54,69,56,59,84,1,1,2,0,2,0,2,2,2,4,0,0,0,0,0,0,0,0,0,0,0,0,0,0,0,0,0,0,0,0,1,0,0,0,1,0,2,2,2,3,1,0,0,0,1,0,2,2,2,3,2,1,0,1,0,1,0,1,0,1,1,0,0,0,0,0,0,0,0,0,1,0,0,0,0,0,0,0,0,0,1,0,0,1,0,1,0,1,0,1,1,0,0,1,0,1,0,1,0,1,3,3,6,3,6,1,3,3,1,6,0,0,0,0,0,0,0,0,0,0,0,0,0,0,0,0,0,0,0,0,1,0,0,0,1,1,0,0,0,5,1,0,0,0,1,1,0,0,0,5
31,122,MAPC,Hanover,136,135,126,140,156,112,137,110,99,99,3,2,0,1,2,1,0,2,1,1,320,398,381,353,351,288,274,253,216,175,3,2,1,1,2,1,1,1,2,0,0,0,0,0,0,0,0,0,0,0,0,0,0,0,0,0,0,0,0,0,2,1,0,1,1,1,0,1,2,0,3,1,0,1,1,1,0,1,2,0,2,1,1,2,1,1,3,1,2,1,0,0,0,0,0,0,0,0,0,0,0,0,0,0,0,0,0,0,0,0,0,0,1,1,1,0,2,1,1,1,0,0,1,0,1,0,2,1,1,1,14,21,8,13,17,12,10,8,9,11,1,0,0,0,1,1,0,0,0,0,1,0,0,0,0,1,0,0,0,0,4,3,1,0,2,3,2,0,1,5,10,3,1,0,2,3,2,0,1,8
32,131,MAPC,Hingham,214,169,207,198,146,153,145,134,143,134,2,2,2,1,4,0,0,2,1,1,672,766,680,664,529,490,471,391,420,392,8,4,3,5,2,5,7,4,5,3,0,0,0,0,0,0,0,0,0,0,0,0,0,0,0,0,0,0,0,0,5,3,3,1,2,4,4,2,2,1,5,3,3,1,2,4,4,2,2,1,5,3,4,9,4,5,4,6,3,6,0,0,0,0,0,0,0,0,0,0,0,0,0,0,0,0,0,0,0,0,3,3,0,6,4,3,2,4,3,3,3,3,0,8,4,3,2,4,3,4,33,34,31,39,26,14,12,26,21,25,0,0,0,0,0,0,0,0,0,0,0,0,0,0,0,0,0,0,0,0,4,2,5,5,1,1,1,4,3,4,5,2,6,5,2,1,1,5,6,5
33,133,MAPC,Holbrook,83,104,93,70,71,88,92,72,95,71,0,0,1,1,0,1,0,2,0,0,183,231,207,200,199,210,206,192,204,210,3,0,2,4,1,5,4,4,1,0,0,0,0,0,0,0,0,0,0,0,0,0,0,0,0,0,0,0,0,0,3,0,2,2,1,4,2,2,0,0,3,0,2,2,1,4,2,2,0,0,4,1,6,6,7,4,7,6,3,3,0,0,0,0,0,0,0,0,0,0,0,0,0,0,0,0,0,0,0,0,3,1,3,2,5,1,3,3,2,2,3,1,4,2,5,1,3,3,2,2,4,5,2,11,15,11,11,8,10,11,0,0,0,1,1,1,0,0,0,0,0,0,0,1,0,1,0,0,0,0,1,0,1,1,3,1,3,2,3,3,1,0,1,4,5,3,3,3,3,5
34,136,MAPC,Holliston,90,89,82,100,84,82,74,81,105,61,0,1,1,0,0,0,0,1,0,0,237,290,256,243,235,251,212,249,233,216,1,2,0,2,2,6,0,1,5,1,0,0,0,0,0,0,0,0,0,0,0,0,0,0,0,0,0,0,0,0,0,2,0,2,2,4,0,1,2,1,0,2,0,2,2,4,0,1,2,2,1,1,2,3,6,3,5,1,3,2,0,0,0,0,0,0,0,0,0,0,0,0,0,0,0,0,0,0,0,0,0,1,1,2,5,3,5,1,2,1,0,1,1,2,5,3,5,2,4,1,12,22,13,16,15,9,17,14,10,17,0,0,0,0,0,0,0,0,0,0,0,0,0,0,0,0,0,0,0,0,1,3,1,3,1,2,4,2,0,1,1,4,1,3,1,2,7,3,0,1
35,139,MAPC,Hopkinton,118,178,137,152,137,73,125,104,109,104,2,2,3,0,0,3,0,1,1,4,387,482,435,453,382,325,404,353,398,411,1,1,0,0,2,2,3,1,2,6,0,0,0,0,0,0,0,0,0,1,0,0,0,0,0,0,0,0,0,1,1,1,0,0,0,1,2,1,0,2,1,1,0,0,0,1,2,1,0,3,1,1,2,2,3,3,3,1,4,2,0,0,1,0,0,1,0,0,0,0,0,0,1,0,0,1,0,0,0,0,1,1,0,1,0,2,3,1,2,2,1,2,0,1,0,4,3,1,4,2,53,55,33,46,39,33,43,37,33,52,1,0,0,0,0,0,0,0,0,2,1,0,0,0,0,0,0,0,0,2,9,14,5,15,5,7,7,8,4,3,11,19,7,17,8,9,7,9,8,6
36,141,MAPC,Hudson,148,131,141,133,88,91,96,89,73,136,0,2,0,1,1,0,1,3,0,0,507,540,455,465,373,334,326,379,362,455,0,3,6,5,1,4,1,2,2,2,0,0,0,0,0,0,0,0,0,0,0,0,0,0,0,0,0,0,0,0,0,0,1,2,0,1,0,0,2,2,0,0,1,2,0,1,0,0,2,2,0,3,5,5,3,0,2,1,2,10,0,0,0,1,1,0,0,0,0,0,0,0,0,1,1,0,0,0,0,0,0,1,1,0,0,0,0,0,1,10,0,1,1,0,0,0,0,0,1,12,37,43,36,30,36,21,27,29,28,39,0,0,0,0,0,0,0,1,0,0,0,0,0,0,0,0,0,2,0,0,9,2,3,1,4,5,6,7,0,10,10,2,3,1,5,5,6,9,0,11
37,142,MAPC,Hull,27,29,29,30,31,13,18,20,4,29,0,0,0,0,0,0,0,0,0,0,125,112,139,139,114,85,70,90,20,96,6,2,5,5,4,4,3,3,0,8,0,0,0,0,0,0,0,0,0,0,0,0,0,0,0,0,0,0,0,0,3,0,2,2,3,3,3,0,0,5,3,0,2,2,3,3,3,0,0,5,4,1,1,1,3,0,2,3,1,5,0,0,0,0,0,0,0,0,0,0,0,0,0,0,0,0,0,0,0,0,3,1,0,1,2,0,2,3,1,5,3,1,0,3,2,0,2,5,1,5,3,7,4,6,7,2,2,5,1,5,0,0,0,0,0,0,0,0,0,0,0,0,0,0,0,0,0,0,0,0,0,0,1,1,1,0,0,1,0,0,0,0,1,2,1,0,0,1,0,0
38,144,MAPC,Ipswich,49,49,47,39,40,42,41,37,31,37,1,0,0,0,0,1,0,0,0,1,167,192,183,189,184,139,129,134,100,113,2,3,1,4,3,0,3,4,3,1,0,0,0,0,0,0,0,0,0,0,0,0,0,0,0,0,0,0,0,0,1,1,1,2,0,0,3,3,3,1,1,1,1,2,0,0,3,4,3,1,1,0,0,3,4,5,2,2,1,4,0,0,0,0,0,0,0,0,0,0,0,0,0,0,0,0,0,0,0,0,0,0,0,1,2,2,1,1,0,0,0,0,0,3,2,2,1,1,0,0,6,13,10,5,12,9,8,6,3,2,0,0,0,0,0,0,0,0,0,0,0,0,0,0,0,0,0,0,0,0,1,2,1,0,0,2,1,1,0,1,1,3,1,0,0,2,1,3,0,1
39,155,MAPC,Lexington,269,297,293,300,220,207,189,181,156,156,3,0,4,4,3,2,3,2,1,0,688,868,823,834,778,644,596,592,538,564,13,8,19,19,9,13,10,4,19,10,0,0,1,0,0,0,0,0,0,0,0,0,1,0,0,0,0,0,0,0,11,7,12,13,5,10,10,2,16,6,11,8,13,13,5,10,10,2,16,6,6,14,16,15,10,11,19,8,12,7,0,0,1,2,1,0,1,0,0,0,0,0,1,2,1,0,1,0,0,0,3,12,12,9,4,9,12,7,9,5,4,14,13,9,4,11,14,7,9,6,38,57,52,47,49,46,40,50,30,30,0,0,0,0,0,0,0,0,0,0,0,0,0,0,0,0,0,0,0,0,6,13,8,7,6,8,7,10,7,4,9,20,9,11,7,11,8,15,7,4
40,157,MAPC,Lincoln,56,55,49,45,45,63,78,32,43,30,0,0,0,0,1,0,2,0,0,0,150,167,144,162,150,164,136,85,112,114,2,2,1,0,4,4,1,1,2,3,0,0,0,0,0,0,0,0,0,0,0,0,0,0,0,0,0,0,0,0,0,1,0,0,1,1,1,0,1,3,0,1,0,0,1,1,1,0,1,3,0,1,1,0,0,1,0,0,1,2,0,0,0,0,0,0,0,0,0,0,0,0,0,0,0,0,0,0,0,0,0,0,0,0,0,1,0,0,1,1,0,0,0,0,0,1,0,0,1,1,13,13,7,2,5,6,6,3,6,2,0,0,0,0,0,0,0,0,0,0,0,0,0,0,0,0,0,0,0,0,3,2,2,0,1,0,2,0,0,0,4,2,3,0,2,0,3,0,0,0
41,158,MAPC,Littleton,94,80,85,67,78,69,71,80,39,65,1,1,1,0,1,3,0,0,3,0,263,251,225,199,233,230,181,241,244,234,1,1,0,0,0,0,1,0,1,1,0,0,0,0,0,0,0,0,0,0,0,0,0,0,0,0,0,0,0,0,0,1,0,0,0,0,0,0,1,1,0,1,0,0,0,0,0,0,1,1,0,2,1,0,0,1,1,1,2,1,0,0,0,0,0,0,0,0,0,0,0,0,0,0,0,0,0,0,0,0,0,2,0,0,0,0,0,1,0,0,0,2,0,0,0,0,0,1,0,0,30,21,16,23,26,23,17,24,21,25,0,0,0,0,0,0,0,0,0,0,0,0,0,0,1,0,0,0,0,0,7,2,1,9,6,5,4,3,2,2,12,2,1,12,12,7,7,3,3,2
42,163,MAPC,Lynn,1164,1137,1079,959,889,775,725,645,681,645,3,4,4,3,5,4,4,2,5,5,3048,3119,2998,2848,2695,2406,2281,2138,2123,2194,43,30,45,42,36,43,49,36,36,34,0,0,0,0,1,0,0,0,0,0,0,0,0,0,1,0,0,0,0,0,15,17,30,21,18,23,30,16,23,19,16,21,33,22,18,25,30,16,23,19,96,87,91,89,100,83,71,82,92,92,1,2,1,0,3,1,0,0,4,2,1,2,1,0,3,1,0,0,4,2,57,55,56,64,57,49,41,49,51,73,61,56,57,68,64,49,45,50,56,78,163,145,125,106,137,101,78,83,83,133,2,0,1,0,0,0,1,0,0,2,2,0,1,0,0,0,1,0,0,2,22,14,20,15,9,12,12,10,7,19,33,18,28,19,10,17,18,10,10,24
43,164,MAPC,Lynnfield,83,92,124,101,92,71,72,53,82,99,0,0,0,1,2,0,0,4,0,1,168,229,328,338,299,205,201,133,253,292,0,0,1,4,2,1,1,0,2,0,0,0,0,0,0,0,0,0,0,0,0,0,0,0,0,0,0,0,0,0,0,0,1,3,1,0,0,0,2,0,0,0,1,3,1,0,0,0,2,0,1,0,2,5,2,1,1,2,1,3,0,0,0,0,0,0,0,2,0,0,0,0,0,0,0,0,0,2,0,0,0,0,2,3,1,1,1,0,1,3,0,0,2,3,1,1,1,6,1,3,9,14,19,27,14,14,17,8,14,15,0,0,0,0,0,0,0,0,0,0,0,0,0,0,0,0,0,0,0,0,4,1,3,5,2,2,3,1,3,2,5,2,4,6,2,3,3,1,6,2
44,165,MAPC,Malden,490,383,453,413,352,253,89,16,307,270,1,2,0,2,5,3,4,0,2,2,1275,1129,1332,1302,1120,912,244,47,875,816,9,7,20,21,17,14,1,0,11,10,0,0,0,0,0,0,0,0,0,0,0,0,0,0,0,0,0,0,0,0,5,5,15,16,11,2,1,0,6,7,5,5,15,17,11,2,1,0,6,7,45,22,57,43,38,37,13,1,57,32,0,1,0,2,0,1,2,0,0,2,0,1,0,2,0,1,2,0,0,2,28,12,37,28,28,19,7,0,34,17,29,12,42,30,29,21,10,0,35,23,48,39,37,47,49,40,10,4,34,26,0,0,0,0,0,0,0,0,1,0,0,0,0,0,0,0,0,0,1,0,10,3,3,13,9,5,5,2,4,7,10,9,4,16,12,9,5,2,6,8
45,166,MAPC,Manchester,23,21,17,16,23,17,13,15,13,7,4,0,0,0,0,0,0,0,0,0,42,47,55,48,64,48,43,46,42,45,0,0,0,0,0,1,3,0,0,0,0,0,0,0,0,0,0,0,0,0,0,0,0,0,0,0,0,0,0,0,0,0,0,0,0,1,2,0,0,0,0,0,0,0,0,1,2,0,0,0,0,1,1,1,0,0,0,0,2,0,0,0,0,0,0,0,0,0,0,0,0,0,0,0,0,0,0,0,0,0,0,1,0,0,0,0,0,0,2,0,0,1,0,0,0,0,0,0,2,0,1,3,3,2,2,3,5,5,2,7,0,0,0,0,0,0,0,0,0,0,0,0,0,0,0,0,0,0,0,0,0,2,0,1,0,1,0,1,0,0,0,2,0,1,0,1,0,1,0,0
46,168,MAPC,Marblehead,35,40,40,27,20,30,20,33,26,25,0,0,0,0,0,1,1,0,1,0,157,142,213,228,187,207,217,222,188,234,6,1,3,3,4,4,6,9,6,2,0,0,0,0,0,0,0,0,0,0,0,0,0,0,0,0,0,0,0,0,4,0,3,2,2,2,3,8,3,1,4,0,3,2,2,2,3,8,4,1,2,2,2,2,7,7,7,5,2,6,0,0,0,0,0,1,0,0,0,0,0,0,0,0,0,1,0,0,0,0,2,0,2,1,1,2,2,3,1,3,2,0,2,1,1,2,2,3,1,3,23,6,19,12,13,20,21,28,15,23,0,0,0,0,0,0,0,0,0,0,0,0,0,0,0,0,0,0,0,0,0,1,1,0,0,1,0,4,0,0,0,1,1,0,0,1,0,5,0,0
47,170,MAPC,Marlborough,302,379,350,319,313,201,228,246,243,221,2,1,1,3,4,1,0,3,2,0,1103,1272,1129,1161,1054,849,1107,1219,1137,1184,4,5,9,5,10,6,4,4,5,8,0,0,0,0,0,0,0,0,0,0,0,0,0,0,0,0,0,0,0,0,4,3,3,0,9,6,2,1,2,7,4,3,3,0,9,6,2,2,2,8,6,11,14,11,7,8,12,13,11,16,1,1,0,1,1,0,0,1,0,0,1,1,0,1,1,0,0,1,0,0,3,2,4,4,4,6,7,10,8,14,3,3,4,4,4,6,7,13,8,15,51,70,58,60,62,65,68,98,70,77,0,0,0,1,0,0,0,0,0,0,0,0,0,1,0,0,0,0,0,0,14,8,13,9,7,7,4,14,11,6,15,12,17,11,15,9,4,17,12,6
48,171,MAPC,Marshfield,147,153,149,117,115,96,80,125,108,116,3,4,1,2,3,1,2,2,1,0,442,462,440,395,407,376,352,397,394,411,5,1,6,1,6,1,2,5,3,6,0,0,0,0,0,1,0,0,0,0,0,0,0,0,0,1,0,0,0,0,5,1,3,1,3,0,1,4,2,3,6,1,4,1,3,0,1,4,2,3,4,1,7,2,2,2,2,5,5,3,1,1,1,0,2,0,0,0,0,0,1,1,1,0,2,0,0,0,0,0,1,0,1,2,0,2,2,4,4,1,1,0,1,2,0,2,2,4,4,1,24,22,15,11,16,20,21,27,24,33,0,0,0,0,0,0,1,1,0,0,0,0,0,0,0,0,1,1,0,0,5,4,5,2,2,2,1,5,0,7,7,7,6,3,2,2,1,7,0,8
49,174,MAPC,Maynard,27,30,23,20,20,17,16,10,13,12,0,0,0,0,0,0,0,0,0,0,128,160,106,118,106,112,112,77,67,119,1,3,0,0,1,2,1,0,2,1,0,0,0,0,0,0,0,0,0,0,0,0,0,0,0,0,0,0,0,0,0,0,0,0,0,0,0,0,1,0,0,0,0,0,0,0,0,0,1,0,2,0,0,1,1,0,2,1,1,2,0,0,0,0,0,0,0,0,0,0,0,0,0,0,0,0,0,0,0,0,0,0,0,0,0,0,1,0,0,0,0,0,0,0,0,0,1,0,0,0,8,10,5,4,5,7,6,8,8,9,0,0,0,0,0,0,0,0,0,0,0,0,0,0,0,0,0,0,0,0,0,0,2,0,0,0,0,0,0,0,0,0,2,0,0,0,0,0,0,0
50,175,MAPC,Medfield,56,51,56,47,35,41,46,40,29,37,1,0,1,0,0,2,0,0,0,0,166,176,206,189,171,167,172,167,171,156,3,2,3,3,1,2,2,1,1,2,0,0,1,0,0,0,0,0,0,0,0,0,1,0,0,0,0,0,0,0,1,1,2,3,1,2,1,1,0,2,1,1,3,3,1,2,1,1,0,2,1,0,0,2,0,1,0,0,3,0,0,0,0,0,0,0,0,0,0,0,0,0,0,0,0,0,0,0,0,0,1,0,0,0,0,1,0,0,2,0,1,0,0,0,0,2,0,0,2,0,10,11,11,7,13,9,14,8,12,12,0,0,0,0,0,0,0,0,0,0,0,0,0,0,0,0,0,0,0,0,0,0,2,0,1,3,1,2,0,4,0,0,2,0,1,3,2,3,0,6
51,176,MAPC,Medford,379,476,504,473,490,348,224,153,279,309,1,4,1,2,1,3,1,0,2,2,1350,1619,1758,1662,1480,1134,715,378,932,1051,14,11,11,25,21,14,4,1,6,19,0,0,0,0,0,0,0,0,0,0,0,0,0,0,0,0,0,0,0,0,9,7,5,12,13,9,3,0,4,11,9,8,6,14,13,11,3,0,4,12,19,24,27,32,22,20,20,6,30,22,1,1,1,2,0,1,0,0,1,1,1,1,1,2,0,1,0,0,1,1,9,15,14,17,15,13,11,6,19,14,9,17,14,19,15,15,11,8,20,15,74,93,82,96,111,98,40,33,78,77,0,0,0,0,0,0,1,0,1,0,0,0,0,0,0,0,1,0,1,0,13,16,13,11,23,19,5,7,7,5,17,24,14,13,30,27,6,7,8,5
52,177,MAPC,Medway,73,74,59,45,55,51,67,13,80,66,2,1,1,0,0,1,1,0,1,0,218,207,181,183,164,165,180,27,162,172,0,2,1,1,2,1,2,0,2,0,0,0,1,0,0,0,0,0,0,0,0,0,1,0,0,0,0,0,0,0,0,0,0,0,2,0,2,0,2,0,0,0,0,0,2,0,2,0,2,0,4,1,1,0,2,0,0,0,1,3,1,0,0,0,0,0,0,0,0,0,1,0,0,0,0,0,0,0,0,0,0,0,0,0,0,0,0,0,1,0,0,0,0,0,0,0,0,0,1,0,14,15,11,9,6,4,6,3,5,7,1,0,0,0,0,0,0,0,0,0,1,0,0,0,0,0,0,0,0,0,6,4,1,0,1,0,0,1,2,0,6,5,1,0,1,0,0,3,3,0
53,178,MAPC,Melrose,117,133,105,99,103,111,109,111,84,102,0,1,0,2,1,0,0,0,0,2,288,372,330,359,367,284,307,294,298,307,2,4,2,1,3,5,3,8,5,3,0,0,0,0,0,0,0,0,0,0,0,0,0,0,0,0,0,0,0,0,1,2,2,1,1,5,2,5,4,3,1,2,2,1,1,5,2,5,4,3,9,5,3,1,10,12,10,7,9,8,0,0,0,0,0,0,0,0,0,1,0,0,0,0,0,0,0,0,0,1,6,5,2,0,8,8,8,4,8,5,6,5,2,0,9,10,10,4,9,6,25,31,24,20,21,20,28,21,16,19,0,0,0,0,0,0,0,0,0,0,0,0,0,0,0,0,0,0,0,0,2,7,4,1,0,2,1,4,0,2,2,8,4,1,0,4,1,5,0,5
54,184,MAPC,Middleton,86,55,75,55,57,34,45,51,55,75,0,0,0,0,0,1,0,0,0,0,223,199,191,187,144,154,172,169,202,211,1,3,0,0,1,0,0,0,1,1,0,0,0,0,0,0,0,0,0,0,0,0,0,0,0,0,0,0,0,0,1,0,0,0,0,0,0,0,1,0,1,0,0,0,0,0,0,0,1,0,0,1,1,1,1,1,1,0,0,2,0,0,0,0,0,0,0,0,0,0,0,0,0,0,0,0,0,0,0,0,0,0,0,1,0,0,0,0,0,2,0,0,0,1,0,0,0,0,0,2,11,15,8,14,7,7,9,8,10,5,0,0,0,0,0,0,0,0,0,0,0,0,0,0,0,0,0,0,0,0,3,2,3,1,0,2,4,0,1,1,3,4,9,4,0,2,5,0,1,2
55,185,MAPC,Milford,129,145,121,139,111,216,240,252,227,237,1,1,1,2,1,0,1,4,0,0,391,459,471,433,334,939,956,1077,1002,972,1,1,2,0,3,5,4,9,11,7,0,0,0,0,0,0,0,0,0,0,0,0,0,0,0,0,0,0,0,0,1,0,0,0,1,2,4,9,6,3,1,0,0,0,1,2,4,9,6,3,1,3,5,3,0,12,6,6,10,14,0,0,1,0,0,0,0,1,0,0,0,0,1,0,0,0,0,1,0,0,1,0,2,0,0,6,2,4,8,12,1,0,2,0,0,6,2,5,8,12,19,17,26,20,8,44,53,54,48,46,0,0,0,1,0,0,0,0,0,0,0,0,0,1,1,0,0,0,0,0,5,4,3,4,1,5,11,9,6,3,8,7,3,5,1,5,11,11,8,6
56,187,MAPC,Millis,34,45,31,24,56,34,27,16,24,18,0,1,0,1,0,1,1,2,0,0,93,112,81,82,106,75,60,48,48,41,2,0,0,0,1,1,0,2,0,1,0,0,0,0,0,0,0,1,0,0,0,0,0,0,0,0,0,1,0,0,1,0,0,0,1,0,0,0,0,0,1,0,0,0,2,0,0,0,0,0,0,1,1,0,0,1,0,1,1,0,0,0,0,0,0,1,0,0,0,0,0,0,0,0,0,1,0,0,0,0,0,0,1,0,0,0,0,0,1,0,0,0,1,0,0,0,0,0,1,0,6,9,5,4,1,2,0,2,0,2,0,0,0,0,0,0,0,0,0,0,0,0,0,0,0,0,0,0,0,0,0,1,0,1,0,1,0,1,0,0,0,2,0,1,0,1,0,2,0,0
57,189,MAPC,Milton,346,353,319,339,302,276,286,254,291,267,4,4,4,2,0,0,0,0,4,3,634,813,802,781,789,572,606,512,557,592,1,0,1,3,7,3,5,5,5,4,0,0,0,0,0,0,0,0,0,0,0,0,0,0,0,0,0,0,0,0,0,0,1,0,2,2,1,1,1,4,0,0,2,0,2,2,1,1,1,4,5,10,1,6,7,7,8,6,8,7,0,0,0,0,0,0,0,0,1,1,0,0,0,0,0,0,0,0,1,1,2,5,0,3,5,4,5,4,5,4,2,8,0,5,5,4,6,4,7,4,40,48,39,46,56,33,50,28,39,35,0,2,0,0,0,0,0,0,0,0,0,2,0,0,0,0,0,0,0,0,12,17,12,16,17,8,13,6,12,9,15,19,15,31,21,8,16,8,17,13
58,196,MAPC,Nahant,2,2,4,5,2,5,4,7,3,3,0,0,0,0,0,0,0,0,0,0,8,21,21,13,13,10,17,16,7,19,0,0,0,0,0,0,1,0,0,0,0,0,0,0,0,0,0,0,0,0,0,0,0,0,0,0,0,0,0,0,0,0,0,0,0,0,1,0,0,0,0,0,0,0,0,0,1,0,0,0,0,0,0,0,0,1,0,0,0,0,0,0,0,0,0,0,0,0,0,0,0,0,0,0,0,0,0,0,0,0,0,0,0,0,0,1,0,0,0,0,0,0,0,0,0,1,0,0,0,0,0,2,0,1,1,0,0,0,0,0,0,0,0,0,0,0,0,0,0,0,0,0,0,0,0,0,0,0,0,0,0,0,0,1,0,0,0,0,0,0,0,0,0,1,0,0,0,0,0,0
59,198,MAPC,Natick,244,249,258,212,240,155,212,145,145,182,0,5,1,0,0,0,2,3,0,0,909,1179,1136,1123,1059,777,936,901,773,918,7,3,12,10,13,9,11,7,11,15,0,0,0,0,0,0,1,0,0,0,0,0,0,0,0,0,1,0,0,0,4,2,8,10,9,7,9,6,10,10,4,2,8,10,9,7,9,6,11,10,5,3,7,6,13,7,7,6,11,6,0,0,1,0,0,0,0,0,0,0,0,0,1,0,0,0,0,0,0,0,3,3,4,3,10,5,6,5,11,4,4,3,4,3,12,6,6,5,12,5,49,64,60,51,56,40,34,33,30,48,0,0,0,0,0,0,1,1,0,0,0,0,0,0,0,0,1,1,0,0,5,6,7,3,3,4,4,1,2,7,5,6,8,7,6,5,6,1,2,7
60,199,MAPC,Needham,177,162,206,158,135,152,122,108,156,176,0,0,2,1,0,1,1,0,0,0,572,633,640,639,569,492,429,494,450,517,3,6,10,6,9,7,7,6,8,1,0,0,0,0,0,0,0,0,0,0,0,0,0,0,0,0,0,0,0,0,1,2,6,2,6,5,6,5,4,1,1,2,6,2,6,5,6,5,4,1,5,5,2,9,6,8,6,4,8,3,0,0,0,1,0,0,0,0,0,0,0,0,0,1,0,0,0,0,0,0,2,3,0,6,4,6,5,2,4,3,3,3,0,6,4,6,5,2,4,3,36,60,45,36,38,36,38,34,39,47,0,0,0,0,0,0,0,0,0,0,0,0,0,0,0,0,0,0,0,0,9,13,7,7,10,7,3,7,6,6,9,15,12,7,11,7,3,7,11,6
61,207,MAPC,Newton,543,712,698,638,593,500,501,508,545,542,2,1,3,3,2,0,4,1,3,2,1754,2470,2326,2273,2049,1591,1433,1479,1493,1485,19,22,20,39,31,30,32,37,45,30,0,0,0,0,0,0,1,0,0,0,0,0,0,0,0,0,1,0,0,0,13,16,16,34,21,20,22,28,37,22,14,17,16,36,23,20,23,29,37,22,40,38,35,46,46,43,47,45,57,53,0,0,2,0,1,0,0,0,2,2,0,0,2,0,1,0,0,0,2,2,35,24,23,36,35,28,35,35,48,39,42,25,25,37,42,30,35,36,51,43,104,140,143,123,155,132,98,137,98,104,0,0,0,0,0,0,0,0,0,0,0,0,0,0,0,0,0,0,0,0,21,21,26,15,12,14,21,14,13,14,25,24,34,18,14,17,23,30,17,19
62,208,MAPC,Norfolk,52,34,28,19,18,28,24,23,27,23,0,0,1,1,0,0,0,0,0,1,133,122,114,109,105,102,102,79,81,97,0,0,2,1,0,1,0,1,0,1,0,0,0,0,0,0,0,0,0,0,0,0,0,0,0,0,0,0,0,0,0,0,0,0,0,1,0,0,0,0,0,0,0,0,0,1,0,0,0,0,0,0,2,0,1,0,0,1,0,1,0,0,1,0,0,0,0,0,0,0,0,0,1,0,0,0,0,0,0,0,0,0,0,0,0,0,0,1,0,1,0,0,0,0,0,0,0,1,0,2,11,4,6,7,12,5,8,4,3,9,0,0,0,0,0,0,0,0,0,0,0,0,0,0,0,0,0,0,0,0,1,0,1,0,0,1,0,0,0,4,1,0,1,0,0,3,0,0,0,4
63,213,MAPC,North Reading,65,67,98,112,78,60,67,71,35,35,0,0,1,1,0,1,0,1,0,0,172,209,253,234,195,141,154,147,129,135,1,2,4,4,3,2,2,1,1,0,0,0,0,0,0,0,0,0,0,0,0,0,0,0,0,0,0,0,0,0,1,1,3,2,3,2,2,0,0,0,1,1,3,2,3,2,3,0,0,0,0,2,1,1,2,5,1,0,0,0,0,0,0,0,0,1,0,0,0,0,0,0,0,0,0,1,0,0,0,0,0,2,0,1,1,2,1,0,0,0,0,2,0,1,1,2,1,0,0,0,15,19,11,13,11,8,9,9,8,9,0,0,0,0,0,0,0,0,0,0,0,0,0,0,0,0,0,0,0,0,4,2,1,3,3,1,1,3,2,1,4,3,1,3,5,1,1,4,2,1
64,219,MAPC,Norwell,136,121,112,96,100,66,79,78,63,135,0,3,0,0,1,2,2,1,0,3,282,336,315,286,237,192,198,230,152,279,2,2,1,0,1,1,0,0,0,1,0,0,0,0,0,0,0,0,0,0,0,0,0,0,0,0,0,0,0,0,0,0,1,0,0,1,0,0,0,1,0,0,1,0,0,1,0,0,0,1,1,1,2,2,2,1,2,1,1,1,0,0,0,0,0,1,1,0,0,0,0,0,0,0,0,1,1,0,0,0,1,0,1,1,2,0,0,1,0,1,2,0,1,1,3,0,1,1,0,1,12,12,19,12,6,5,6,16,7,13,0,0,0,0,0,0,0,0,0,0,0,0,0,0,0,0,0,0,0,0,4,1,2,3,2,2,1,3,0,3,6,1,2,3,6,2,3,4,0,4
65,220,MAPC,Norwood,270,278,232,264,174,163,175,140,207,207,3,0,0,2,0,0,3,3,0,3,623,771,729,729,630,467,436,457,498,483,6,7,10,4,3,3,4,5,5,3,0,0,0,0,0,0,0,0,0,0,0,0,0,0,0,0,0,0,0,0,5,5,6,3,3,2,1,4,4,3,5,5,7,3,3,2,1,4,5,4,11,7,9,16,9,9,13,11,11,12,2,0,0,0,0,0,1,2,0,0,2,0,0,0,0,0,1,2,0,0,8,6,7,10,4,7,10,4,8,7,10,6,7,12,4,7,10,4,9,7,45,42,51,41,29,30,21,31,23,43,0,0,0,1,0,0,0,1,0,0,0,0,0,1,0,0,0,1,0,0,11,9,9,9,9,4,2,3,3,13,14,11,9,12,14,4,2,3,5,19
66,229,MAPC,Peabody,452,525,438,425,352,266,217,367,384,322,4,3,3,1,3,1,1,3,3,4,1067,1318,1177,1147,1003,744,559,1004,1161,1163,13,5,2,5,4,3,4,8,10,4,0,0,0,0,0,0,0,0,0,0,0,0,0,0,0,0,0,0,0,0,8,3,1,2,4,2,3,8,6,3,8,3,1,2,4,4,3,8,6,3,7,17,14,14,7,5,6,12,23,17,1,1,0,0,1,0,0,1,0,2,1,1,0,0,1,0,0,1,0,2,6,12,9,8,5,5,6,7,18,12,7,12,9,9,5,5,6,7,20,13,59,66,66,50,51,38,35,64,58,74,1,0,0,0,0,0,0,0,0,1,1,0,0,0,0,0,0,0,0,1,14,14,13,12,13,4,8,9,9,4,21,19,17,14,22,5,9,9,9,8
67,231,MAPC/OCPC,Pembroke,181,156,157,154,117,104,96,129,118,137,1,0,0,2,0,1,2,1,0,0,439,417,370,407,339,311,319,291,310,320,4,2,2,1,2,2,5,1,0,1,0,0,0,0,0,0,0,0,0,0,0,0,0,0,0,0,0,0,0,0,3,1,2,1,2,2,3,1,0,1,3,1,2,1,4,2,3,1,0,1,3,2,4,3,3,4,2,2,1,6,0,0,0,0,0,0,0,0,0,0,0,0,0,0,0,0,0,0,0,0,3,2,2,3,3,3,1,2,1,5,3,2,2,3,3,3,1,2,1,5,15,19,8,17,20,16,15,21,11,10,0,0,0,0,0,0,0,0,0,0,0,0,0,0,0,0,0,0,0,0,0,6,4,2,3,2,6,9,3,3,0,7,4,2,3,4,9,21,3,3
68,243,MAPC,Quincy,721,896,780,703,710,630,617,551,617,557,6,4,8,1,5,4,2,4,7,1,2237,2706,2599,2506,2260,1872,1782,1750,1871,1995,21,17,11,15,12,21,15,21,27,17,0,0,0,0,0,0,0,1,0,0,0,0,0,0,0,0,0,1,0,0,11,11,5,8,7,12,13,11,16,14,12,11,5,8,7,12,13,11,16,14,57,59,63,56,66,55,49,65,85,70,0,1,4,1,1,1,1,0,5,0,0,1,4,1,1,1,1,0,5,0,38,36,40,38,41,31,39,48,56,48,39,38,42,40,45,33,41,49,61,54,99,111,135,90,115,110,95,77,92,109,1,0,0,0,1,1,0,1,1,0,2,0,0,0,0,1,0,1,2,0,17,21,15,10,18,27,9,18,14,12,31,30,17,12,20,38,10,25,18,13
69,244,MAPC,Randolph,248,291,330,325,268,290,227,271,147,82,0,3,4,2,2,1,2,1,4,1,666,786,784,838,823,714,637,617,325,199,8,1,2,4,3,5,3,4,0,0,0,0,0,1,0,0,0,0,0,0,0,0,0,1,0,0,0,0,0,0,7,1,2,0,0,1,1,2,0,0,8,1,2,0,0,1,1,7,0,0,13,9,14,9,12,12,15,14,7,1,0,0,2,0,1,0,1,1,1,1,0,0,2,0,1,0,1,1,1,1,11,4,10,4,8,6,8,7,4,0,11,5,10,4,9,6,9,7,7,0,38,42,46,26,40,43,29,25,22,13,0,0,0,1,1,1,0,0,0,0,0,0,0,1,0,1,0,0,0,0,9,7,8,8,12,11,4,9,6,4,13,10,11,10,15,14,3,17,8,6
70,246,MAPC,Reading,139,181,130,135,116,60,106,75,99,83,1,0,0,0,2,3,1,1,0,1,466,581,529,550,510,275,467,427,487,401,5,4,1,3,1,1,0,1,4,2,0,0,0,0,0,0,0,0,0,0,0,0,0,0,0,0,0,0,0,0,1,3,1,1,0,1,0,1,3,2,1,3,1,1,0,1,0,1,3,2,9,3,5,4,1,2,10,4,9,1,1,0,0,0,0,0,0,0,0,0,1,0,0,0,0,0,0,0,0,0,4,1,4,4,1,0,5,2,6,1,6,1,4,4,1,0,6,2,6,1,32,29,32,29,31,14,22,33,26,21,0,0,0,0,0,0,0,0,0,0,0,0,0,0,0,0,0,0,0,0,6,4,3,3,6,2,2,2,3,1,8,4,3,4,6,2,4,2,2,1
71,248,MAPC,Revere,468,471,593,449,446,420,347,345,298,313,3,5,4,6,2,4,5,3,0,3,808,1098,1230,935,863,777,667,607,559,659,4,7,2,6,2,10,7,7,6,14,0,0,0,0,0,0,0,0,0,0,0,0,0,0,0,0,0,0,0,0,2,2,1,4,0,8,3,4,5,9,3,2,1,4,0,8,3,4,5,10,20,12,11,18,27,30,22,29,24,25,1,1,2,0,0,2,2,2,0,1,1,1,2,0,0,2,2,2,0,1,10,7,6,14,20,21,11,20,19,19,12,8,6,18,21,21,12,20,20,20,34,37,73,48,45,54,37,36,38,48,0,0,0,0,0,0,0,0,0,0,0,0,0,0,0,0,0,0,0,0,11,10,18,13,10,17,11,11,8,11,16,14,20,14,13,20,11,15,15,15
72,251,MAPC,Rockland,155,169,177,174,140,134,127,124,116,51,3,1,1,0,0,3,1,0,1,2,317,372,385,368,340,246,236,239,198,126,3,2,5,4,3,1,3,2,0,0,0,0,0,0,0,0,0,0,0,0,0,0,0,0,0,0,0,0,0,0,3,2,4,3,3,0,3,2,0,0,3,2,4,3,3,0,3,3,0,0,7,2,5,3,7,5,5,6,0,3,1,0,0,0,0,0,0,0,0,1,1,0,0,0,0,0,0,0,0,1,6,2,4,2,5,5,5,6,0,1,6,3,4,2,5,5,9,6,0,1,22,18,19,16,11,15,7,14,10,8,1,0,0,0,0,0,1,0,0,0,1,0,0,0,0,0,1,0,0,0,5,5,7,6,1,7,2,3,5,3,5,6,7,7,1,8,7,4,6,3
73,252,MAPC,Rockport,11,13,26,10,25,25,20,11,12,2,0,0,0,0,0,0,0,0,0,0,56,55,76,41,53,55,35,22,16,13,0,0,2,0,0,1,0,0,0,0,0,0,0,0,0,0,0,0,0,0,0,0,0,0,0,0,0,0,0,0,0,0,0,0,0,1,0,0,0,0,0,0,0,0,0,1,0,0,0,0,0,1,0,1,2,3,3,1,0,0,0,0,0,0,0,0,0,0,0,0,0,0,0,0,0,0,0,0,0,0,0,1,0,1,1,3,3,1,0,0,0,1,0,1,1,3,3,1,0,0,3,3,7,3,3,5,2,2,1,1,0,0,0,0,0,0,0,0,0,0,0,0,0,0,0,0,0,0,0,0,0,1,0,0,0,0,0,0,1,1,0,1,0,0,0,0,0,0,1,1
74,258,MAPC,Salem,473,464,439,347,306,356,366,296,311,270,3,1,2,2,2,3,1,3,4,2,1071,1251,1238,1133,1062,964,980,858,838,894,20,25,20,21,22,12,17,14,24,18,0,0,0,0,0,0,0,0,1,0,0,0,0,0,0,0,0,0,1,0,13,14,9,12,15,6,10,10,18,12,16,15,9,12,17,6,11,10,19,12,38,23,28,34,29,22,39,38,45,18,0,0,2,0,1,1,0,1,2,2,0,0,2,0,1,1,0,1,2,2,26,10,21,26,10,13,27,22,33,9,27,11,23,27,10,13,28,23,35,11,55,50,61,57,48,45,48,33,38,47,0,0,0,0,0,0,0,0,1,0,0,0,0,0,0,0,0,0,1,0,9,3,15,7,5,10,11,10,5,4,16,4,18,10,8,15,16,14,6,6
75,262,MAPC,Saugus,423,482,388,331,348,335,263,212,186,248,3,2,3,2,1,5,2,3,1,1,756,1023,1022,774,805,630,548,398,478,553,3,4,3,1,2,1,3,2,2,3,0,0,0,0,1,0,0,0,0,0,0,0,0,0,1,0,0,0,0,0,3,4,3,1,0,0,2,1,2,3,4,4,3,1,0,0,2,1,2,3,7,9,14,5,8,10,10,7,10,17,1,2,0,1,0,1,1,1,0,1,1,2,0,2,0,1,1,1,0,1,5,5,11,3,7,8,7,6,9,15,5,6,11,3,8,9,10,7,9,17,47,37,41,38,39,26,27,15,29,33,0,0,0,0,0,0,0,1,0,0,0,0,0,0,0,0,0,1,0,0,17,11,10,9,7,5,3,6,6,4,26,14,15,9,8,8,4,6,9,4
76,264,MAPC,Scituate,53,39,45,40,27,26,17,19,36,47,1,0,1,2,0,0,2,0,1,0,104,121,120,107,105,67,66,47,146,169,0,1,1,0,0,2,1,1,1,0,0,0,0,0,0,0,0,0,0,0,0,0,0,0,0,0,0,0,0,0,0,0,1,0,0,1,0,0,1,0,0,0,1,0,0,1,0,0,1,0,1,2,0,1,1,0,1,1,3,3,0,0,0,1,0,0,1,0,0,0,0,0,0,1,0,0,1,0,0,0,0,2,0,0,1,0,0,0,1,1,0,5,0,0,2,0,0,0,1,1,5,3,5,6,4,5,4,4,13,7,0,0,1,0,0,0,0,0,0,0,0,0,1,0,0,0,0,0,0,0,2,0,2,1,0,3,1,1,3,0,2,0,2,1,0,4,1,2,3,0
77,266,MAPC,Sharon,129,148,109,98,97,92,90,88,112,126,1,1,5,1,1,1,2,1,1,0,346,420,343,378,296,299,273,274,297,342,0,5,3,5,3,3,1,1,2,7,0,0,0,0,0,0,0,0,0,0,0,0,0,0,0,0,0,0,0,0,0,2,3,3,2,1,1,1,2,5,0,2,3,4,2,1,1,1,2,5,1,1,2,3,5,1,2,3,2,2,0,0,0,0,0,0,1,0,1,0,0,0,0,0,0,0,1,0,1,0,1,1,2,2,3,1,0,1,0,1,2,1,2,2,4,1,0,1,1,1,12,29,13,13,16,13,14,16,12,20,0,0,0,0,0,0,0,0,0,0,0,0,0,0,0,0,0,0,0,0,5,4,3,2,3,0,4,6,4,3,6,4,4,3,4,0,4,6,4,4
78,269,MAPC,Sherborn,57,64,46,51,52,47,50,37,63,51,0,0,0,0,0,0,0,0,0,0,158,151,144,122,139,129,124,148,150,145,0,1,1,1,1,0,1,2,1,2,0,0,0,0,0,0,0,0,0,0,0,0,0,0,0,0,0,0,0,0,0,1,0,1,1,0,1,1,1,1,0,1,0,1,1,0,1,1,1,1,0,0,1,1,0,0,0,0,2,0,0,0,0,0,0,0,0,0,0,0,0,0,0,0,0,0,0,0,0,0,0,0,1,1,0,0,0,0,1,0,0,0,1,1,0,0,0,0,1,0,4,8,5,4,5,5,5,7,10,9,0,0,0,0,0,0,0,0,0,0,0,0,0,0,0,0,0,0,0,0,1,1,2,1,1,1,0,1,2,0,2,2,2,1,1,2,0,1,2,0
79,274,MAPC,Somerville,457,535,520,529,491,373,355,327,334,343,2,2,1,3,1,3,1,4,0,1,1013,1363,1545,1396,1289,959,855,746,769,810,37,38,39,47,61,60,56,40,48,70,1,1,0,0,0,0,0,0,0,0,1,1,0,0,0,0,0,0,0,0,31,30,26,34,44,37,44,34,32,48,31,30,26,34,45,40,44,36,32,48,45,49,40,52,50,51,51,54,59,51,1,1,1,0,0,1,0,0,0,0,1,1,1,0,0,1,0,0,0,0,31,31,30,38,39,36,40,43,47,37,33,33,31,42,39,41,43,45,52,44,56,76,81,88,86,77,68,58,67,71,1,0,0,0,0,0,0,1,0,0,1,0,0,0,0,0,0,1,0,0,7,11,16,17,11,7,9,11,4,12,8,17,17,20,11,10,11,12,4,17
80,277,MAPC,Southborough,74,108,91,99,79,68,34,57,43,56,1,2,0,2,1,2,0,1,0,1,240,289,252,278,279,266,131,274,204,179,1,0,0,1,1,0,0,1,0,2,0,0,0,0,0,0,0,0,0,0,0,0,0,0,0,0,0,0,0,0,0,0,0,1,1,0,0,1,0,2,0,0,0,1,1,0,0,1,0,2,2,1,0,1,2,1,0,1,0,1,0,0,0,0,0,1,0,0,0,1,0,0,0,0,0,1,0,0,0,1,1,1,0,0,0,0,0,1,0,0,1,1,0,0,0,0,0,1,0,1,12,24,17,19,19,27,12,28,19,15,1,0,0,0,0,0,0,1,0,0,1,0,0,0,0,0,0,1,0,0,0,8,2,5,3,5,1,3,3,5,1,11,5,5,3,5,1,4,3,5
81,284,MAPC,Stoneham,185,224,194,199,183,129,135,145,117,141,1,2,0,2,3,0,0,0,2,0,503,609,594,556,518,361,335,334,301,338,0,4,4,4,1,2,5,1,1,3,0,0,0,0,0,0,0,0,0,0,0,0,0,0,0,0,0,0,0,0,0,4,1,4,0,1,2,1,0,3,0,4,1,4,0,1,2,1,0,3,8,7,4,5,11,5,4,5,4,6,0,0,0,0,2,0,0,0,0,0,0,0,0,0,2,0,0,0,0,0,5,4,1,3,8,2,3,4,3,5,5,6,1,3,10,2,5,4,3,6,26,26,34,25,18,14,20,8,18,24,0,0,0,0,0,0,0,0,1,0,0,0,0,0,0,0,0,0,1,0,6,8,10,3,5,0,2,2,2,3,9,17,12,5,7,0,2,3,4,3
82,285,MAPC/OCPC,Stoughton,318,285,338,287,248,295,220,264,220,225,1,5,1,3,1,3,5,1,3,2,795,891,867,830,730,712,600,700,694,625,6,10,10,5,6,8,5,15,5,5,0,0,0,0,0,0,0,0,0,0,0,0,0,0,0,0,0,0,0,0,4,6,7,1,4,5,3,11,4,2,4,6,7,1,4,5,3,12,4,2,10,4,15,8,17,7,9,6,12,8,1,0,0,0,0,1,2,0,1,1,1,0,0,0,0,1,2,0,1,1,6,2,14,5,12,6,4,5,10,6,9,2,15,6,12,6,5,8,11,7,62,61,73,46,45,49,38,44,35,43,1,1,0,0,0,0,0,0,0,0,1,1,0,0,1,0,0,0,0,0,13,10,12,10,3,8,6,5,5,7,17,13,21,13,3,14,9,7,7,11
83,286,MAPC,Stow,34,35,26,46,38,25,24,16,24,23,0,0,0,0,0,0,0,0,0,1,116,137,114,116,98,88,76,48,111,77,0,0,2,0,3,2,1,0,0,1,0,0,0,0,0,0,0,0,0,0,0,0,0,0,0,0,0,0,0,0,0,0,1,0,3,2,1,0,0,1,0,0,1,0,3,2,1,0,0,1,1,0,0,0,0,0,0,0,0,0,0,0,0,0,0,0,0,0,0,0,0,0,0,0,0,0,0,0,0,0,0,0,0,0,0,0,0,0,0,0,0,0,0,0,0,0,0,0,0,0,2,5,9,4,4,6,6,3,10,4,0,0,0,0,0,0,0,0,0,0,0,0,0,0,0,0,0,0,0,0,0,0,1,0,0,1,0,1,1,1,0,0,1,0,0,1,0,1,1,2
84,288,MAPC,Sudbury,120,118,101,90,109,88,113,97,96,79,0,0,1,0,0,3,1,2,1,1,367,403,333,322,357,264,292,272,267,241,0,2,4,6,0,2,1,5,5,4,0,0,0,0,0,0,0,0,0,0,0,0,0,0,0,0,0,0,0,0,0,1,3,4,0,1,1,4,3,3,0,1,3,4,0,1,1,4,3,3,2,4,2,0,3,4,3,2,3,4,0,0,0,0,0,0,0,0,0,0,0,0,0,0,0,0,0,0,0,0,1,4,2,0,0,4,2,1,2,4,1,4,2,0,0,5,2,1,2,4,16,13,15,18,25,15,9,10,13,10,0,0,0,0,0,0,0,1,0,0,0,0,0,0,0,0,0,1,0,0,4,2,0,4,6,3,2,2,1,2,4,2,0,4,7,7,3,4,1,2
85,291,MAPC,Swampscott,95,131,128,112,78,73,111,148,77,83,1,0,0,1,0,0,0,0,0,0,202,269,233,245,213,181,154,179,133,157,5,3,4,6,2,5,4,2,1,3,0,0,0,0,0,0,0,0,0,0,0,0,0,0,0,0,0,0,0,0,2,2,1,1,0,1,1,2,1,2,2,2,1,1,0,1,1,2,1,2,5,4,5,5,7,5,4,3,2,5,1,0,0,0,0,0,0,0,0,0,1,0,0,0,0,0,0,0,0,0,1,1,1,1,2,0,1,2,1,2,2,1,2,1,2,0,1,2,1,2,11,13,16,11,15,7,7,5,5,5,0,0,0,0,0,0,0,0,0,0,0,0,0,0,0,0,0,0,0,0,4,1,5,5,4,1,1,3,2,0,4,1,10,5,7,2,2,6,4,0
86,298,MAPC,Topsfield,71,74,37,51,42,50,47,41,40,21,1,1,0,0,1,0,0,0,0,0,145,156,121,112,111,98,97,74,72,65,1,1,2,2,2,4,0,1,2,0,0,0,0,0,0,0,0,0,0,0,0,0,0,0,0,0,0,0,0,0,1,0,1,1,2,3,0,0,2,0,1,0,1,1,2,3,0,0,3,0,0,3,1,0,0,0,0,1,1,0,0,0,0,0,0,0,0,0,0,0,0,0,0,0,0,0,0,0,0,0,0,2,1,0,0,0,0,1,0,0,0,2,1,0,0,0,0,1,0,0,9,12,2,6,6,9,5,4,6,4,0,1,0,0,0,0,0,0,0,0,0,1,0,0,0,0,0,0,0,0,3,2,0,1,0,3,1,1,1,0,3,4,0,2,0,2,2,2,1,0
87,305,MAPC,Wakefield,194,184,187,157,132,139,67,20,103,100,2,1,4,0,2,5,1,0,0,0,474,509,537,441,399,395,198,63,425,460,6,2,10,4,7,7,3,1,7,7,0,0,0,0,0,0,0,0,0,0,0,0,0,0,0,0,0,0,0,0,4,2,7,2,7,7,3,0,7,6,4,2,7,2,7,7,3,0,7,6,12,7,6,5,8,9,2,3,13,12,0,1,1,0,2,0,0,0,0,0,0,1,1,0,2,0,0,0,0,0,9,4,4,4,5,6,1,2,9,9,10,7,5,4,5,8,1,3,9,9,26,32,34,26,26,29,12,3,23,24,0,0,1,0,0,0,0,0,0,0,0,0,1,0,0,0,0,0,0,0,6,6,7,3,5,6,0,1,4,3,10,6,7,4,6,6,0,1,4,3
88,307,MAPC,Walpole,189,195,170,123,144,138,135,132,153,132,1,0,2,1,0,4,4,0,0,1,514,542,538,469,488,413,404,416,420,417,2,0,3,2,2,2,4,1,4,2,0,0,0,1,0,0,0,0,0,0,0,0,0,1,0,0,0,0,0,0,0,0,2,0,1,0,1,0,3,1,0,0,2,0,1,0,1,0,3,1,7,3,4,4,1,7,7,7,7,4,1,0,0,0,0,0,0,0,0,0,1,0,0,0,0,0,0,0,0,0,1,1,2,3,0,2,4,4,5,3,2,1,2,3,0,2,5,4,5,3,33,35,27,21,19,19,28,30,20,27,0,0,0,1,0,0,1,0,0,0,0,0,0,1,0,0,1,0,0,0,6,5,2,3,4,4,3,6,6,4,11,7,7,3,4,5,4,7,7,6
89,308,MAPC,Waltham,504,433,444,406,456,431,463,440,379,406,4,0,2,3,0,1,5,4,1,2,1491,1629,1660,1264,1574,1428,1414,1413,1295,1401,26,16,28,9,28,34,19,26,26,27,0,0,0,0,0,0,0,0,0,0,0,0,0,0,0,0,0,0,0,0,16,11,22,6,17,25,14,20,20,20,16,11,22,6,18,25,15,20,21,20,32,30,39,25,50,35,27,45,42,33,2,0,0,1,0,0,0,1,1,0,2,0,0,1,0,0,0,1,1,0,22,16,23,15,34,27,24,39,35,26,25,17,27,15,37,27,27,40,39,26,87,120,113,79,103,84,92,86,87,103,0,0,0,0,0,0,0,0,0,0,0,0,0,0,0,0,0,0,0,0,10,14,9,13,13,9,16,6,13,14,14,15,14,20,15,10,18,7,20,14
90,314,MAPC,Watertown,182,247,169,177,164,135,153,149,183,152,2,0,4,0,1,1,0,0,0,1,445,569,532,540,454,349,328,336,423,373,8,6,6,9,9,12,10,13,22,10,0,0,0,0,0,0,0,0,0,0,0,0,0,0,0,0,0,0,0,0,2,4,4,7,8,10,9,11,20,7,2,4,4,7,8,10,9,11,21,7,16,12,23,14,18,23,20,16,24,20,1,0,0,0,1,1,0,0,0,0,1,0,0,0,1,1,0,0,0,0,11,8,17,8,13,19,20,14,20,14,11,8,17,8,18,20,21,14,20,16,29,37,34,29,27,27,24,30,25,33,0,0,0,0,0,0,0,0,0,0,0,0,0,0,1,0,0,0,0,0,2,6,5,3,4,3,7,3,6,7,3,7,6,3,6,3,8,3,8,10
91,315,MAPC,Wayland,87,84,65,76,46,78,57,76,63,70,0,0,1,0,1,1,1,0,0,0,288,295,274,234,174,192,199,254,225,264,1,4,1,1,0,2,1,2,0,5,0,0,0,0,0,0,0,0,0,0,0,0,0,0,0,0,0,0,0,0,0,1,0,1,0,0,0,1,0,3,0,1,0,1,0,0,0,1,0,3,2,0,1,2,2,1,0,1,2,0,0,0,1,0,1,0,0,0,0,0,0,0,1,0,1,0,0,0,0,0,0,0,0,2,0,1,0,0,2,0,0,0,0,2,0,1,0,0,2,0,18,26,26,11,10,13,14,18,7,21,0,0,0,0,0,0,0,0,0,0,0,0,0,0,0,0,0,0,0,0,5,6,8,3,2,4,3,6,0,2,9,7,9,3,3,4,4,7,0,2
92,317,MAPC,Wellesley,244,230,197,188,149,149,152,159,138,169,0,0,0,3,1,0,2,0,2,1,947,1074,930,936,885,757,909,832,859,885,9,4,7,10,8,7,12,11,5,6,0,0,0,0,0,0,0,0,1,0,0,0,0,0,0,0,0,0,1,0,7,2,5,7,7,4,10,6,3,6,7,2,5,7,7,4,10,6,3,6,20,8,7,12,12,2,9,8,7,10,0,0,0,0,0,0,0,0,0,0,0,0,0,0,0,0,0,0,0,0,16,7,6,8,6,1,6,7,6,8,16,7,6,8,6,1,6,7,6,8,64,95,70,74,49,41,44,51,45,52,0,0,0,0,0,0,0,0,1,0,0,0,0,0,1,0,0,0,1,0,6,11,9,11,8,6,5,3,5,4,6,12,9,11,9,6,6,3,8,4
93,320,MAPC,Wenham,22,44,26,31,18,19,24,20,23,17,0,1,0,0,1,0,1,0,0,1,85,96,82,97,88,53,76,75,46,60,1,0,1,0,1,0,1,1,2,1,0,0,0,0,0,0,0,0,0,0,0,0,0,0,0,0,0,0,0,0,1,0,1,0,0,0,0,1,1,1,1,0,1,0,0,0,0,1,1,1,2,1,0,2,1,0,0,1,0,0,0,1,0,0,0,0,0,0,0,0,0,1,0,0,0,0,0,0,0,0,2,0,0,2,1,0,0,1,0,0,2,2,0,2,1,0,0,1,0,0,5,3,5,8,7,4,2,4,2,4,0,0,0,0,0,0,0,0,0,1,0,0,0,0,0,0,0,0,0,1,0,1,1,2,1,1,1,2,2,0,0,1,2,2,1,1,1,3,4,1
94,333,MAPC,Weston,200,191,220,153,181,147,153,145,164,160,2,4,1,4,2,0,0,0,3,1,563,637,559,552,608,532,440,484,558,636,3,2,2,3,3,4,2,6,8,2,0,1,0,0,0,0,0,0,0,0,0,1,0,0,0,0,0,0,0,0,2,1,2,1,3,1,2,4,8,2,2,1,2,1,3,1,2,4,8,2,1,1,0,3,4,2,2,1,4,4,1,0,0,0,1,0,0,0,0,0,1,0,0,0,1,0,0,0,0,0,0,0,0,2,1,2,2,1,4,2,0,0,0,3,2,4,2,1,5,3,71,65,42,52,58,56,46,54,62,65,1,0,0,0,0,0,0,0,0,0,1,0,0,0,1,0,0,0,0,0,10,11,7,10,7,8,10,3,8,4,15,14,14,10,10,8,13,3,10,4
95,335,MAPC,Westwood,193,184,164,128,158,121,119,115,91,126,1,0,0,1,1,1,0,0,0,1,427,511,513,465,531,411,445,414,451,517,1,2,1,1,2,1,4,2,3,2,0,0,0,0,0,0,0,0,0,0,0,0,0,0,0,0,0,0,0,0,0,2,0,1,2,1,3,2,3,2,0,2,0,1,2,1,3,2,3,2,0,3,3,8,2,1,0,4,3,2,0,0,0,1,1,0,0,0,0,0,0,0,0,1,1,0,0,0,0,0,0,2,2,2,1,1,0,4,3,2,0,2,2,3,1,1,0,5,3,2,32,38,26,18,41,31,34,43,28,41,0,0,0,0,0,0,0,0,0,0,0,0,0,0,1,0,0,0,0,0,5,13,3,7,2,10,5,7,4,0,13,17,5,9,2,12,5,10,4,0
96,336,MAPC,Weymouth,449,509,458,447,409,444,418,457,402,417,4,3,0,0,1,2,0,6,4,0,1515,1693,1637,1503,1405,1427,1432,1505,1353,1245,10,7,6,3,12,5,9,5,9,7,1,0,0,0,0,0,0,0,0,0,1,0,0,0,0,0,0,0,0,0,4,5,1,1,8,3,7,4,6,4,4,5,1,1,8,3,9,4,6,4,22,28,17,16,17,23,24,38,26,27,0,2,0,0,0,2,0,2,1,0,0,2,0,0,0,2,0,2,1,0,12,15,8,9,11,17,19,32,19,24,13,17,8,9,11,19,20,34,19,25,77,73,64,58,70,68,70,72,74,65,1,0,0,0,1,1,0,1,0,0,1,0,0,0,0,1,0,1,0,0,11,12,9,6,16,11,11,11,13,12,17,13,11,8,18,13,12,14,21,18
97,342,MAPC,Wilmington,325,242,218,280,230,237,214,218,178,200,3,1,3,0,1,1,1,3,0,1,628,654,625,642,668,561,528,576,518,590,2,0,3,6,2,8,7,3,3,4,0,0,0,0,0,0,0,0,0,0,0,0,0,0,0,0,0,0,0,0,1,0,3,2,2,7,4,3,1,2,1,0,3,2,3,7,4,3,1,2,1,7,2,6,5,4,5,6,7,3,0,0,0,0,0,0,0,2,0,0,0,0,0,0,0,0,0,2,0,0,1,5,0,5,4,4,4,3,6,3,1,5,0,5,6,5,4,3,6,3,59,36,45,43,52,39,31,57,27,53,0,1,0,0,0,0,0,2,0,0,0,1,0,0,0,0,0,2,0,0,14,7,9,9,3,10,8,9,3,9,16,10,10,14,3,14,9,15,4,10
98,344,MAPC,Winchester,104,83,84,71,67,39,14,61,62,43,0,1,2,0,0,0,1,0,0,0,315,386,335,367,367,191,38,297,255,231,8,4,3,4,0,4,0,2,8,3,0,0,0,0,0,0,0,0,0,0,0,0,0,0,0,0,0,0,0,0,3,3,2,1,0,2,0,1,7,2,4,3,2,1,0,2,0,1,7,2,4,6,2,3,5,1,1,10,7,12,0,0,0,0,0,0,0,0,0,0,0,0,0,0,0,0,0,0,0,0,3,2,0,1,2,0,1,2,3,3,3,2,0,1,3,0,1,2,3,3,16,29,15,25,18,14,4,27,16,19,0,0,0,0,0,0,0,0,0,0,0,0,0,0,0,0,0,0,0,0,0,1,2,1,0,0,0,1,1,2,0,1,2,1,0,0,0,1,1,2
99,346,MAPC,Winthrop,39,46,52,44,29,44,39,27,19,37,0,0,1,0,0,0,0,0,0,0,153,164,198,159,152,133,113,97,99,156,1,3,2,1,3,1,2,1,1,2,0,0,0,0,0,0,0,0,0,0,0,0,0,0,0,0,0,0,0,0,0,3,1,0,2,0,2,1,1,1,0,3,1,0,2,0,2,1,1,1,11,3,6,7,6,8,10,4,2,7,0,0,0,0,0,0,0,0,0,0,0,0,0,0,0,0,0,0,0,0,7,1,3,6,2,7,7,2,2,6,8,1,3,6,2,7,8,2,2,7,7,9,13,9,7,15,5,2,6,11,0,0,0,0,0,0,0,0,0,0,0,0,0,0,0,0,0,0,0,0,0,0,0,1,1,3,0,1,0,1,0,0,0,1,1,4,0,1,0,1
100,347,MAPC,Woburn,389,513,531,494,537,430,391,277,344,286,2,5,2,1,3,3,1,1,2,0,1102,1410,1527,1533,1490,1212,1116,982,1081,967,7,11,13,7,21,11,17,10,13,8,1,0,0,0,0,0,0,0,0,0,1,0,0,0,0,0,0,0,0,0,3,7,6,4,15,7,11,7,8,4,3,7,7,4,16,7,12,7,8,4,11,15,20,17,21,20,11,11,19,13,0,0,0,1,1,1,0,0,1,0,0,0,0,1,1,1,0,0,1,0,9,6,10,10,14,12,4,5,10,8,9,6,11,11,18,16,4,6,12,8,83,96,127,93,116,91,79,79,97,78,0,0,1,0,1,1,0,0,0,0,0,0,1,0,0,1,0,0,0,0,10,17,29,24,24,18,10,17,19,16,15,22,35,29,30,23,16,18,26,19
101,350,MAPC,Wrentham,147,149,128,132,144,138,122,107,126,132,1,0,6,1,3,2,1,2,0,1,306,377,377,330,294,266,315,320,340,377,1,3,0,0,0,0,0,0,2,2,0,0,0,0,0,0,0,0,0,0,0,0,0,0,0,0,0,0,0,0,0,0,0,0,0,0,0,0,2,2,0,0,0,0,0,0,0,0,2,2,0,3,7,0,1,0,0,0,2,0,0,0,2,0,0,0,0,0,0,0,0,0,2,0,0,0,0,0,0,0,0,1,1,0,0,0,0,0,2,0,0,1,1,0,0,0,0,0,2,0,26,19,26,14,14,17,20,24,11,17,0,0,1,0,0,0,0,0,0,0,0,0,1,0,0,0,0,0,0,0,12,6,4,4,4,6,4,7,1,3,14,8,4,4,7,6,5,8,2,3
999,999,MAPC,Total,22635,25423,24568,21982,20568,17941,17270,15948,16252,16356,157,131,145,147,134,135,117,125,135,105,59201,73069,71643,66774,62223,51209,48715,46686,48945,50262,631,604,696,708,779,834,874,771,924,871,6,2,4,5,3,1,5,3,5,2,6,2,4,5,3,1,5,3,6,2,385,362,424,426,485,525,563,502,622,576,402,377,440,442,503,550,577,518,638,586,1055,992,1035,1094,1170,1096,1249,1239,1374,1285,39,32,36,31,46,29,31,27,31,35,39,32,36,32,46,29,31,27,31,35,649,571,600,669,692,706,803,840,942,892,705,617,632,716,750,764,875,899,1011,976,3405,4141,3921,3614,3668,3110,2871,2970,2878,3288,19,7,9,10,10,10,10,16,14,10,20,7,10,10,12,11,10,17,15,10,631,733,691,635,573,552,502,532,446,485,880,961,885,814,738,730,645,700,592,622