TOWN_ID,TOWN,VMT_SOV_AM,VMT_SOV_MD,VMT_SOV_PM,VMT_SOV_NT,VMT_HOV_AM,VMT_HOV_MD,VMT_HOV_PM,VMT_HOV_NT,VMT_TRK_AM,VMT_TRK_MD,VMT_TRK_PM,VMT_TRK_NT,VMT_TOTAL,VHT_SOV_AM,VHT_SOV_MD,VHT_SOV_PM,VHT_SOV_NT,VHT_HOV_AM,VHT_HOV_MD,VHT_HOV_PM,VHT_HOV_NT,VHT_TRK_AM,VHT_TRK_MD,VHT_TRK_PM,VHT_TRK_NT,VHT_TOTAL,VOC_SOV_AM,VOC_SOV_MD,VOC_SOV_PM,VOC_SOV_NT,VOC_HOV_AM,VOC_HOV_MD,VOC_HOV_PM,VOC_HOV_NT,VOC_TRK_AM,VOC_TRK_MD,VOC_TRK_PM,VOC_TRK_NT,VOC_TOTAL,NOX_SOV_AM,NOX_SOV_MD,NOX_SOV_PM,NOX_SOV_NT,NOX_HOV_AM,NOX_HOV_MD,NOX_HOV_PM,NOX_HOV_NT,NOX_TRK_AM,NOX_TRK_MD,NOX_TRK_PM,NOX_TRK_NT,NOX_TOTAL,CO_SOV_AM,CO_SOV_MD,CO_SOV_PM,CO_SOV_NT,CO_HOV_AM,CO_HOV_MD,CO_HOV_PM,CO_HOV_NT,CO_TRK_AM,CO_TRK_MD,CO_TRK_PM,CO_TRK_NT,CO_TOTAL,CO2_SOV_AM,CO2_SOV_MD,CO2_SOV_PM,CO2_SOV_NT,CO2_HOV_AM,CO2_HOV_MD,CO2_HOV_PM,CO2_HOV_NT,CO2_TRK_AM,CO2_TRK_MD,CO2_TRK_PM,CO2_TRK_NT,CO2_TOTAL
2,ACTON,75670,92930,76940,82330,13200,26970,17780,24950,14760,32070,15900,14360,487860,2140,2560,2210,2140,380,740,510,650,420,864,439,360,13413,31970,38980,32510,34080,5580,11310,7510,10330,6240,13340,6640,5870,204360,80550,99390,81900,88790,14050,28840,18930,26910,15760,34480,17050,15750,522400,1040,1290,1060,1150,180,370,250,350,195,442,224,205,6756,42120,51730,42830,45830,7350,15010,9900,13890,8210,17850,8850,8000,271570
10,ARLINGTON,63940,90770,74190,89810,11930,25880,16400,25230,9970,21190,10380,9070,448760,2510,3670,3160,3380,480,1060,700,960,403,861,442,343,17969,30210,42890,36130,41310,5640,12410,7990,11770,4740,10100,5020,4200,212410,70590,100210,83350,97940,13170,28820,18430,27680,11050,23510,11610,9920,496280,900,1270,1050,1250,170,370,230,350,134,301,144,125,6294,35590,50530,41300,49990,6640,14410,9130,14040,5550,11800,5770,5050,249800
14,ASHLAND,38780,49210,43610,44530,6610,14600,10470,14440,8280,17260,8830,7150,263770,1260,1530,1440,1340,210,440,330,420,246,513,265,205,8199,17040,21410,19360,19170,2910,6290,4550,6160,3530,7370,3800,3030,114620,41550,52630,46820,47560,7080,15590,11200,15390,8830,18410,9430,7690,282180,530,680,600,610,90,200,140,200,123,236,122,102,3633,21590,27390,24280,24790,3680,8130,5830,8040,4620,9600,4920,3980,146850
23,BEDFORD,88190,105970,91850,98940,12390,26010,17050,25600,16540,38630,17960,17520,556650,2890,3160,2930,2590,410,770,540,670,542,1157,560,491,16710,38760,45200,40370,40960,5500,11090,7420,10600,7310,16620,7810,7390,239030,94500,112960,98420,106710,13300,27730,18230,27610,17740,41240,19210,18770,596420,1220,1460,1270,1390,170,360,240,360,225,532,244,245,7716,49090,58990,51130,55070,6900,14480,9490,14250,9200,21510,10000,9750,309860
25,BELLINGHAM,94650,117350,95740,108740,14010,36310,24390,36850,21610,47840,23390,21310,642190,2630,3140,2650,2790,410,1030,710,1000,614,1315,662,582,17533,39710,48880,40160,44750,5980,15340,18020,15350,9170,20030,9880,8880,276150,101230,126090,102390,117710,14930,38650,35510,39600,23150,51400,25020,22870,698550,1310,1640,1330,1530,190,500,420,510,297,668,326,296,9017,52690,65320,53290,60530,7800,20210,13580,20510,12030,26630,13020,11860,357470
26,BELMONT,76370,104460,82810,101620,13190,29400,17550,27390,11370,24730,12030,10590,511510,2420,3510,2870,3230,430,1040,630,910,391,869,440,352,17092,33220,46380,37220,44660,5800,13360,7980,12160,5080,11140,5500,4690,227190,81680,112140,89350,108890,14130,31880,19030,29400,12240,26710,13080,11380,549910,1050,1440,1150,1400,180,410,240,380,154,341,174,145,7064,42510,58150,46100,56570,7340,16370,9770,15250,6330,13760,6690,5890,284730
30,BEVERLY,88130,125620,107230,121120,14800,32760,22760,32380,19230,42790,20290,17680,644790,2500,3680,3260,3300,430,980,700,910,548,1233,606,497,18644,37230,53580,46160,50450,6310,14100,9800,13580,8140,18130,8700,7470,273650,93810,133910,114520,130140,15780,34990,24310,34630,20530,45670,21650,18910,688850,1220,1730,1480,1690,200,450,310,450,269,591,277,248,8915,49060,69930,59690,67420,8240,18240,12670,18020,10710,23820,11300,9840,358940
34,BOLTON,114530,125050,105030,113300,13220,30200,20070,29230,18750,43110,20970,16810,650270,2480,2560,2220,2230,310,650,440,610,403,901,451,349,13604,45410,48890,41430,43960,5320,11970,7960,11470,7410,16940,8300,6590,255650,131770,149370,122310,139640,14750,34750,23090,34430,21670,50860,24250,19920,766810,1680,1870,1550,1710,190,440,290,430,268,640,307,255,9630,63750,69610,58460,63070,7360,16810,11170,16270,10450,24000,11670,9350,361970
35,BOSTON,1100810,1624370,1329170,1669190,269210,549060,370010,532160,291690,640500,306380,280610,8963160,52780,76260,68120,67280,12340,26180,18500,21670,13840,31410,15650,12230,416260,555360,819490,683860,788690,133390,277000,190370,251450,146060,327180,159540,137130,4469520,1262630,1863150,1541840,1842790,305420,629770,429210,587500,333020,739890,357630,315850,10208700,15840,23370,19270,23430,3850,7900,5360,7470,4189,9255,4459,3984,128377,612770,904210,739880,929150,149860,305630,205970,296230,162380,356530,170550,156200,4989360
37,BOXBOROUGH,69190,77620,65290,68990,7540,17180,11460,16120,10820,24910,12000,8570,389690,1290,1430,1230,1220,150,320,220,290,206,454,225,153,7188,26570,29810,25170,26350,2940,6600,4430,6170,4180,9550,4620,3270,149660,90020,100980,83280,95720,9130,22350,14360,21850,13820,33010,15450,11740,511710,1070,1200,1000,1080,110,260,170,250,164,382,184,133,6003,38510,43210,36340,38400,4200,9560,6380,8970,6030,13870,6680,4770,216920
40,BRAINTREE,215050,274270,250120,296010,37790,73200,57890,77170,40090,91890,40670,41510,1495660,9140,9510,11630,9000,1580,2560,2630,2390,1525,3130,1783,1298,56176,103120,123280,123930,127430,18120,32900,28680,33570,18580,41190,19830,18090,688720,239460,295940,283760,316140,42080,78980,65680,82530,43850,99160,45700,44420,1637700,3040,3790,3570,4080,530,1010,830,1060,556,1270,584,575,20895,119710,152670,139230,164770,21040,40750,32220,42960,22320,51160,22630,23100,832560
46,BROOKLINE,92550,140360,113050,133440,17970,41790,25870,38150,14590,31060,15090,13960,677880,4500,6730,5840,5910,860,2020,1330,1710,706,1539,774,636,32555,46690,70810,59520,64990,9070,21080,13620,18900,7440,15970,7840,6920,342850,106150,160990,132720,149920,20610,47930,30370,43280,16830,36030,17600,15840,778270,1330,2020,1650,1890,260,600,380,550,205,452,224,195,9756,51520,78130,62930,74280,10000,23260,14400,21240,8120,17300,8410,7770,377360
48,BURLINGTON,194660,236760,201100,242650,25430,58990,37660,61680,39480,91370,42990,40570,1273340,6200,7270,6600,6380,820,1820,1250,1650,1230,2761,1376,1084,38441,85550,101930,89290,100460,11180,25660,16720,25690,17090,39430,18790,16870,548660,208580,252860,215880,261700,27250,63090,40430,66280,42200,97580,46020,43640,1365510,2680,3260,2770,3400,350,810,520,860,543,1253,592,572,17610,108360,131790,111940,135070,14160,32840,20960,34330,21980,50860,23930,22580,708800
49,CAMBRIDGE,134440,212650,164170,179170,27020,65270,39120,52700,38650,84080,39800,37530,1074600,7190,11810,9400,8670,1430,3650,2240,2580,2118,4844,2284,1873,58089,70780,114720,90950,90390,14230,35210,21670,27110,20650,46150,21780,19150,572790,157830,253050,198320,205510,31720,77670,47260,61130,45740,101030,47750,43330,1270340,1970,3140,2450,2580,400,960,580,760,560,1244,588,549,15781,74840,118370,91390,99730,15040,36330,21780,29340,21510,46810,22160,20890,598190
50,CANTON,188540,227850,215200,239470,29430,60120,47300,64030,39400,86550,40400,39450,1277740,6850,7620,8710,6840,1060,2000,1880,1830,1346,2852,1545,1139,43672,85690,101170,101680,101180,13380,26690,22350,27050,17710,38250,18800,16760,570710,204470,244600,237580,254920,31920,64540,52220,68160,42510,92830,44290,42160,1380200,2620,3140,3020,3300,410,830,660,880,541,1196,569,548,17714,104950,126830,119790,133300,16380,33470,26330,35640,21930,48180,22490,21950,711240
51,CARLISLE,16650,14600,15580,11800,2860,4050,3210,3350,1990,3800,2000,1050,80940,540,460,500,370,90,130,100,110,62,125,62,42,2591,7320,6350,6850,5130,1240,1780,1400,1490,860,1680,880,500,35480,17840,15610,16690,12620,3060,4340,3430,3600,2130,4070,2140,1150,86680,230,200,210,160,40,60,40,50,21,52,21,21,1105,9270,8130,8670,6570,1590,2250,1790,1860,1110,2120,1110,580,45050
57,CHELSEA,48670,75030,54260,71300,10550,23180,13450,21070,13370,28500,12560,11080,383020,1870,3180,2400,2850,390,910,550,820,462,1055,479,422,15388,22700,35980,26420,33690,4850,10950,6450,9830,6010,13100,5830,5130,180940,53390,83550,60960,78720,11500,25590,14980,23110,14450,31070,13770,12130,423220,680,1060,770,1000,150,330,190,290,186,395,175,157,5383,27090,41770,30200,39690,5870,12900,7490,11730,7440,15860,7000,6170,213210
65,COHASSET,12800,17870,15740,17740,2190,4970,3490,5120,2280,4770,2370,1980,91320,390,540,490,520,70,150,110,150,73,137,73,53,2756,5510,7690,6850,7570,960,2140,1520,2180,1000,2010,1030,820,39280,13670,19090,16830,18910,2350,5310,3730,5460,2450,5080,2550,2140,97570,180,250,220,240,30,70,50,70,31,63,41,21,1266,7130,9950,8760,9870,1220,2770,1940,2850,1270,2660,1310,1110,50840
67,CONCORD,101500,109820,99000,100310,16090,28380,19690,25830,15760,34440,16890,14690,582400,3700,3560,3490,2920,570,930,690,760,564,1120,582,421,19307,46690,48270,45000,42780,7310,12470,8850,11020,7170,15140,7590,6200,258490,110690,117670,107370,106930,17450,30410,21250,27530,17100,36910,18220,15680,627210,1410,1510,1370,1380,220,390,270,360,215,473,235,205,8038,56500,61130,55110,55840,8960,15800,10960,14380,8770,19160,9390,8180,324180
71,DANVERS,131880,188280,157340,167820,20490,51730,35630,48890,30240,65770,31560,29160,958790,3560,5240,4540,4210,550,1390,990,1210,812,1814,890,741,25947,54930,78980,66480,68640,8530,21550,14950,20000,12580,27490,13320,11950,399400,141710,201370,167490,182590,22020,55580,38110,53190,32530,70490,33870,31900,1030850,1840,2610,2170,2380,290,720,490,690,421,906,439,410,13366,73410,104810,87580,93420,11410,28800,19830,27210,16830,36610,17570,16240,533720
73,DEDHAM,172110,204120,181210,208020,22880,52370,34860,54620,34100,71040,37750,30160,1103240,5670,6650,6230,5800,780,1730,1190,1530,1065,2209,1182,818,34854,76420,89710,81450,87260,10280,23250,15670,22910,14830,30770,16400,12560,481510,184760,218710,195530,222480,24690,56220,37610,58420,36480,75930,40380,32390,1183600,2370,2810,2510,2890,320,720,480,760,471,986,520,418,15255,95810,113620,100870,115790,12740,29150,19400,30400,18980,39550,21010,16790,614110
78,DOVER,32320,34400,34880,29780,4640,8470,6450,7320,4230,9750,4880,2510,179630,1140,1090,1200,930,160,270,220,230,145,303,165,74,5927,14690,14960,15680,12950,2090,3720,2900,3180,1890,4250,2190,1080,79580,35050,36790,37640,31850,5010,9080,6960,7830,4550,10430,5250,2690,193130,450,470,480,410,60,120,90,100,62,136,72,42,2492,17990,19150,19420,16580,2580,4710,3590,4070,2350,5430,2710,1390,99970
82,DUXBURY,98910,116710,116720,118290,17000,37180,28920,36620,16250,36950,17500,15850,656900,2350,2570,2890,2540,410,810,710,790,381,795,419,338,15003,40010,46510,47740,46670,6910,14740,11760,14520,6540,14620,7060,6250,263330,109490,132580,126990,137750,18670,42780,31750,42130,18120,42730,19410,18530,740930,1420,1700,1650,1750,240,550,410,540,236,546,255,234,9531,55060,64970,64970,65850,9460,20700,16100,20380,9040,20570,9740,8820,365660
92,ESSEX,8080,12890,11000,12280,1390,3520,2510,3580,1890,4180,1960,1820,65100,220,370,320,340,40,100,70,100,52,114,62,52,1840,3370,5450,4690,5150,590,1490,1050,1500,800,1740,850,770,27450,8680,13720,11730,13130,1480,3750,2680,3830,2040,4480,2110,1960,69590,110,180,150,170,20,50,30,50,21,52,21,21,875,4500,7180,6120,6840,770,1960,1400,1990,1050,2330,1090,1020,36250
93,EVERETT,41650,69490,51470,64310,6400,15700,10290,15360,8010,18050,8590,8420,317740,2370,3790,2870,3190,340,840,560,750,414,956,471,410,16961,22470,37490,27770,33090,3370,8270,5550,7900,4210,9500,4640,4250,168510,49560,82690,61250,74600,7510,18430,12250,17820,9400,21190,10220,9650,374570,610,1030,760,930,90,230,150,220,117,265,126,126,4654,23180,38680,28650,35800,3560,8740,5730,8550,4460,10040,4780,4690,176860
99,FOXBOROUGH,167930,209920,197700,204130,26380,61770,47650,61360,40190,86380,41340,40880,1185630,3900,4600,4940,4140,620,1340,1170,1240,917,1839,985,803,26494,67590,83230,80860,79810,10620,24490,19370,23990,16130,34090,16720,15860,472760,187410,241510,215100,243830,29440,71070,52320,73290,45040,100730,45840,51030,1356610,2420,3080,2800,3050,380,910,680,920,581,1276,588,618,17303,93480,116850,110050,113630,14680,34380,26520,34160,22380,48090,23020,22750,659990
100,FRAMINGHAM,242780,322010,266720,299890,41990,100340,68260,103590,59950,127780,62490,61010,1756810,7360,9610,8400,8210,1280,2920,2050,2680,1735,3783,1870,1643,51541,104520,137340,116020,124900,18080,42800,29390,42630,25520,54720,26770,25480,748170,259290,343260,285260,322230,44850,106960,72900,112140,64270,136660,66890,65740,1880450,3350,4440,3680,4180,580,1380,940,1460,825,1767,863,854,24319,135140,179250,148470,166930,23370,55850,38000,57660,33370,71140,34790,33970,977940
101,FRANKLIN,139720,176350,149210,161010,21370,49490,34390,48200,29440,66390,31040,27990,934600,3490,4330,3840,3750,570,1260,910,1170,738,1614,786,665,23123,57150,71690,61400,64810,8900,20370,14240,19590,12040,26980,12730,11330,381230,152020,193630,161520,179690,22960,53570,37090,52920,32040,72920,33690,30980,1023030,1980,2520,2100,2320,300,700,480,690,420,946,439,398,13293,77780,98170,83060,89630,11900,27550,19140,26830,16400,36960,17280,15580,520280
107,GLOUCESTER,57360,74170,67660,77670,10500,21960,15410,22130,13790,30160,14490,11990,417290,1390,1860,1690,1900,270,570,400,560,333,731,351,293,10348,23320,30340,27670,31570,4320,9040,6340,9050,5600,12250,5890,4880,170270,62980,80700,73610,85280,11370,23770,16680,24080,15210,33170,15950,13200,456000,820,1050,960,1110,150,310,220,310,197,428,206,167,5928,31930,41290,37660,43240,5840,12220,8580,12320,7680,16790,8070,6680,232300
119,HAMILTON,12330,19080,16100,18480,2630,5420,3970,5450,1920,4240,1990,1600,93210,370,580,490,560,80,170,120,170,63,128,63,44,2838,5310,8210,6930,7960,1130,2360,1710,2370,850,1830,860,660,40180,13170,20380,17190,19740,2810,5800,4240,5830,2070,4530,2140,1720,99620,170,260,220,250,40,70,50,80,22,54,21,22,1259,6860,10620,8960,10290,1460,3020,2210,3030,1070,2360,1110,890,51880
122,HANOVER,64150,77470,80260,81310,11090,21270,17870,22190,10860,23910,11380,9760,431520,1970,2230,2500,2250,340,610,560,620,320,683,349,278,12710,27620,32730,34910,34110,4770,8990,7770,9310,4630,10130,4930,4120,184020,68510,82470,85840,86960,11840,22640,19110,23730,11570,25520,12160,10420,460770,880,1070,1110,1130,150,290,250,310,145,331,164,134,5964,35710,43120,44680,45260,6170,11840,9950,12350,6050,13320,6330,5430,240210
131,HINGHAM,91140,116840,111170,121860,14750,31080,23830,32310,16200,35880,16940,15450,627450,3450,4060,4540,3940,530,1070,930,1040,559,1236,658,497,22510,42520,52520,53310,53560,6700,13970,11120,14200,7280,16130,7900,6750,285960,99980,126070,123790,130570,16000,33540,26140,34620,17470,38720,18570,16540,682010,1270,1620,1570,1680,200,430,330,450,218,498,236,217,8719,50730,65040,61880,67830,8210,17300,13260,17990,9020,19970,9430,8610,349270
133,HOLBROOK,27830,35480,36270,35500,4790,9940,8080,10190,5190,11020,5420,4560,194270,1150,1300,1590,1230,200,360,350,360,198,407,237,157,7539,13340,16320,17660,15960,2300,4520,3930,4630,2410,5070,2630,2050,90820,30990,38690,40750,38300,5330,10780,9080,11050,5690,12010,6090,4920,213680,390,490,510,490,70,140,110,140,73,147,83,73,2716,15490,19750,20190,19760,2670,5530,4500,5670,2880,6140,3020,2530,108130
136,HOLLISTON,38530,43130,41140,40410,6160,11890,8750,11570,6450,14080,6910,5720,234740,1340,1420,1420,1300,210,390,300,370,216,465,236,186,7853,17320,19150,18490,17760,2770,5280,3930,5090,2860,6260,3110,2520,104540,41570,46300,44390,43300,6650,12760,9440,12400,6930,15110,7450,6130,252430,530,590,570,560,90,160,120,160,93,196,92,82,3243,21450,24010,22900,22490,3430,6620,4870,6440,3600,7840,3840,3180,130670
139,HOPKINTON,182060,227970,188460,208020,23910,65470,44590,68620,43750,96170,47560,42820,1239400,5140,5370,5060,4360,670,1520,1140,1400,1156,2318,1252,896,30282,76920,92210,78490,81650,10030,26350,18350,26830,18110,39000,19740,16810,504490,193800,252360,202500,245050,25570,73060,48270,81970,47200,106010,51220,50580,1377590,2510,3270,2630,3090,330,940,630,1030,613,1384,672,630,17729,101340,126900,104910,115790,13310,36440,24820,38200,24360,53540,26470,23840,689920
141,HUDSON,39220,50820,43530,46450,6020,13710,9350,13380,8510,19170,9050,8140,267350,1160,1520,1330,1350,190,420,290,400,256,574,275,236,8001,16730,21880,18740,19810,2620,5900,4070,5760,3650,8220,3890,3460,114730,41810,54280,46490,49520,6440,14640,10000,14290,9080,20460,9660,8700,285370,540,700,600,640,80,190,130,180,113,267,122,113,3675,21830,28290,24230,25860,3350,7630,5200,7450,4740,10670,5030,4540,148820
142,HULL,11890,15560,14430,16880,2130,4250,3410,4710,1850,3940,1960,1760,82770,430,540,520,580,80,150,120,160,73,136,72,63,2924,5400,6990,6560,7590,980,1930,1550,2120,860,1770,910,810,37470,12890,16790,15650,18210,2320,4610,3700,5080,2040,4250,2130,1920,89590,170,220,200,230,30,60,50,70,21,62,31,21,1165,6620,8660,8030,9400,1190,2370,1900,2620,1030,2190,1090,970,46070
144,IPSWICH,24460,35600,31300,34570,4190,9420,6890,9610,5270,11680,5640,4830,183460,730,1080,970,1020,130,290,220,290,156,354,175,136,5551,10430,15330,13620,14740,1820,4100,3030,4140,2250,5030,2440,2030,78960,26070,38020,33480,36850,4480,10070,7380,10260,5620,12460,6030,5160,195880,340,490,430,480,60,130,90,130,73,156,82,63,2524,13620,19820,17420,19240,2330,5240,3840,5350,2940,6500,3140,2690,102130
155,LEXINGTON,282330,339020,287190,341050,38230,84650,52690,84280,49200,111550,53310,45510,1769010,8240,9520,8720,8220,1140,2410,1620,2070,1450,3084,1605,1110,49189,120410,142220,123640,138640,16310,35760,22680,34260,20980,46670,22930,18480,742980,300960,362580,306720,374470,40750,90110,56270,92540,52470,119520,56920,50130,1903440,3890,4700,3960,4860,530,1170,730,1200,678,1546,736,655,24655,157160,188720,159860,189850,21280,47120,29330,46910,27390,62100,29670,25330,984720
157,LINCOLN,76160,76070,73520,68610,11040,17800,12800,15640,10450,23450,11400,8590,405530,2450,2190,2360,1850,350,510,410,420,338,669,347,226,12120,33470,32140,32310,28580,4800,7520,5630,6510,4590,9930,4900,3560,173940,81610,80980,78780,73720,11810,18950,13720,16810,11200,25030,12170,9270,434050,1050,1050,1010,960,150,250,180,220,144,319,163,123,5619,42390,42340,40920,38190,6150,9910,7130,8710,5810,13050,6350,4790,225740
158,LITTLETON,129490,144690,117790,128610,16610,36810,23520,34410,24130,54000,26750,22840,759650,2830,2980,2530,2470,370,760,510,670,532,1109,561,439,15761,51340,56570,46470,49710,6620,14450,9330,13350,9610,21170,10530,8830,297980,148980,172830,137170,161150,18870,43360,27060,42410,27470,64090,31460,28840,903690,1900,2160,1740,1960,240,550,350,520,348,810,397,356,11331,72080,80540,65570,71590,9250,20490,13090,19150,13430,30060,14890,12720,422860
163,LYNN,89140,130210,107480,145770,18570,43930,26570,45070,20800,45790,22060,19820,715210,3880,5760,5040,6100,800,1940,1230,1890,896,2046,1035,838,31455,43410,63410,54220,69900,9040,21390,13170,21610,10130,22540,11130,9510,349460,100150,146290,123280,162310,20860,49360,30140,50190,23380,51760,25310,22080,805110,1270,1850,1550,2060,260,620,380,640,289,651,317,279,10166,49620,72480,59830,81140,10340,24450,14790,25090,11580,25490,12280,11030,398120
164,LYNNFIELD,105020,138820,116790,146110,14740,35800,23530,37680,20560,47050,21710,19470,727280,3300,4140,3940,3710,460,1070,790,960,609,1367,708,484,21538,45680,59210,51850,60120,6410,15410,10450,15510,8810,20000,9550,7960,310960,112320,147980,125370,158160,15760,38230,25260,40790,21930,50130,23260,21220,780410,1450,1910,1610,2060,200,490,320,530,289,652,297,277,10085,58460,77270,65010,81330,8210,19930,13100,20970,11450,26190,12080,10850,404850
165,MALDEN,61150,94500,74150,91390,12600,29850,19290,28850,12040,26270,12600,11320,474010,2790,4470,3600,3940,580,1410,930,1250,556,1237,613,495,21871,30300,47680,37410,44510,6240,15060,9730,14050,6030,13150,6420,5510,236090,69370,108390,85050,102680,14290,34240,22130,32410,13740,30000,14530,12720,539550,870,1360,1070,1300,180,430,280,410,175,381,184,155,6795,34040,52600,41280,50870,7010,16620,10740,16060,6700,14620,7010,6300,263850
166,MANCHESTER,32210,38410,36010,39820,4910,9720,7150,10000,7210,15870,7590,5410,214310,640,780,730,790,100,200,150,210,145,303,155,104,4307,12550,15020,14080,15510,1920,3800,2810,3930,2820,6140,2970,2100,83650,39020,45880,43010,48240,5860,11610,8420,11780,8690,20170,9150,6810,258640,480,570,540,600,70,150,110,150,104,240,113,82,3209,17930,21380,20040,22170,2730,5410,3980,5570,4000,8840,4220,3010,119280
168,MARBLEHEAD,16290,24860,21130,26510,3110,7350,5050,7780,3770,8230,3940,3830,131850,620,950,840,980,120,280,200,290,135,312,154,136,5017,7600,11600,9980,12190,1450,3430,2390,3580,1710,3820,1850,1730,61330,17870,27270,23330,28910,3410,8060,5580,8480,4090,9000,4340,4150,144490,230,350,300,370,40,100,70,110,52,124,62,52,1860,9070,13840,11760,14760,1730,4090,2810,4330,2100,4580,2190,2130,73390
170,MARLBOROUGH,167300,208690,167520,184130,22100,53470,34740,53480,40660,90370,43800,41750,1108010,4360,5570,4590,4600,610,1440,950,1330,1081,2381,1158,1039,29109,69260,86920,70270,75310,9270,22270,14470,21870,16900,37380,18170,17040,459130,180430,224240,179160,200330,23640,57450,37330,58190,43770,97800,47210,45920,1195470,2350,2910,2320,2610,310,750,480,760,571,1268,620,590,15539,93130,116170,93250,102500,12300,29760,19340,29770,22630,50300,24380,23240,616770
171,MARSHFIELD,47120,59860,54750,62810,8990,17900,13340,18720,7720,16670,8110,7240,323230,1570,1890,1860,1970,300,570,450,590,257,516,266,227,10466,20920,26040,24610,27320,3990,7870,5920,8140,3430,7210,3590,3150,142190,50580,64020,59080,67180,9650,19180,14320,20020,8310,17820,8690,7750,346600,650,830,760,870,120,250,180,260,103,237,112,103,4475,26230,33320,30480,34960,5000,9960,7430,10420,4290,9280,4520,4030,179920
174,MAYNARD,14090,17730,15210,17040,2320,5050,3370,4980,2660,5880,2750,2560,93640,510,640,560,600,80,180,120,180,93,217,102,93,3375,6400,8060,7000,7740,1040,2300,1530,2260,1210,2700,1280,1170,42690,15280,19230,16590,18480,2500,5480,3650,5400,2880,6410,3000,2790,101690,200,250,210,240,30,70,50,70,41,83,41,41,1326,7840,9870,8470,9490,1290,2810,1880,2770,1470,3270,1530,1420,52110
175,MEDFIELD,33740,39800,38610,37850,5240,10320,8010,10140,4580,9690,4890,3420,206290,1200,1330,1380,1240,190,350,290,330,155,322,175,115,7077,15330,17670,17550,16640,2380,4640,3640,4460,2040,4280,2220,1520,92370,36590,42730,41870,40560,5680,11140,8690,10870,4920,10400,5300,3680,222430,470,550,540,520,70,140,110,140,62,135,62,42,2841,18780,22150,21490,21070,2920,5740,4460,5640,2550,5400,2720,1910,114830
176,MEDFORD,190170,284650,221260,285670,33210,71230,45860,73160,34020,77460,36340,34570,1387600,6970,10810,8690,9240,1270,2750,1830,2440,1211,2863,1400,1109,50583,87480,132790,104550,125550,15490,33230,21670,32480,15470,35490,16960,15140,636300,207380,312260,244270,306100,36430,78140,50630,78540,36910,84310,39870,37020,1511860,2650,3980,3110,3940,460,1000,640,1010,472,1080,501,471,19314,105860,158450,123160,159020,18490,39650,25530,40720,18940,43120,20220,19250,772410
177,MEDWAY,30420,38310,32740,35390,4890,10690,7300,10690,5330,11890,5720,5150,198520,910,1140,990,1030,150,320,220,310,155,352,174,155,5906,13100,16340,14090,15090,2110,4600,3140,4560,2260,5070,2460,2220,85040,32490,40840,34970,37730,5220,11420,7800,11400,5680,12680,6110,5500,211840,420,530,450,490,70,150,100,150,72,166,82,72,2752,16930,21330,18220,19700,2720,5950,4060,5950,2960,6620,3180,2860,110480
178,MELROSE,29930,47740,37620,47330,5830,14410,9210,14470,5510,11610,5600,5130,234390,1180,1960,1580,1830,230,590,390,560,219,482,238,199,9458,14140,22890,18040,22080,2750,6910,4420,6750,2590,5570,2710,2400,111250,33040,53160,41890,51920,6440,16050,10260,15870,6070,12930,6260,5630,259520,420,670,530,660,80,200,130,200,73,167,83,73,3286,16660,26570,20940,26350,3250,8020,5130,8050,3060,6460,3120,2850,130460
184,MIDDLETON,31820,42270,36180,38150,5130,11460,8310,11110,5370,11580,5460,4900,211740,1020,1380,1230,1170,170,370,280,340,175,362,184,145,6826,13980,18580,16260,16420,2280,5040,3690,4780,2380,5030,2430,2100,92970,34100,45290,39040,40740,5510,12280,8920,11870,5770,12390,5880,5230,227020,440,580,500,530,70,160,110,150,72,165,82,72,2931,17710,23530,20140,21240,2860,6380,4630,6180,2980,6450,3040,2730,117870
185,MILFORD,130780,158580,134770,145750,18390,44120,29820,43060,28380,64230,30530,26290,854700,3410,3790,3450,3300,520,1100,780,1000,750,1597,797,635,21129,54140,64150,55460,58370,7770,18050,12350,17330,11740,26180,12630,10670,348840,141050,175550,145890,163820,19580,48000,32160,48050,30620,70250,32920,28970,936860,1830,2280,1900,2110,250,630,420,620,401,917,429,378,12165,72800,88270,75020,81130,10240,24560,16600,23970,15790,35760,16990,14640,475770
187,MILLIS,27340,32030,30260,29860,4100,8450,6250,8020,3630,7780,3850,2710,164280,1000,1100,1110,990,150,290,230,270,124,270,134,94,5762,12580,14400,13920,13260,1890,3800,2880,3560,1630,3510,1730,1220,74380,29810,34560,33000,32050,4470,9120,6820,8610,3910,8400,4160,2930,177840,380,440,420,410,60,120,90,110,52,104,51,42,2279,15220,17830,16840,16620,2280,4700,3480,4460,2020,4330,2150,1510,91440
189,MILTON,133750,186660,157490,197700,27760,54860,38520,55090,19860,44700,20990,18840,956220,5490,7120,6540,6870,910,2110,1400,1920,778,1675,846,625,36284,64130,87080,75520,88870,12200,25590,17510,24760,9320,20720,9980,8360,444040,148930,204770,175370,213320,29740,60180,41770,59440,21850,48910,23250,20240,1047770,1890,2610,2220,2740,380,770,530,760,276,626,296,266,13364,74450,103900,87670,110050,15450,30540,21440,30670,11050,24880,11690,10480,532270
196,NAHANT,34030,44750,40160,39460,6190,12750,9650,12160,6080,12940,6100,5370,229640,1140,1470,1370,1240,210,420,330,380,207,438,207,177,7589,15110,19870,18050,17170,2780,5660,4340,5290,2720,5790,2730,2380,101890,36530,48040,43330,42200,6680,13690,10410,13010,6550,13940,6570,5770,246720,470,620,560,540,90,180,130,170,83,177,83,73,3176,18940,24910,22360,21970,3450,7100,5370,6770,3390,7200,3400,2990,127850
198,NATICK,3380,6220,4800,7520,640,1990,1140,2200,710,1550,750,730,31630,110,210,170,250,20,70,40,70,21,52,21,21,1055,1490,2760,2180,3340,280,900,510,970,310,690,310,310,14050,3620,6680,5210,8070,680,2160,1230,2360,750,1670,810,770,34010,50,90,70,100,10,30,20,30,0,21,10,0,431,1880,3460,2670,4190,360,1110,630,1220,390,860,410,400,17580
199,NEEDHAM,134730,177480,149770,165290,21650,49390,33760,49530,28150,60770,28860,27600,926980,4530,5960,5440,4780,730,1640,1200,1400,931,2020,1019,800,30450,59820,78800,68070,69840,9610,21930,15340,20930,12520,26970,13030,11740,408600,144630,190520,162430,175950,23240,53020,36610,52720,30280,65350,31220,29640,995610,1860,2450,2080,2280,300,680,470,680,388,840,407,378,12813,75000,98790,83370,92010,12050,27490,18790,27570,15670,33830,16060,15370,516000
207,NEWTON,161040,189690,168750,190260,21010,46840,31750,49100,34580,73060,39280,30410,1035770,5230,6080,5540,5130,690,1500,1030,1320,1058,2298,1215,830,31921,70780,83370,74930,79240,9330,20590,13950,20450,14970,31970,17060,12680,449320,172550,203250,181150,204430,22550,50190,34020,52760,36950,78220,42000,32650,1110720,2220,2620,2330,2650,290,650,440,690,473,1010,541,419,14333,89640,105590,93930,105910,11700,26070,17670,27330,19250,40670,21870,16920,576550
208,NORFOLK,277720,387790,315340,375930,57730,120000,77390,115660,61430,136450,68440,57170,2051050,9900,14370,12350,12270,2040,4320,2880,3620,1990,4500,2340,1720,72300,126220,178380,147110,165220,26240,54540,35600,50310,27150,60370,30750,24560,926450,301190,422880,345930,402810,62610,130140,84390,123700,65900,146400,73840,61040,2220830,3850,5400,4410,5180,800,1670,1080,1590,846,1878,944,784,28432,154590,215860,175530,209260,32140,66800,43080,64380,34190,75950,38090,31820,1141690
213,NORTH READING,32050,39200,38630,36440,5680,11500,9160,11080,5210,10990,5530,4360,209830,1020,1220,1260,1110,180,360,300,340,166,345,176,126,6603,14090,17050,16980,15690,2470,5000,4030,4770,2280,4790,2420,1850,91420,34340,41920,41390,38920,6070,12300,9810,11830,5580,11750,5920,4640,224470,440,540,530,500,80,160,130,150,73,147,72,63,2885,17840,21820,21500,20280,3160,6400,5100,6170,2890,6120,3070,2430,116780
219,NORWELL,105500,119650,124390,128180,16770,33490,27970,34210,16880,38480,17700,15390,678610,2840,2840,3310,2870,450,790,730,770,433,911,472,348,16764,43940,48400,51500,51080,6980,13550,11580,13700,6950,15580,7350,6150,276760,113360,132450,134150,145610,18020,37070,30170,38450,18270,42540,19050,17450,746590,1470,1720,1740,1870,230,480,390,500,247,558,256,224,9685,58730,66600,69240,71350,9340,18640,15570,19040,9400,21420,9850,8560,377740
220,NORWOOD,90640,118020,108320,113370,14860,33200,24300,32160,20720,45350,21460,21510,643910,3060,3660,3820,3160,500,1040,840,910,674,1394,733,614,20405,40240,51340,49230,47560,6600,14440,10920,13590,9110,19570,9650,9130,281380,97300,126220,117470,121250,15950,35510,26220,34230,22200,48560,23190,23130,691230,1250,1630,1500,1570,200,460,340,440,286,634,295,306,8911,50450,65700,60300,63110,8270,18480,13530,17900,11530,25240,11950,11980,358440
229,PEABODY,197730,267430,223030,268100,30060,73480,48970,74330,41720,93070,43880,40340,1402140,6350,8700,7710,7840,990,2430,1720,2220,1306,2949,1473,1183,44871,86900,117540,100250,114340,13350,32630,22260,32000,18160,40570,19500,17170,614670,211870,286550,240650,285790,32270,78880,53110,79380,44630,99590,47180,43100,1503000,2730,3690,3090,3700,410,1010,680,1020,576,1289,613,555,19363,110070,148860,124150,149240,16730,40900,27260,41380,23220,51810,24420,22460,780500
231,PEMBROKE,52300,70030,72870,73910,9740,20480,16770,21430,8750,18930,9100,7950,382260,1520,1970,2200,2020,290,570,500,590,249,520,278,218,10925,22310,29380,31370,30780,4150,8590,7150,8990,3710,7920,3930,3330,161610,55750,74900,77830,79420,10380,21900,17880,22920,9340,20290,9730,8520,408860,720,970,1000,1030,130,280,230,300,124,260,123,104,5271,29110,38980,40560,41140,5420,11400,9340,11930,4880,10540,5070,4420,212790
243,QUINCY,240610,327590,276120,367340,43570,96430,61500,100280,44980,99900,45340,44610,1748270,9520,12820,12500,13020,1650,3780,2730,3590,1698,3900,2007,1586,68801,113690,152820,136820,166960,20330,44980,29950,45580,20840,46960,22260,20180,821370,265630,359370,313260,398380,47800,105780,69100,108750,49200,109990,51170,48280,1926710,3380,4580,3950,5100,610,1350,870,1390,627,1402,645,617,24521,133940,182350,153700,204480,24250,53680,34230,55820,25040,55610,25230,24820,973150
244,RANDOLPH,134630,166380,153750,178770,21730,45240,34590,49480,24320,54560,25110,24260,912820,4960,5100,5900,4870,780,1400,1290,1360,819,1653,908,674,29714,61930,71630,71720,74460,9880,19680,15910,20760,10800,23400,11480,10180,401830,146810,177690,168660,192090,23570,48380,37720,52920,26100,58220,27310,25940,985410,1880,2290,2150,2490,300,620,480,690,338,749,357,336,12680,74940,92620,85580,99510,12100,25180,19250,27540,13530,30380,13980,13500,508110
246,READING,97480,126080,106300,129720,14130,32640,21820,33960,18870,42490,19960,18960,662410,3210,4000,3500,3640,470,1020,720,960,599,1327,657,537,20640,43280,54840,47200,54420,6270,14200,9690,14350,8250,18420,8820,8010,287750,104640,134840,114110,138740,15170,34910,23420,36150,20200,45420,21410,20290,709300,1340,1740,1470,1800,190,450,300,470,268,580,277,268,9153,54260,70180,59170,72210,7870,18170,12150,18900,10500,23660,11110,10560,368740
248,REVERE,114570,170080,132390,182560,23710,53500,33010,55160,24260,52470,24980,20830,887520,4360,6560,5450,6730,920,2070,1330,2050,884,1948,971,743,34016,53450,79340,63480,83980,11060,24960,15600,25370,11090,24130,11720,9480,413660,125680,186580,147420,199080,26010,58690,36440,60150,26380,57220,27470,22590,973710,1600,2380,1870,2540,330,750,460,770,339,732,348,289,12408,63780,94680,73690,101620,13200,29780,18380,30700,13510,29200,13900,11590,494030
251,ROCKLAND,42540,55230,54280,57300,7680,15490,12570,16110,7910,17600,8280,7700,302690,1480,1860,2010,1800,270,520,460,510,278,600,308,258,10354,19120,24520,24970,24930,3490,6880,5780,7010,3580,7910,3810,3420,135420,45900,59290,59190,61280,8330,16630,13710,17230,8560,18980,9030,8260,326390,590,760,760,790,110,210,180,220,113,248,123,113,4217,23680,30740,30210,31900,4280,8620,7000,8970,4400,9800,4610,4280,168490
252,ROCKPORT,6690,9340,8160,10630,1380,3060,2110,3350,1350,2930,1420,1370,51790,200,270,240,310,40,90,60,100,42,75,42,43,1512,2880,3950,3480,4530,580,1310,890,1430,580,1210,610,590,22040,7140,9940,8700,11330,1470,3260,2250,3570,1440,3180,1520,1460,55260,90,130,110,150,20,40,30,50,21,42,21,21,725,3720,5200,4540,5920,770,1700,1170,1860,750,1630,790,770,28820
258,SALEM,53150,81210,66950,80300,9670,23770,15510,23730,12670,27670,13120,13340,421090,2210,3590,3100,3290,400,1050,720,970,517,1214,606,550,18217,25490,39550,33170,38500,4640,11580,7690,11380,6040,13470,6500,6400,204410,59180,91240,75950,89410,10770,26710,17600,26420,14060,31080,14890,14850,472160,750,1150,960,1130,140,340,220,330,186,394,185,187,5972,29590,45210,37270,44700,5380,13230,8630,13210,7060,15400,7300,7420,234400
262,SAUGUS,110970,156260,126270,162830,19930,49200,31060,48800,21810,47180,21940,19960,816210,3780,5610,4790,5260,680,1750,1150,1580,708,1572,776,618,28274,49880,71020,58900,71560,8960,22360,14290,21450,9590,21030,9970,8660,367670,119740,169460,138520,174470,21500,53360,33870,52290,23380,50770,23800,21340,882500,1540,2170,1770,2240,280,680,430,670,297,656,306,277,11316,61770,86980,70290,90640,11090,27390,17290,27160,12140,26260,12210,11120,454340
264,SCITUATE,22830,33890,30860,35610,4570,10020,7750,10870,3930,8470,4100,3560,176460,690,1030,960,1080,140,310,240,330,115,262,124,106,5387,9830,14590,13420,15330,1970,4360,3370,4680,1670,3660,1760,1520,76160,24380,36190,33000,38030,4880,10720,8290,11610,4190,9050,4370,3800,188510,310,470,430,490,60,140,110,150,52,116,62,43,2433,12710,18860,17180,19820,2540,5580,4310,6050,2190,4710,2280,1990,98220
266,SHARON,138240,160110,158020,163020,21740,47520,38070,48290,29540,63300,30890,28620,927360,3670,3820,4600,3670,580,1130,1080,1080,723,1431,812,600,23196,57230,64760,67400,65290,9050,19220,16080,19240,11990,25330,12780,11260,379630,149090,177240,168450,183230,23360,52600,40530,54860,32490,71550,33360,33760,1020520,1940,2300,2180,2360,300,680,520,700,427,918,436,425,13186,76950,89130,87960,90750,12100,26450,21190,26880,16440,35240,17190,15940,516220
269,SHERBORN,37150,37420,38420,30980,4700,8890,6870,7500,5080,10770,5590,3220,196590,1300,1190,1300,960,160,290,230,230,165,341,184,104,6454,16700,16450,17060,13480,2110,3910,3050,3230,2230,4710,2470,1410,86810,40080,40100,41240,33130,5070,9530,7370,8010,5450,11530,6000,3450,210960,510,520,530,430,70,120,90,100,62,145,72,42,2691,20680,20830,21390,17250,2620,4950,3820,4170,2830,5990,3110,1800,109440
274,SOMERVILLE,96590,152480,116430,142690,18180,42030,26350,39500,22190,50950,23810,22700,753900,4320,6990,5510,5660,770,1980,1280,1630,971,2294,1109,919,33433,47860,75550,58740,67420,8720,21200,13290,18940,10840,25080,11900,10820,370360,109580,172990,133550,157530,20240,48210,30220,43980,24970,57600,27170,25180,851220,1380,2180,1680,2000,260,600,380,560,317,727,346,326,10756,53770,84880,64810,79430,10120,23400,14670,21990,12350,28370,13260,12630,419680
277,SOUTHBOROUGH,133130,166900,136040,148870,19040,48920,32590,50820,33460,72440,35640,35350,913200,3300,3980,3400,3160,460,1120,770,1020,744,1654,812,731,21151,54450,67510,55640,58730,7740,19590,13180,19790,13320,29030,14260,13880,367120,144850,184760,148010,173360,20910,54990,36080,61570,38080,81520,40190,41860,1026180,1890,2390,1930,2200,270,710,470,760,489,1051,517,527,13204,74110,92900,75730,82870,10600,27230,18140,28290,18620,40320,19830,19670,508310
284,STONEHAM,109470,163150,138200,133030,20650,48940,35870,45990,20310,45820,21210,21670,804310,3090,4600,4640,3280,590,1380,1200,1130,565,1248,695,513,22931,46250,68930,61360,54080,8720,20680,15930,18690,8530,19100,9320,8750,340340,116530,173670,148360,146070,21980,52100,38510,50500,21720,49230,22730,24060,865460,1510,2250,1910,1900,280,670,490,660,287,638,286,317,11198,60940,90820,76930,74050,11490,27240,19970,25600,11300,25500,11800,12060,447700
285,STOUGHTON,100060,132020,122490,131260,17590,37530,28240,37950,20080,43550,21060,19610,711440,3470,4170,4490,3790,620,1200,1030,1110,680,1400,770,600,23330,44980,57430,56350,55460,7990,16490,12990,16190,8940,19080,9660,8490,314050,107960,141200,133580,139730,19080,40210,30800,40450,21570,46640,22930,20980,765130,1380,1820,1710,1810,240,520,390,520,277,606,296,276,9845,55700,73490,68180,73070,9790,20890,15720,21120,11180,24240,11720,10910,396010
286,STOW,20000,24000,22460,22370,3270,6750,4830,6580,3880,8360,4040,3160,129700,630,750,720,690,100,210,160,200,115,262,124,94,4055,8700,10440,9870,9730,1410,2940,2140,2830,1660,3640,1760,1350,56470,21390,25670,24070,23920,3490,7220,5190,7030,4130,8950,4320,3370,138750,280,330,310,310,50,90,70,90,52,115,62,42,1801,11130,13360,12500,12450,1820,3760,2690,3660,2170,4650,2250,1760,72200
288,SUDBURY,71510,78280,75670,71000,11090,20020,15040,18470,11150,24620,11680,9060,417590,2320,2450,2480,2130,360,630,500,560,360,774,389,279,13232,31430,34050,33260,30570,4870,8710,6680,7950,4900,10720,5190,3920,182250,76620,83720,81080,75830,11880,21410,16150,19730,11950,26330,12560,9680,446940,990,1080,1040,980,150,280,210,250,154,341,164,124,5763,39810,43570,42120,39520,6170,11140,8370,10280,6210,13700,6500,5040,232430
291,SWAMPSCOTT,15630,23700,20220,22840,3030,7120,4710,6630,3590,7940,3870,3100,122380,640,1000,900,900,120,300,210,260,144,341,174,124,5113,7490,11360,10020,10790,1430,3410,2330,3090,1710,3860,1910,1460,58860,17400,26390,22940,25220,3350,7930,5340,7270,3970,8920,4380,3420,136530,220,330,290,320,40,100,70,90,42,114,51,42,1709,8700,13190,11260,12710,1690,3960,2620,3690,2000,4420,2160,1720,68120
298,TOPSFIELD,45480,60360,53300,54630,7090,17910,12950,16780,9370,20590,10280,8400,317140,1030,1340,1240,1180,160,390,290,350,206,443,235,174,7038,18210,24050,21450,21660,2840,7100,5160,6590,3730,8140,4120,3290,126340,51120,68570,59480,62850,7970,20610,14710,19770,10730,23810,11560,10020,361200,660,880,770,800,100,260,190,250,143,308,143,133,4637,25320,33600,29670,30410,3950,9970,7210,9340,5210,11460,5730,4670,176540
305,WAKEFIELD,120470,164240,134710,174140,16570,40420,25170,43340,24590,56300,26360,23840,850150,3640,5070,4480,4630,520,1290,860,1190,723,1722,873,650,25648,51860,71440,59810,72090,7210,17760,11310,18180,10490,24310,11640,9940,366040,128660,175650,144610,187810,17720,43310,27160,46350,26220,60130,28270,25590,911480,1660,2260,1860,2440,230,560,350,600,341,777,369,329,11776,67060,91420,74990,96940,9220,22500,14010,24130,13680,31350,14680,13270,473250
307,WALPOLE,86960,108810,105550,106190,14760,31160,24340,30800,18010,38290,18870,16950,600690,2630,3140,3360,2880,450,910,770,850,534,1071,582,452,17629,37440,45970,46390,44230,6350,13290,10590,12920,7720,16120,8200,7040,256260,92870,115830,113100,114100,15760,33220,26030,32940,19220,41030,20180,18250,642530,1200,1500,1460,1480,200,430,340,430,256,535,265,236,8332,48410,60570,58750,59110,8220,17350,13550,17140,10020,21310,10500,9440,334370
308,WALTHAM,209140,270740,219260,269730,28570,70260,41020,69430,45580,102340,48550,44340,1418960,6770,8960,7500,7540,970,2370,1430,1990,1487,3290,1643,1270,45220,91920,120210,98560,113150,12840,31200,18440,29330,20140,45050,21690,18800,621330,224090,290640,236580,288480,30830,75420,44260,73910,48880,109690,52250,47490,1522520,2880,3730,3030,3740,400,970,570,960,626,1408,673,613,19600,116420,150710,122050,150150,15900,39110,22830,38650,25370,56970,27030,24680,789870
314,WATERTOWN,44670,68090,53140,64220,7890,20220,11270,18440,12110,25720,12420,11760,349950,1840,2920,2310,2500,320,870,490,720,503,1133,542,454,14602,21420,33160,25880,29960,3730,9850,5490,8600,5810,12660,6060,5480,168100,49740,76500,59700,70450,8710,22720,12660,20230,13480,29080,13950,12900,390120,630,970,750,900,110,290,160,260,165,371,184,165,4955,24870,37900,29580,35750,4390,11260,6270,10260,6730,14320,6920,6550,194800
315,WAYLAND,65570,77510,71360,72620,10510,21510,15880,21870,11700,25120,12130,10170,415950,1990,2310,2340,1930,320,630,510,570,339,721,388,257,12305,28230,33060,31680,30060,4520,9170,6980,9050,4970,10650,5310,4170,177850,70030,82630,76600,78320,11220,22930,17020,23590,12460,26820,12990,11090,445700,900,1070,980,1020,140,300,220,310,164,349,173,143,5769,36500,43150,39720,40420,5850,11970,8840,12170,6520,13980,6750,5670,231540
317,WELLESLEY,115850,148850,125390,142030,16750,35170,23370,34710,20780,45330,22650,20020,750900,3770,4770,4290,3970,570,1150,810,990,658,1413,736,545,23672,50920,65420,56360,59580,7530,15460,10500,14660,9090,19710,9960,8350,327540,124130,159490,135300,151900,18070,37680,25220,36950,22250,48490,24270,21500,805250,1600,2050,1730,1970,230,480,320,480,278,619,307,277,10341,64490,82860,69800,79060,9320,19580,13010,19320,11570,25230,12610,11150,418000
320,WENHAM,20700,29180,25730,27200,3680,7750,5660,7440,3910,8740,4250,3270,147510,560,810,730,720,100,220,160,200,104,230,124,84,4042,8620,12240,10870,11260,1530,3270,2390,3100,1620,3610,1810,1350,61670,22240,31210,27390,29340,3950,8250,6030,7990,4210,9430,4530,3550,158120,290,400,350,380,50,110,80,100,62,115,52,42,2031,11520,16240,14320,15140,2050,4310,3150,4140,2170,4870,2360,1820,82090
333,WESTON,212720,246040,214920,239020,30780,68060,46920,70100,44870,98640,48280,38550,1358900,5960,6490,6310,5380,860,1770,1350,1550,1205,2538,1352,854,35619,89240,101860,91660,95730,12910,28180,19820,27930,18630,40610,20320,15320,562210,227500,265350,229100,268660,32920,73400,49950,79630,48300,106800,51530,44180,1477320,2950,3450,2960,3470,430,950,650,1020,623,1391,671,568,19133,118410,136960,119640,133050,17130,37890,26120,39020,24980,54900,26870,21460,756430
335,WESTWOOD,101330,121720,116190,121420,13740,30600,22210,31320,19310,40870,21110,16660,656480,3670,4160,4570,3590,490,1050,860,930,637,1371,777,493,22598,46050,54710,54900,51790,6240,13750,10360,13360,8570,18270,9720,7110,294830,109890,131340,128270,129430,14900,33020,24360,33390,20730,44000,23010,17770,710110,1410,1680,1630,1670,190,420,310,430,267,567,296,236,9106,56410,67760,64680,67590,7650,17030,12360,17430,10750,22750,11740,9270,365420
336,WEYMOUTH,145800,193270,180660,206260,25940,54200,41120,55880,27800,60930,28620,27180,1047660,5980,6510,7370,6390,1020,1840,1630,1760,1013,2023,1130,840,37506,69910,85810,85360,89720,12260,24360,19430,24310,12710,26950,13530,11780,476130,162350,207480,199450,220600,28640,58480,45400,59760,30230,65370,31600,29050,1138410,2060,2670,2540,2840,360,750,580,770,383,840,400,382,14575,81160,107580,100560,114810,14440,30170,22890,31110,15480,33910,15930,15130,583170
342,WILMINGTON,203570,238140,204080,229620,30160,68440,47080,65830,38730,84330,40080,39260,1289320,5620,5950,5610,5120,870,1720,1290,1490,1066,2170,1092,904,32902,85400,97400,85610,91500,12740,27990,19750,26360,16200,34700,16770,15750,530170,217720,259100,218260,260850,32110,74460,50350,73990,41500,91550,42950,44210,1407050,2820,3380,2830,3350,420,970,650,950,532,1189,550,562,18203,113320,132560,113600,127820,16790,38100,26210,36640,21560,46940,22310,21850,717700
344,WINCHESTER,46100,68390,55820,63680,8450,19860,12480,18540,7960,16280,8170,6450,332180,1730,2650,2260,2280,320,770,510,670,291,636,330,230,12677,21210,31900,26370,28940,3940,9260,5980,8430,3650,7590,3890,2930,154090,50270,75020,61630,69060,9270,21790,13900,20110,8660,17860,9060,6990,363620,640,960,780,880,120,280,180,260,114,229,114,94,4651,25660,38070,31070,35450,4700,11060,6950,10320,4430,9060,4540,3590,184900
346,WINTHROP,8790,13570,10430,15770,2400,5320,3140,5430,1490,3240,1570,1480,72630,550,760,650,890,140,290,190,300,82,175,92,83,4202,5010,7320,5950,8510,1330,2870,1740,2930,790,1720,860,800,39830,10790,16150,12810,18770,2900,6330,3790,6460,1760,3830,1890,1760,87240,130,200,160,230,40,80,50,80,21,51,20,21,1083,4890,7550,5810,8780,1340,2960,1750,3020,830,1800,880,830,40440
347,WOBURN,216940,279730,230110,281750,31860,74020,47340,73550,45130,101040,47910,46380,1475760,6610,8510,7520,7230,1000,2280,1560,1930,1417,3150,1584,1253,44044,93390,120420,101130,115940,13860,32200,21020,30450,19660,44060,21170,19300,632600,231690,298750,246560,304990,34070,79160,50820,79320,48290,108130,51390,49860,1583030,2990,3860,3170,3970,440,1020,650,1030,616,1399,664,655,20464,120760,155710,128090,156840,17730,41200,26350,40940,25120,56250,26680,25820,821490
350,WRENTHAM,128410,157160,137860,140810,18770,43740,31810,41300,25390,56310,27510,23520,832590,3100,3660,3490,2920,470,1040,820,890,604,1284,693,480,19451,52200,63260,56380,55270,7680,17690,13090,16380,10240,22560,11280,9190,335220,140990,175390,149990,165870,20420,48420,34430,47520,28220,63290,29870,28110,932520,1830,2270,1950,2090,270,630,450,610,359,822,387,357,12025,71480,87480,76740,78380,10450,24350,17710,22990,14130,31340,15320,13100,463470