year,average,firstQuartile,thirdQuartile,median,minimum,maximum,town
2007,3.324102217,2.97203902,3.6300976,3.28158132,2.23375967,3.90000009,ACTON
2007,3.178123295,3,3.5,3.40000009,0.12916666,3.7125,ARLINGTON
2007,4.353704132,3.07701283,4.5,4.45290726,2.71323529,4.5,BEDFORD
2007,2.73855143,2.612,2.90208772,2.75201904,2.16001435,3.13282317,BELLINGHAM
2007,2.458531544,2.16040362,2.44976767,2.44976767,1.987001,2.76922843,BELMONT
2007,2.757720874,2.79999995,2.79999995,2.79999995,0.54074699,3.54940356,BEVERLY
2007,2.764471079,2.3420386,3.16528079,2.79999995,0,4.5,BOSTON
2007,2.452104954,2.2,2.27435391,2.2,2.2,2.70000004,BOXBOROUGH
2007,3.236204022,3.1875,3.5999999,3.40000009,1.86501895,3.70000004,BRAINTREE
2007,2.574446372,2.29999995,2.79999995,2.5,1.60000002,3.5,BROOKLINE
2007,4.110286357,3.5999999,4.47345323,3.5999999,1.54858295,4.5,BURLINGTON
2007,2.669427355,2.26426548,3.0999999,2.8651841,0,3.87947657,CAMBRIDGE
2007,3.477156356,2.84194689,3.77933614,3.64023477,2.84194689,4,CANTON
2007,2.434631278,1.89999997,2.90000009,2.5999999,0.11917098,3.5,CHELSEA
2007,3.725578228,3.70000004,3.70000004,3.70000004,3.70000004,3.79999995,COHASSET
2007,2.818879897,2.5,3.29999995,2.72,1.91582612,3.78503297,CONCORD
2007,2.86174489,2.70000004,2.79999995,2.79999995,2.55003982,3.81404459,DANVERS
2007,2.71868074,2.612,3.08140947,2.75782676,0.77002825,4,DEDHAM
2007,3.150866826,2.96372375,3.296,3.18127782,2.96372375,3.36445608,DOVER
2007,3.520133295,3.40000009,3.4959184,3.40000009,3.29999995,3.79999995,DUXBURY
2007,2.79999995,2.79999995,2.79999995,2.79999995,2.79999995,2.79999995,ESSEX
2007,2.939234371,2.72,3.3590947,2.90000009,1.10000002,3.76604692,EVERETT
2007,3.540482703,3.5,3.70000004,3.5999999,2.67064995,3.70000004,FOXBOROUGH
2007,2.705833475,2.5,2.78990063,2.70000004,0.0336716,3.61589761,FRAMINGHAM
2007,2.891606644,2.79999995,2.87343215,2.79999995,2.79999995,3.11107264,FRANKLIN
2007,2.798976476,2.79999995,2.79999995,2.79999995,2.5999999,2.79999995,GLOUCESTER
2007,3.250134425,2.90685711,3.40000009,3.25086449,0.34738369,4,HANOVER
2007,3.05023126,2.0999999,3.79999995,3.40000009,1.89999997,3.90000009,HINGHAM
2007,2.891053473,2.7,2.90000009,2.83010811,1.46591349,3.7125,LEXINGTON
2007,2.927374412,2.42812499,3.61406249,2.612,1.47477272,3.7125,LINCOLN
2007,2.82114872,2.4043222,3.20000004,2.72,1.4780968,3.79999995,LITTLETON
2007,2.973988386,2.72,3.26315505,2.91045633,1.60000002,3.69525545,LYNN
2007,2.412608591,0,3.5999999,3.20000004,0,3.79999995,LYNNFIELD
2007,3.000413536,2.612,3.40000009,2.94777603,1.83738,3.73296415,MALDEN
2007,2.79999995,2.79999995,2.79999995,2.79999995,2.79999995,2.79999995,MANCHESTER
2007,3.101380985,2.72,3.46440733,3.27454704,1.93306615,3.7125,MARLBOROUGH
2007,3.530394073,3.29999995,3.70000004,3.70000004,2.07147225,3.90000009,MARSHFIELD
2007,3.047769226,2.72,3.34800265,3.08379401,0.93639344,3.66,MAYNARD
2007,3.381088889,3.11099593,3.62216245,3.55757182,2.72,3.73703477,MEDFIELD
2007,3.044635109,2.6802,3.40000009,3.20000004,1.32530615,3.75188,MEDFORD
2007,2.767177302,2.46714745,2.98744538,2.72214765,1.01844627,3.70945573,MEDWAY
2007,2.921341349,2.612,2.80362407,2.612,2.612,3.17565333,MELROSE
2007,2.884846434,2.612,3.12919535,2.79999995,2.18399484,3.65917418,MIDDLETON
2007,3.238426871,2.44747066,3.5011407,3.5,1.7495,3.56512694,MILFORD
2007,3.277723034,2.89506038,3.51217871,3.37605137,2.72,3.67493867,MILLIS
2007,3.333148613,3,3.6551648,3.3550786,2.47244039,4.5,MILTON
2007,2.96575005,2.72,3.10619216,3,1.87321565,4.5,NATICK
2007,2.598209639,2.5,2.79180686,2.64530982,1.772,2.90000009,NEWTON
2007,3.6597654,3.6597654,3.6597654,3.6597654,3.6597654,3.6597654,NORTH READING
2007,3.782946628,3.76028368,3.79999995,3.79999995,2.42129583,4,NORWELL
2007,2.789818446,2.79999995,2.79999995,2.79999995,1.81176467,2.79999995,NORWOOD
2007,3.042796001,2.5999999,3.79999995,2.79999995,1.30100689,4.5,PEABODY
2007,3.261693588,3.00573125,3.4605,3.20000004,1.52352942,3.79999995,PEMBROKE
2007,2.74678463,2.5999999,3.20000004,2.5999999,0.01465201,4.5,QUINCY
2007,3.369613487,2.81603746,3.71597674,2.81603746,2.81603746,3.90000009,RANDOLPH
2007,2.452424589,2.20000004,2.7,2.20000004,2.20000004,2.7,READING
2007,3.015116823,2.79999995,3.29040011,3,1.79169451,3.70000004,REVERE
2007,3.490516617,2.40526759,3.79999995,3.79999995,2.40526759,3.79999995,ROCKLAND
2007,2.98888276,2.76856514,3.20000004,3.20000004,0.51111111,3.83774539,SALEM
2007,3.111073394,3.0999999,3.5,3.5,0,3.7125,SAUGUS
2007,3.636878482,3.5,3.70000004,3.5999999,3.5,3.79999995,SCITUATE
2007,3.464205248,2.98081855,4.12248572,3.31904337,0.6539339,4.5,SHARON
2007,2.59064542,2.40000009,3,2.5,0.85678902,3.5999999,SOMERVILLE
2007,3.196000377,3.03510325,3.40000009,3.2951281,1.38569165,3.63675118,SOUTHBOROUGH
2007,2.604338108,2.2,2.70203799,2.64995,1.87862774,3.3615,STONEHAM
2007,3.4297772,2.85,3.96611485,3.62430191,0.29501855,4.5,STOUGHTON
2007,3.222774213,2.84481874,3.51421507,3.1875,2.3329331,4.5,SUDBURY
2007,3.142990273,2.79999995,3.47409524,3.09491242,1.92681207,3.7125,WALPOLE
2007,2.942306405,2.67563047,3.276125,3.00572015,0.77165217,3.97098714,WALTHAM
2007,2.786917184,2.5,2.72,2.5999999,1.4851217,4.5,WATERTOWN
2007,3.117182123,2.72,3.69311267,2.8,2.2,4.5,WAYLAND
2007,3.189534316,3.02352708,3.5,3.25715,1.65364285,3.5999999,WELLESLEY
2007,2.79999995,2.79999995,2.79999995,2.79999995,2.79999995,2.79999995,WENHAM
2007,3.249975231,3.00356605,3.57896611,3.2349955,1.30178012,4.2,WESTON
2007,3.454538073,3.34665565,3.6087648,3.5,2.5999999,3.88172815,WESTWOOD
2007,2.795347612,2.40000009,3.0396014,2.64943269,0,3.5999999,WEYMOUTH
2007,3.27332695,2.6460143,3.43056935,2.99260063,1.30726253,4.5,WILMINGTON
2007,3.469484307,3.40000009,3.5,3.5,3.40000009,3.5999999,WINCHESTER
2007,2.653215386,3.20000004,3.40000009,3.20000004,0,3.5,WOBURN
2007,3.40000009,3.40000009,3.40000009,3.40000009,3.40000009,3.40000009,WRENTHAM
2008,3.160838713,2.97203902,3.33958393,3.04655331,2.2,3.7125,ACTON
2008,2.371558701,2.19077163,2.6,2.42321085,0.68350122,2.922,ARLINGTON
2008,2.999706091,2.76972318,2.86840881,2.8,2.35324675,4.12155012,BEDFORD
2008,2.73855143,2.612,2.90208772,2.75201904,2.16001435,3.13282317,BELLINGHAM
2008,2.415195094,2.16061441,2.44978138,2.16061441,1.98696417,2.56603019,BELMONT
2008,2.668385459,2.47031942,2.66699714,2.65461718,1.64831012,3.85268545,BEVERLY
2008,2.382877679,1.97519954,2.85869689,2.42,0,4.5,BOSTON
2008,2.868630867,2.2,2.27435391,2.2,2.2,3.7125,BOXBOROUGH
2008,3.013085599,2.92295056,3.19916692,3.12253426,1.1046589,3.48168497,BRAINTREE
2008,2.59525811,2.29999995,2.90000009,2.66172661,1.14683666,4.5,BROOKLINE
2008,3.147662606,2.777603,3.7125,2.91647135,0.77356694,3.82823813,BURLINGTON
2008,2.475215866,2.18709817,2.8311279,2.48123415,0,3.7125,CAMBRIDGE
2008,3.225344054,2.80376737,3.68279549,3.01466504,1.49833638,4,CANTON
2008,2.209939688,1.42210875,2.84541745,2.5999999,0.11917098,3.17832974,CHELSEA
2008,3.196659928,2.96770935,3.45332784,3.22458124,2.2,3.67498671,COHASSET
2008,2.848542682,2.5,3.25371818,2.72,1.91582612,3.78503297,CONCORD
2008,2.881813468,2.5999999,3.20000004,2.86831512,0.41429175,3.99183912,DANVERS
2008,2.57134719,2.28290522,2.81547037,2.612,0.77002825,4.5,DEDHAM
2008,3.15084846,2.96372375,3.296,3.18127782,2.96372375,3.36445608,DOVER
2008,3.528210547,3.17775183,3.7125,3.56468729,3.17775183,4.14969607,DUXBURY
2008,2.084489346,1.86506832,1.86506832,1.86506832,1.86506832,2.27355386,ESSEX
2008,2.784000501,2.44306515,3,2.72801801,1.10000002,3.76604692,EVERETT
2008,3.454065257,2.72,4.35107398,3.44128761,0.01617647,4.5,FOXBOROUGH
2008,2.699498826,2.46226415,2.74697532,2.70000004,1.02004515,3.61589761,FRAMINGHAM
2008,2.994875234,2.79999995,3,2.79999995,2.79999995,3.58322631,FRANKLIN
2008,2.443149473,2.21211869,2.75508373,2.48175,1.44972225,3.0680844,GLOUCESTER
2008,3.029349874,2.5999999,3.50906356,2.925,1.80549115,3.7168665,HANOVER
2008,2.917106577,2.46996985,3.46543193,2.73488372,1.70503329,3.89167225,HINGHAM
2008,2.634762931,2.3491819,2.70867193,2.6,1.46591349,3.7125,LEXINGTON
2008,2.927142861,2.47727771,3.61406249,2.612,0.39905771,3.7125,LINCOLN
2008,2.540192387,2.2,2.72156832,2.45708023,1.4780968,3.36164981,LITTLETON
2008,2.854814528,2.7,3.24347686,2.80452823,0.69011294,3.69525545,LYNN
2008,2.801278732,2.2,3.35622987,2.9663082,0.30520231,3.49716782,LYNNFIELD
2008,2.50929775,2.22239242,2.72,2.51938813,1.26873092,3.73296415,MALDEN
2008,2.582272517,2.15009865,2.68656508,2.45922443,2.00305263,3.56435993,MANCHESTER
2008,2.731966561,2.40859411,3.02910967,2.70494353,0.27627348,3.7125,MARLBOROUGH
2008,3.309556136,3.17660897,3.62862185,3.45,0.69452118,3.71258467,MARSHFIELD
2008,3.03734375,2.72,3.34800265,3.08379401,0.93639344,3.66,MAYNARD
2008,3.381096714,3.11099593,3.62216245,3.55757182,2.72,3.73703477,MEDFIELD
2008,2.570073546,2.30304872,3.20000004,2.63228902,0.20581623,3.7125,MEDFORD
2008,2.99846175,2.46930312,3.34540291,2.7719243,1.01844627,4.5,MEDWAY
2008,2.921452565,2.612,2.80362407,2.612,2.612,3.17565333,MELROSE
2008,2.877546961,2.612,3.0298159,2.79999995,2.18399484,3.65917418,MIDDLETON
2008,3.238354693,2.44747066,3.5011407,3.5,1.7495,3.56512694,MILFORD
2008,3.277683509,2.89506038,3.51217871,3.37605137,2.72,3.67493867,MILLIS
2008,3.073880996,2.68991309,3.50666117,3,0.87374584,4.5,MILTON
2008,2.965744224,2.72,3.10619216,3,1.87321565,4.5,NATICK
2008,2.591766058,2.5,2.79180686,2.64530982,1.51415771,3.10900968,NEWTON
2008,3.6597654,3.6597654,3.6597654,3.6597654,3.6597654,3.6597654,NORTH READING
2008,3.664955039,3.68616741,3.71085721,3.70222602,1.84206957,3.71112583,NORWELL
2008,3.291577495,3.04972107,3.5541416,3.43056468,0.49572978,3.92812674,NORWOOD
2008,2.878399944,2.52836536,3.22864478,2.90000009,1.30100689,4.5,PEABODY
2008,3.174120639,2.9208116,3.41526146,3.13230468,1.97965469,3.74943385,PEMBROKE
2008,2.55616149,2.16682666,3.00587694,2.6,0.47955607,4.5,QUINCY
2008,3.373581539,2.81603746,3.71597674,2.81603746,2.81603746,3.90000009,RANDOLPH
2008,2.779265508,2.65824583,2.7,2.65824583,2.65824583,2.9775,READING
2008,2.72923334,2.49474643,2.95047904,2.76150306,1.26233762,3.70000004,REVERE
2008,3.955792977,3.69305625,4.07887452,3.7125,3.69305625,4.37813412,ROCKLAND
2008,2.88809785,2.72126588,3.20000004,3.02944999,0.51111111,3.83774539,SALEM
2008,2.974756402,2.7751077,3.22128364,3.03308115,1.66885529,3.7125,SAUGUS
2008,3.23430972,2.99275536,3.50264847,3.1875,2.12610341,3.66884499,SCITUATE
2008,3.431346224,2.96284078,4.5,3.3586171,0.25081422,4.5,SHARON
2008,2.503544488,2.03322775,3,2.55452147,0.51397205,4.5,SOMERVILLE
2008,3.196956395,3.03510325,3.40000009,3.2951281,1.38569165,3.63675118,SOUTHBOROUGH
2008,2.436802209,2.13348179,2.68306045,2.47779394,1.40699999,3.20000004,STONEHAM
2008,3.420157671,2.83244041,3.96611485,3.62430191,0.29501855,4.5,STOUGHTON
2008,3.018245327,2.84481874,3.26776417,3.11223929,1.79589039,3.7125,SUDBURY
2008,3.116419566,2.81318848,3.48704971,3.09813434,1.92681207,3.7125,WALPOLE
2008,2.751751278,2.39113997,3.17328728,2.78156596,1.20456252,3.97098714,WALTHAM
2008,2.204804137,1.782,2.50002768,2.21761504,0.73112807,3.22383619,WATERTOWN
2008,2.868258471,2.42111814,3.16057724,2.8,1.97257746,4.5,WAYLAND
2008,3.189526618,3.02352708,3.5,3.25715,1.65364285,3.5999999,WELLESLEY
2008,2.529810519,2.32462869,2.47099254,2.38806865,2.32462869,2.92793783,WENHAM
2008,3.1172513,2.97261572,3.35322418,3.12204507,1.61031147,3.90544812,WESTON
2008,3.217574854,2.77037695,3.6087648,3.34665565,1.74635829,3.88172815,WESTWOOD
2008,2.721831121,2.3451328,3.0929668,2.76561503,0.13984674,4.5,WEYMOUTH
2008,3.272903893,2.6460143,3.43056935,2.99260063,1.30726253,4.5,WILMINGTON
2008,2.496300985,2.2966292,2.54096757,2.4032029,2.18405645,3.52404113,WINCHESTER
2008,2.563672223,2.30939732,2.96231974,2.6219101,0,3.7451337,WOBURN
2008,2.699245886,2.39683579,2.75349471,2.73517877,2.325219,3.09360397,WRENTHAM
2009,3.054012274,2.75739303,3.33958393,2.91373197,2.23375967,3.7125,ACTON
2009,2.64405494,2.2530594,2.69767969,2.46207039,0.084,4.5,ARLINGTON
2009,2.999706372,2.76972318,2.86840881,2.8,2.35324675,4.12155012,BEDFORD
2009,2.73855143,2.612,2.90208772,2.75201904,2.16001435,3.13282317,BELLINGHAM
2009,4.494817086,4.46821957,4.5,4.46821957,4.46821957,4.5,BELMONT
2009,2.646009348,2.49185185,2.66699714,2.65461718,0.1121259,3.85268545,BEVERLY
2009,2.337063862,1.9317509,2.84708274,2.37448971,0.02613335,4.5,BOSTON
2009,2.834345065,2.71817284,2.72,2.71817284,2.71817284,3.27595403,BOXBOROUGH
2009,3.100352616,2.80404415,3.44015552,3.1875,2.04675,3.64132104,BRAINTREE
2009,2.550919583,2.29999995,2.79999995,2.47874375,1.60000002,4.17276527,BROOKLINE
2009,3.121015495,2.777603,3.7125,2.91647135,0.77356694,3.82823813,BURLINGTON
2009,2.338117678,1.96709854,2.74475317,2.37388553,0,3.7125,CAMBRIDGE
2009,3.245584648,3.08734654,3.59781048,3.20237294,0.23616025,3.77933614,CANTON
2009,2.238724008,1.57024232,2.5999999,2.30277251,0.11917098,4.30097687,CHELSEA
2009,3.225481322,2.81891809,3.47125469,3.20602273,2.39996793,3.69362636,COHASSET
2009,2.588505498,2.26490026,2.66819994,2.4006012,1.07594169,3.78503297,CONCORD
2009,2.610027989,2.2,2.95124999,2.63448385,0.02325581,3.99183912,DANVERS
2009,2.680932854,2.49936682,2.85867499,2.63749731,0.28724875,4.16810395,DEDHAM
2009,3.15084846,2.96372375,3.296,3.18127782,2.96372375,3.36445608,DOVER
2009,3.942421013,3.82919251,4.20807692,3.94786145,3.01489361,4.45431523,DUXBURY
2009,2.084551365,1.86506832,1.86506832,1.86506832,1.86506832,2.27355386,ESSEX
2009,2.769391338,2.49271262,3,2.72,0.64768585,3.76604692,EVERETT
2009,3.293690352,2.81067869,3.76901432,3.59931611,0.61270234,4.30720211,FOXBOROUGH
2009,2.59356025,2.3985455,2.70000004,2.612,0.492761,3.61589761,FRAMINGHAM
2009,2.8480129,2.79999995,2.85132259,2.83824488,1.76525195,3.61887968,FRANKLIN
2009,2.413006984,2.1615,2.75508373,2.48175,1.25471294,3.0680844,GLOUCESTER
2009,3.033402943,2.53105393,3.50906356,2.97626411,1.60419231,4.14874293,HANOVER
2009,3.084352162,2.56494753,3.55804523,2.8312246,1.14125,4.37081065,HINGHAM
2009,4.213242094,3.95504208,4.49442854,4.40210098,2.40000009,4.5,LEXINGTON
2009,3.503109949,2.80296553,4.13684894,3.68283824,2.02892216,4.5,LINCOLN
2009,3.782829128,2.72,4.5,3.96556181,2.20754838,4.5,LITTLETON
2009,2.551849634,2.29960129,2.73930573,2.60391896,1.43845053,3.47167445,LYNN
2009,2.788941287,2.23700374,3.08517011,3.04057142,0.55841457,3.44042655,LYNNFIELD
2009,2.414421193,1.97154579,2.72,2.51512817,1.17163636,3.73296415,MALDEN
2009,2.573554432,2.12250792,2.68656508,2.45922443,2.00305263,3.56435993,MANCHESTER
2009,2.653787299,2.18235696,3.03773738,2.60713093,1.5668205,3.94787561,MARLBOROUGH
2009,3.234345939,3.07345036,3.43991305,3.1875,1.48404373,4.36136246,MARSHFIELD
2009,3.026140448,2.72,3.34800265,3.08379401,0.93639344,3.66,MAYNARD
2009,3.381092721,3.11099593,3.62216245,3.55757182,2.72,3.73703477,MEDFIELD
2009,2.693970932,2.26954859,3.20000004,2.8009639,0.0737169,3.66536051,MEDFORD
2009,2.819098084,2.46930312,3.16772716,2.7719243,1.01844627,3.70945573,MEDWAY
2009,2.921452565,2.612,2.80362407,2.612,2.612,3.17565333,MELROSE
2009,2.746928152,2.4077631,2.84503057,2.64859119,1.87006197,4.01946796,MIDDLETON
2009,3.238354693,2.44747066,3.5011407,3.5,1.7495,3.56512694,MILFORD
2009,3.249255322,2.73165286,3.51217871,3.37605137,2.65705272,3.67493867,MILLIS
2009,3.087127262,2.72156131,3.50383728,3,1.3131213,3.88728006,MILTON
2009,2.94654459,2.71238401,3.10619216,2.9915,1.87321565,4.5,NATICK
2009,2.585365523,2.45740323,2.79180686,2.61633628,1.69660868,3.31422241,NEWTON
2009,3.07990358,3.07990358,3.07990358,3.07990358,3.07990358,3.07990358,NORTH READING
2009,3.922684171,3.9427824,4.04516033,3.9427824,3.13833648,4.24229259,NORWELL
2009,3.327715083,3.17510748,3.7125,3.42758135,0.68238281,4.22110484,NORWOOD
2009,2.755266618,2.2,3.22191073,2.90000009,0.31344668,4.5,PEABODY
2009,3.268961187,3.00573125,3.48485,3.2076537,0.92306665,4.32706686,PEMBROKE
2009,2.57103001,2.12312086,2.90391631,2.66034806,0.71678594,4.07869122,QUINCY
2009,3.189526485,2.82891651,3.13924894,3.13924894,2.82891651,3.67360434,RANDOLPH
2009,2.648030375,2.2201027,2.87180287,2.2201027,2.2201027,2.98139575,READING
2009,2.677289539,2.2770836,3,2.79999995,0.39499107,4.17609832,REVERE
2009,3.745687782,3.53530315,3.7125,3.53530315,3.53530315,4.08231946,ROCKLAND
2009,2.680462952,2.33910865,3.20000004,2.8,0.65245079,3.5,SALEM
2009,2.971339016,2.80682879,3.1875,3.0999999,1.07526362,4.04475938,SAUGUS
2009,3.15068113,2.91857734,3.40129789,3.11019114,2.12610341,3.68255217,SCITUATE
2009,3.416987328,2.96284078,4.04466128,3.37613374,0.04103343,4.5,SHARON
2009,2.585479335,2.28083735,2.84349612,2.61217976,0.51397205,4.5,SOMERVILLE
2009,3.158979194,2.94809319,3.40000009,3.237623,1.38569165,3.63675118,SOUTHBOROUGH
2009,2.440782634,2.06223469,2.63834566,2.45318519,1.75855403,3.380216,STONEHAM
2009,3.229397625,2.83244041,3.62554065,3.08961779,0.29501855,4.5,STOUGHTON
2009,2.949997084,2.72,3.1875,3.01990578,1.71494256,4.5,SUDBURY
2009,3.178004383,2.83083119,3.61397675,3.10669582,1.92681207,4.16720484,WALPOLE
2009,2.682100901,2.23715873,3.26785902,2.72169325,0.97468699,3.97098714,WALTHAM
2009,2.286210244,1.98036988,2.52472056,2.29542711,1.53511242,2.83145799,WATERTOWN
2009,2.838034043,2.32166866,2.96461708,2.8,1.89344234,4.5,WAYLAND
2009,3.138927598,2.94429054,3.5,3.24742583,1.23391375,3.5999999,WELLESLEY
2009,2.529807128,2.32462869,2.47099254,2.38806865,2.32462869,2.92793783,WENHAM
2009,3.120325449,2.78128888,3.54402691,3.03750599,1.87322695,4.12587082,WESTON
2009,3.215445712,3.09261594,3.61685817,3.34665565,1.68218396,3.88172815,WESTWOOD
2009,2.733230837,2.37079764,3.08387606,2.67226981,0.14088397,3.83733814,WEYMOUTH
2009,2.981322631,2.7790393,2.93521135,2.8,1.30726253,3.69439268,WILMINGTON
2009,2.414507713,2.25197842,2.48351041,2.35822598,1.91407607,3.38913297,WINCHESTER
2009,2.508314966,2.16026456,2.87389612,2.55843933,0.4453788,3.7125,WOBURN
2009,3.045979099,2.68951346,3.16362206,2.88119456,2.34560527,3.61759308,WRENTHAM
2010,3.053995424,2.72,3.33958393,2.97203902,2.23375967,3.7125,ACTON
2010,2.673571296,2.21421052,2.922,2.50981338,0.084,4.5,ARLINGTON
2010,2.999711643,2.76972318,2.86840881,2.8,2.35324675,4.12155012,BEDFORD
2010,2.73853138,2.612,2.90208772,2.75201904,2.16001435,3.13282317,BELLINGHAM
2010,4.494787008,4.5,4.5,4.5,4.46821957,4.5,BELMONT
2010,2.645989813,2.49185185,2.66699714,2.65461718,0.1121259,3.85268545,BEVERLY
2010,2.342090928,1.92604098,2.84708274,2.3824488,0.02613335,4.5,BOSTON
2010,2.834249875,2.71817284,2.72,2.71817284,2.71817284,3.27595403,BOXBOROUGH
2010,3.080719694,2.61349335,3.44434568,2.96161818,2.04675,3.64132104,BRAINTREE
2010,2.554954882,2.29999995,2.79999995,2.53355498,1.60000002,4.17276527,BROOKLINE
2010,3.12231785,2.777603,3.7125,2.8,0.77356694,3.82823813,BURLINGTON
2010,2.313581582,1.95284578,2.72,2.28421369,0,3.7125,CAMBRIDGE
2010,3.259979795,3.08734654,3.59781048,3.20237294,0.23616025,3.77933614,CANTON
2010,2.238767589,1.72053578,2.62946428,2.30277251,0.11917098,4.30097687,CHELSEA
2010,3.225442183,2.81891809,3.47125469,3.20602273,2.39996793,3.69362636,COHASSET
2010,2.649671378,2.26478698,2.9786222,2.55205749,1.07594169,3.78503297,CONCORD
2010,2.610791349,2.2,2.95124999,2.63448385,0.02325581,3.99183912,DANVERS
2010,2.664327746,2.49936682,2.85350474,2.63749731,0.28724875,4.16810395,DEDHAM
2010,3.150866826,2.96372375,3.296,3.18127782,2.96372375,3.36445608,DOVER
2010,3.942417497,3.82919251,4.20807692,3.86650663,3.00717757,4.45431523,DUXBURY
2010,2.084551365,1.86506832,1.86506832,1.86506832,1.86506832,2.27355386,ESSEX
2010,2.76935635,2.49271262,3,2.72,0.64768585,3.76604692,EVERETT
2010,3.249629737,2.79588714,3.80092996,3.32521905,0.60625183,4.30720211,FOXBOROUGH
2010,2.609782436,2.40000009,2.72,2.66214106,0.492761,3.61589761,FRAMINGHAM
2010,2.852925532,2.79999995,2.85132259,2.83824488,1.76525195,3.61887968,FRANKLIN
2010,2.444527954,2.21129999,2.75508373,2.41222876,1.28493519,3.0680844,GLOUCESTER
2010,3.001382394,2.53105393,3.45872117,2.925,1.60419231,4.14874293,HANOVER
2010,3.032512325,2.56494753,3.55804523,2.8,1.14125,4.37081065,HINGHAM
2010,4.232582352,4.28561116,4.5,4.4322595,2.40000009,4.5,LEXINGTON
2010,3.480862638,3.08395136,3.7888203,3.59969909,2.02892216,4.5,LINCOLN
2010,3.782801929,2.67760459,4.4956081,3.60932142,2.55112307,4.5,LITTLETON
2010,2.541493129,2.23650491,2.74210037,2.56140148,1.43845053,3.47167445,LYNN
2010,2.808266497,2.23700374,3.08517011,3.04057142,0.55841457,3.3116739,LYNNFIELD
2010,2.413084195,1.93914513,2.72,2.51512817,1.17163636,3.73296415,MALDEN
2010,2.573554291,2.11581728,2.67733902,2.34884923,1.96876828,3.56435993,MANCHESTER
2010,2.661785681,2.18235696,3.12247924,2.5488729,1.5668205,3.94787561,MARLBOROUGH
2010,3.236573753,3.07345036,3.43991305,3.1875,1.48404373,4.36136246,MARSHFIELD
2010,3.02617737,2.72,3.34800265,3.08379401,0.93639344,3.66,MAYNARD
2010,3.381120804,3.11099593,3.62216245,3.55757182,2.72,3.73703477,MEDFIELD
2010,2.636347195,2.26954859,3.20000004,2.78848135,0.0737169,3.66536051,MEDFORD
2010,2.819113455,2.46930312,3.16772716,2.7719243,1.01844627,3.70945573,MEDWAY
2010,2.921452565,2.612,2.80362407,2.612,2.612,3.17565333,MELROSE
2010,2.746928648,2.4077631,2.84503057,2.64859119,1.87006197,4.01946796,MIDDLETON
2010,3.250039349,2.44747066,3.5011407,3.5,1.7495,3.56512694,MILFORD
2010,3.24921436,2.73165286,3.51217871,3.37605137,2.65705272,3.67493867,MILLIS
2010,3.04270423,2.61411074,3.50383728,2.93402697,1.3131213,3.88728006,MILTON
2010,2.967172184,2.72,3.2028815,3,1.3995021,4.5,NATICK
2010,2.585379138,2.5,2.79999995,2.61633628,1.69660868,3.31422241,NEWTON
2010,3.07990358,3.07990358,3.07990358,3.07990358,3.07990358,3.07990358,NORTH READING
2010,3.92267701,3.9427824,4.04226362,3.9427824,3.13833648,4.24229259,NORWELL
2010,3.358534704,3.1875,3.7125,3.42988188,0.68238281,4.22110484,NORWOOD
2010,2.780500331,2.2,3.2258878,2.90000009,0.31344668,4.5,PEABODY
2010,3.268792321,3.00573125,3.48485,3.2076537,0.92306665,4.32706686,PEMBROKE
2010,2.492156737,2.00802667,2.90391631,2.62963207,0.71678594,4.07869122,QUINCY
2010,3.189526485,2.82891651,3.13924894,3.13924894,2.82891651,3.67360434,RANDOLPH
2010,2.648145514,2.2201027,2.87180287,2.2201027,2.2201027,2.98139575,READING
2010,2.671586213,2.29999995,3,2.79999995,0.39499107,4.17609832,REVERE
2010,3.745687782,3.53530315,3.7125,3.53530315,3.53530315,4.08231946,ROCKLAND
2010,2.632027473,2.3,3.18780649,2.71516622,0.65245079,3.5,SALEM
2010,2.954163688,2.80682879,3.1875,3.0999999,1.07526362,4.04475938,SAUGUS
2010,3.159378965,2.91857734,3.40129789,3.11019114,2.12610341,3.68255217,SCITUATE
2010,3.370921832,2.87655826,3.67498267,3.3586171,0.6539339,4.5,SHARON
2010,2.59555341,2.32514162,2.84349612,2.62251628,0.51397205,4.5,SOMERVILLE
2010,3.167782458,2.94809319,3.40000009,3.28431308,1.38569165,3.73398583,SOUTHBOROUGH
2010,2.410792814,2.06223469,2.63834566,2.42198441,1.75855403,3.380216,STONEHAM
2010,3.232295193,2.87075725,3.62751929,3.08961779,0.29501855,4.5,STOUGHTON
2010,2.949901274,2.72,3.1875,3.01990578,1.71494256,4.5,SUDBURY
2010,3.299486184,2.8748352,3.62752401,3.32350099,1.92681207,4.16720484,WALPOLE
2010,2.650512593,2.23715873,3.18142182,2.66731153,0.97468699,3.97098714,WALTHAM
2010,2.272032708,1.97085,2.53750695,2.2739439,1.53511242,2.83145799,WATERTOWN
2010,2.8380311,2.32166866,2.96461708,2.8,1.89344234,4.5,WAYLAND
2010,3.155335943,2.9915,3.5,3.238175,0.64123529,3.5999999,WELLESLEY
2010,2.529807128,2.32462869,2.47099254,2.38806865,2.32462869,2.92793783,WENHAM
2010,3.107937736,2.78128888,3.54402691,3.03750599,1.87322695,4.12587082,WESTON
2010,3.208173972,3.05625,3.61443088,3.40972873,1.68218396,3.97346345,WESTWOOD
2010,2.723308779,2.37079764,3.09213972,2.72074486,0.14088397,3.83733814,WEYMOUTH
2010,2.981322631,2.8,2.93521135,2.8,1.30726253,3.69439268,WILMINGTON
2010,2.414554013,2.25197842,2.48351041,2.35822598,1.91407607,3.38913297,WINCHESTER
2010,2.515687449,2.1745065,2.87389612,2.55843933,0.4453788,3.7125,WOBURN
2010,3.043145814,2.68951346,3.16362206,2.88119456,2.34560527,3.73826428,WRENTHAM
2011,3.083718215,2.72,3.33958393,3.04618433,2.27008624,3.7125,ACTON
2011,3.141028372,2.66470705,3.76044444,2.92383419,1.28430169,4.5,ARLINGTON
2011,3.577679298,2.8,4.258,2.8,2.7,4.39052031,BEDFORD
2011,2.804462074,2.6286334,2.92169903,2.87563809,2.33354436,3.13282317,BELLINGHAM
2011,4.5,4.5,4.5,4.5,4.5,4.5,BELMONT
2011,2.671868617,2.52625412,2.66699714,2.65461718,1.55023041,3.86863757,BEVERLY
2011,2.446234014,1.94724131,2.91163226,2.42935101,0.04030601,4.5,BOSTON
2011,2.843843984,2.72,2.72,2.72,2.72,3.3181734,BOXBOROUGH
2011,3.071707586,2.61349335,3.56229181,2.9,2.04675,3.6464917,BRAINTREE
2011,2.556580277,2.29999995,2.79999995,2.53355498,1.60000002,4.17276527,BROOKLINE
2011,3.925344131,3.5999999,4.36277836,3.90973451,2.28596345,4.5,BURLINGTON
2011,2.754744494,2.21882773,3.2,2.74360298,0,4.30474137,CAMBRIDGE
2011,3.271683333,3.08734654,3.48690499,3.20053417,0.23616025,3.74538398,CANTON
2011,3.432893014,2.781471,3.76404669,3.19472247,2.30277251,4.4,CHELSEA
2011,3.226581406,2.81891809,3.47125469,3.20602273,2.39996793,3.69362636,COHASSET
2011,2.627386369,2.229517,2.9786222,2.55205749,1.07594169,3.78503297,CONCORD
2011,2.635372343,2.2,2.95933683,2.63448385,0.02887139,3.99183912,DANVERS
2011,2.901720164,2.47356591,3.07937587,2.72858239,1.04230344,4.5,DEDHAM
2011,3.150866826,2.96372375,3.296,3.18127782,2.96372375,3.36445608,DOVER
2011,3.945915812,3.82919251,4.20807692,3.86993973,3.03460124,4.45431523,DUXBURY
2011,2.084551365,1.86506832,1.86506832,1.86506832,1.86506832,2.27355386,ESSEX
2011,2.845596674,2.56188499,3.24078925,2.84055367,1.10000002,3.76604692,EVERETT
2011,3.76428686,3.1,4.42030696,3.80092996,2.28991927,4.5,FOXBOROUGH
2011,2.655049615,2.40088937,2.72,2.69830181,0.492761,3.61589761,FRAMINGHAM
2011,2.840285991,2.55821354,2.846516,2.79999995,1.76525195,3.7902203,FRANKLIN
2011,2.427251883,2.17023529,2.64027816,2.38677454,1.47572182,3.0680844,GLOUCESTER
2011,3.015954865,2.72314232,3.45872117,2.925,1.88049449,4.15103686,HANOVER
2011,3.062627329,2.52614412,3.55804523,2.8312246,1.1278481,4.37081065,HINGHAM
2011,4.272863062,4.40210098,4.5,4.49129082,2.40000009,4.5,LEXINGTON
2011,3.488960419,3.08395136,3.7888203,3.61406249,2.02892216,4.5,LINCOLN
2011,3.80993915,2.67760459,4.5,3.60932142,2.58603926,4.5,LITTLETON
2011,2.560414209,2.32405233,2.74210037,2.60391896,1.43845053,3.47167445,LYNN
2011,3.480497072,3.04325842,3.49514824,3.2630597,2.62850752,4.5,LYNNFIELD
2011,2.483307394,1.93381487,2.74922458,2.51512817,1.17163636,4.5,MALDEN
2011,2.57879331,2.15492451,2.67733902,2.32332099,1.96876828,3.56435993,MANCHESTER
2011,3.219174215,2.8,3.7,3.1,1.79746648,4.5,MARLBOROUGH
2011,3.252847178,3.07345036,3.53507942,3.1875,1.75106514,4.36136246,MARSHFIELD
2011,3.063519141,2.72,3.34800265,3.08379401,1.8633147,3.66,MAYNARD
2011,3.381259848,3.11350163,3.62216245,3.55757182,2.72,3.73703477,MEDFIELD
2011,2.628131393,2.17411813,3.20000004,2.78848135,0.0737169,3.66536051,MEDFORD
2011,2.865788111,2.49981373,3.16772716,2.77367118,2.17709934,3.70945573,MEDWAY
2011,2.921452565,2.612,2.80362407,2.612,2.612,3.17565333,MELROSE
2011,2.739563647,2.35759886,2.84503057,2.64859119,1.87006197,4.01946796,MIDDLETON
2011,3.250039349,2.44747066,3.5011407,3.5,1.7495,3.56512694,MILFORD
2011,3.372250674,3.08382887,3.57102844,3.48531449,2.72,3.68172449,MILLIS
2011,3.058356415,2.62535354,3.50383728,2.93402697,2.07498889,3.88728006,MILTON
2011,3.020100328,2.72,3.29999995,3,2.27843421,4.5,NATICK
2011,2.640077334,2.5,2.79999995,2.70000004,1.772,3.31422241,NEWTON
2011,3.07990358,3.07990358,3.07990358,3.07990358,3.07990358,3.07990358,NORTH READING
2011,3.989962475,3.96338851,4.18223303,4.04226362,3.07145464,4.30168342,NORWELL
2011,3.634486366,3.47647058,3.85243722,3.7,0.85446195,4.5,NORWOOD
2011,2.804714438,2.39249513,3.21017398,2.90000009,1.63577484,3.89535558,PEABODY
2011,3.278832297,3.00573125,3.48485,3.2076537,0.88511358,4.39924037,PEMBROKE
2011,2.521746451,2.00802667,2.90391631,2.6527027,0.71678594,4.09123049,QUINCY
2011,3.214545497,3.13924894,3.13924894,3.13924894,3.13924894,3.5388095,RANDOLPH
2011,2.648030375,2.2201027,2.87180287,2.2201027,2.2201027,2.98139575,READING
2011,2.773015188,2.5999999,3.07679281,2.8471411,0.77852812,4.5,REVERE
2011,3.739345227,3.5239866,3.7125,3.5239866,3.5239866,4.08231946,ROCKLAND
2011,2.651471369,2.30811371,3.18780649,2.71516622,0.94602043,3.5,SALEM
2011,3.027418839,2.9,3.1,3.05436363,1.27661201,4.5,SAUGUS
2011,3.151020187,2.9776899,3.40129789,3.11019114,2.12610341,3.68255217,SCITUATE
2011,3.663670857,3.07305685,4.15586242,3.6075,2.28576474,4.5,SHARON
2011,2.683510131,2.37898287,2.84717747,2.66184679,0.52806172,4.5,SOMERVILLE
2011,3.241310016,3.05126709,3.40000009,3.29944699,2.63196843,3.73398583,SOUTHBOROUGH
2011,2.403973088,2.02005936,2.63834566,2.40620059,1.75855403,3.41771193,STONEHAM
2011,3.239401921,2.87075725,3.62751929,3.08961779,2.46151104,4.5,STOUGHTON
2011,3.490237033,3.1,3.55151695,3.3124031,2.72,4.5,SUDBURY
2011,3.302315029,2.9626439,3.62752401,3.10456595,2.12517236,4.5,WALPOLE
2011,3.365124764,3.1637037,3.7,3.53448717,2,4.1,WALTHAM
2011,2.535369274,2,2.72796985,2.31145228,1.53511242,4.5,WATERTOWN
2011,3.236158099,2.8,3.7,2.96461708,2.2,4.5,WAYLAND
2011,3.237292699,3.02352708,3.5,3.27331669,2.2,3.5999999,WELLESLEY
2011,2.529807128,2.32462869,2.47099254,2.38806865,2.32462869,2.92793783,WENHAM
2011,4.442733702,4.5,4.5,4.5,3.7,4.5,WESTON
2011,3.396027897,3.1,3.65348837,3.44640371,2.29999995,4.5,WESTWOOD
2011,2.775860909,2.40632881,3.10799679,2.72074486,0.98526315,3.84254589,WEYMOUTH
2011,3.123906692,2.8,3.30773512,3.06578631,2.8,3.47240016,WILMINGTON
2011,2.741455349,2.48351041,3.1,2.8,1.89660095,3.33558776,WINCHESTER
2011,2.807596576,2.31867003,3.10734987,2.72742369,0.4453788,4.5,WOBURN
2011,3.129626526,2.9,3.20560897,2.95391304,1.62699662,4.18721624,WRENTHAM
2012,3.073620266,2.824973,3.28158132,3.063123,1.9,4.31267426,ACTON
2012,3.344691445,2.52407,4.27925077,3.219203,1.682466,4.5,ARLINGTON
2012,2.816590264,2.42923626,3.29488701,2.67257789,1.609958,3.660852,ASHLAND
2012,3.063721664,2.8,2.99145797,2.99145797,2.73411123,3.60670159,BEDFORD
2012,2.549085654,2.29094185,2.8,2.6,1.20620634,3.55562221,BELLINGHAM
2012,3.336643639,2.53223451,4.37784817,3.29527668,1.29675,4.5,BELMONT
2012,2.591271865,2.42093606,2.733038,2.6,1.55857,3.776469,BEVERLY
2012,3.170058107,3.185054,3.21084062,3.185054,2.657372,3.323174,BOLTON
2012,2.570697052,2.211615,2.86328008,2.551114,1.32534329,4.5,BOSTON
2012,2.448784567,2.2,2.46794098,2.41217515,2.2,2.5817472,BOXBOROUGH
2012,2.996938211,2.55160099,3.36974518,2.962239,1.4865,4.5,BRAINTREE
2012,2.662599024,2.425974,2.9293047,2.671594,1.1930446,3.865067,BROOKLINE
2012,2.962299404,2.407469,3.55520338,3.078522,1.950995,4.33162378,BURLINGTON
2012,2.386289053,2.005073,2.62437241,2.262602,1.308579,4.5,CAMBRIDGE
2012,3.099384629,2.71511285,3.404256,3,1.701157,4.5,CANTON
2012,2.849227684,2.596737,2.992025,2.70046592,1.575496,4.44312671,CHELSEA
2012,3.303504891,2.88459838,3.59412137,3.19544697,2.2365,3.95104944,COHASSET
2012,3.03153387,2.564982,3.52994422,2.82228858,1.482,4.5,CONCORD
2012,2.958386442,2.48315075,3.3832525,2.74449621,1.482,4.5,DANVERS
2012,3.108809826,2.716483,3.467433,3.05623602,1.499978,4.5,DEDHAM
2012,4.203413966,4.10227272,4.276202,4.15474601,3.97836638,4.5,DOVER
2012,3.462062316,2.99569654,4.00907031,3.40110229,1.857,4.5,DUXBURY
2012,4.416466164,4.34452693,4.34452693,4.34452693,4.34452693,4.5,ESSEX
2012,2.716922405,2.0999999,3.11175541,2.74967195,1.10000002,4.5,EVERETT
2012,3.169122313,2.659067,3.7125,2.9,1.32839767,4.5,FOXBOROUGH
2012,3.10355754,2.42625,3.7125,2.97732385,1.107,4.5,FRAMINGHAM
2012,2.51686382,2.08759,2.839904,2.44572101,1.47337864,3.56180748,FRANKLIN
2012,3.530887242,2.79999995,4.42392484,3.78273396,1.482,4.5,GLOUCESTER
2012,2.781424078,2.27926579,2.80440111,2.66331236,1.9,4.32665014,HAMILTON
2012,2.840175256,2.33176715,3.22208936,2.89558045,1.685298,4.28721257,HANOVER
2012,2.855868451,2.55786973,3.28127385,2.753834,1.797236,3.79999995,HINGHAM
2012,2.636101917,2.16326111,3.16418629,2.449804,1.482,4.49638223,HOLBROOK
2012,2.831744528,2.44472668,3.21815768,2.77005097,1.9,4.37949224,HOLLISTON
2012,2.491508093,2.2,2.79871216,2.45502438,1.482,3.7125,HOPKINTON
2012,2.53141415,2.162273,2.78370655,2.45618986,1.107,4.5,HUDSON
2012,2.553374406,2.225683,2.654085,2.59585385,1.67175,3.69312131,IPSWICH
2012,3.405742837,2.6,4.20940594,3.29833125,1.11071282,4.5,LEXINGTON
2012,3.371707869,2.814555,4.29470901,3.23105136,1.61771166,4.5,LINCOLN
2012,3.09486025,2.47198304,3.56046569,2.88905164,1.27824277,4.5,LITTLETON
2012,2.558590421,2.17145824,2.8888183,2.50854458,1.107,3.7125,LYNN
2012,2.709335485,2.22755705,2.8196366,2.6,1.84456501,3.7125,LYNNFIELD
2012,2.424451802,2.12174442,2.66582331,2.336038,1.610533,4.013128,MALDEN
2012,4.265073208,3.7125,4.5,4.47674599,3.49148006,4.5,MANCHESTER
2012,2.833461922,2.38664925,3.1875,2.817056,1.31713043,4.484303,MARBLEHEAD
2012,2.56291546,2.15566733,2.8442363,2.44752865,1.75403991,4.5,MARLBOROUGH
2012,3.040348736,2.75,3.29953771,3.05773976,1.93221155,4.5,MARSHFIELD
2012,2.311652873,1.97438645,2.62094445,2.273628,1.10876056,3.39201919,MAYNARD
2012,3.046672685,2.78085619,3.3540961,2.93534248,1.809264,3.72246361,MEDFIELD
2012,2.760791991,2.27869453,3.18573936,2.763418,1.39999997,4.5,MEDFORD
2012,3.011992183,2.66062,3.55324,3.15737187,1.34760457,4.27086165,MEDWAY
2012,3.009341301,2.6544767,3.46648782,3.011955,1.692876,3.7125,MELROSE
2012,2.724248336,2.278416,3.037173,2.72,1.55283011,3.63978583,MIDDLETON
2012,2.608212703,2.2365,2.9,2.6,1.26331062,4.5,MILFORD
2012,2.838726776,2.7055485,3.01891867,2.8,2.017219,3.39674035,MILLIS
2012,2.799998321,2.40083,3.14984843,2.72055378,1.107,4.46225571,MILTON
2012,2.6625,2.6625,2.6625,2.6625,2.6625,2.6625,NAHANT
2012,2.907439933,2.37606297,3.18803516,2.74000952,1.628592,4.5,NATICK
2012,2.732253397,2.436306,3.10958848,2.71496473,1.52818196,3.618698,NEEDHAM
2012,2.783246416,2.2287257,3.15866625,2.69750987,1.540189,4.5,NEWTON
2012,2.51443956,2.2,2.62009874,2.44481898,1.88010691,4.098403,NORTH READING
2012,3.366972132,3.050483,3.39902924,3.31349856,1.482,4.5,NORWELL
2012,3.186752178,3.02902577,3.34086147,3.16991232,2.10024326,4.5,NORWOOD
2012,2.866855073,2.59271876,3.08516844,2.72,1.50641791,4.5,PEABODY
2012,2.854829071,2.21733687,3.31247502,2.8275108,1.107,4.36070705,PEMBROKE
2012,2.688250191,2.189515,3.026667,2.750379,1,4.5,QUINCY
2012,2.988746937,2.277439,3.65230491,2.896425,1.107,4.46750132,RANDOLPH
2012,2.56185453,2.36049442,2.64951188,2.57511277,1.482,4.5,READING
2012,2.733463862,2.40206294,2.90000009,2.7945,1.65311,4.16301639,REVERE
2012,2.940833388,2.63632894,2.93149224,2.93149224,2.63632894,3.47050748,ROCKLAND
2012,1.867722147,1.66900527,1.98830538,1.80249418,1.482,2.6625,ROCKPORT
2012,2.7739456,2.268223,3.20000004,2.74856189,1,4.5,SALEM
2012,2.795245261,2.36414,3.0999999,2.79879059,1.482,4.30655991,SAUGUS
2012,3.048516589,2.82732396,3.19912386,3.06425415,1.723613,3.7125,SCITUATE
2012,2.964183238,2.48315439,3.27530948,2.96284078,1.87303361,4.5,SHARON
2012,2.849850215,2.6,2.80026024,2.73064332,2.088756,4.5,SHERBORN
2012,2.469751761,2.2,2.69211695,2.430187,1.509649,3.88547915,SOMERVILLE
2012,2.684071091,2.48807378,2.79665351,2.72580158,1.9,3.32174456,SOUTHBOROUGH
2012,2.531767914,2.17001716,2.88971387,2.5158267,1.88826654,3.7125,STONEHAM
2012,3.492973042,2.70994391,4.20884,3.49420811,1.844121,4.5,STOUGHTON
2012,2.621313513,2.20036697,2.97677709,2.484241,1.67175,3.83644704,STOW
2012,2.821753665,2.57661627,3.07812462,2.85968393,1.90187441,3.82844919,SUDBURY
2012,2.219605085,1.99369322,2.434677,2.17864094,1.107,3.44024,SWAMPSCOTT
2012,2.773571506,2.37877025,2.80796081,2.6,1.89365404,4.11424004,TOPSFIELD
2012,2.391063082,1.8615,2.68859689,2.44028997,1.5133238,4.5,WAKEFIELD
2012,2.829544471,2.424265,3.1875,2.88843534,1.1319005,4.5,WALPOLE
2012,2.773059985,2.364816,3.07473349,2.774986,1.837752,4.5,WALTHAM
2012,2.119638119,1.8615,2.285587,2.052314,1.29675,3.69236111,WATERTOWN
2012,2.876594019,2.57968182,3.22395292,2.84821582,1.810168,4.46729255,WAYLAND
2012,2.573975847,2.25083481,2.76439745,2.54038346,1.58645156,4.25353743,WELLESLEY
2012,3.354297842,2.98227854,3.7125,3.357443,2.50247435,3.7125,WENHAM
2012,3.108652286,2.6625,3.54982671,3.10435303,1.740243,4.45847609,WESTON
2012,2.801880705,2.44290676,3.00305,2.70526315,1.67175,4.5,WESTWOOD
2012,2.627019028,2.2365,2.83206797,2.6,1.60000002,4.5,WEYMOUTH
2012,2.806476012,2.4001058,3.11134032,2.64794832,1.73990944,4.5,WILMINGTON
2012,2.593368346,1.95816806,3.12450638,2.39950632,1.482,4.5,WINCHESTER
2012,2.594499298,2.29140598,2.897408,2.683419,0,3.807,WOBURN
2012,2.468758813,2.17967382,2.67702379,2.48950514,1.57942176,3.02333219,WRENTHAM
2013,3.059615653,2.82873578,3.27176515,3.01680661,1.9,4.31267426,ACTON
2013,3.363455822,2.53451355,4.30013476,3.317426,1.682466,4.5,ARLINGTON
2013,2.788860042,2.46497018,3.17253203,2.70031314,1.60965506,3.66640391,ASHLAND
2013,3.064063117,2.8,2.99271717,2.99271717,2.73411123,3.60670159,BEDFORD
2013,2.548053827,2.32067923,2.8,2.6,1.20921597,3.49843814,BELLINGHAM
2013,3.336742551,2.53223451,4.37792141,3.2405313,1.29675,4.5,BELMONT
2013,2.586945012,2.4030598,2.72065997,2.6,1.56895017,3.76758904,BEVERLY
2013,3.170032898,2.657372,3.21157078,3.185054,2.657372,3.323174,BOLTON
2013,2.572205924,2.21975132,2.86328008,2.55727402,1.33754474,4.5,BOSTON
2013,2.448784567,2.2,2.46794098,2.41217515,2.2,2.5817472,BOXBOROUGH
2013,3.00372341,2.60135674,3.36974518,2.96103447,1.4865,4.5,BRAINTREE
2013,2.647419652,2.425974,2.8292021,2.68030172,1.10253845,3.865067,BROOKLINE
2013,2.962827196,2.407469,3.55520338,3.078522,1.950995,4.33162378,BURLINGTON
2013,2.380736175,1.99976649,2.62437241,2.25699079,1.308579,4.5,CAMBRIDGE
2013,3.099417648,2.70885826,3.41153568,2.99298091,1.701157,4.5,CANTON
2013,2.854055837,2.59865638,3.05608253,2.70046592,1.575496,4.44312671,CHELSEA
2013,3.303504891,2.88459838,3.59412137,3.19544697,2.2365,3.95104944,COHASSET
2013,3.031436623,2.564982,3.53006618,2.82228858,1.482,4.5,CONCORD
2013,2.959731577,2.49569643,3.3832525,2.79976265,1.482,4.5,DANVERS
2013,3.124562479,2.71796401,3.64182816,3.070182,1.499978,4.5,DEDHAM
2013,4.222038906,4.1226278,4.276202,4.15474601,4.10227272,4.437745,DOVER
2013,3.463019105,2.99569654,4.00907031,3.40110229,1.857,4.5,DUXBURY
2013,4.422313337,4.35541229,4.35541229,4.35541229,4.35541229,4.49999697,ESSEX
2013,2.719769158,2.0999999,3.11193432,2.772603,1.10000002,4.5,EVERETT
2013,3.166104155,2.659067,3.7125,2.881038,1.107,4.5,FOXBOROUGH
2013,3.103757187,2.48509977,3.68197705,2.94165752,1.107,4.5,FRAMINGHAM
2013,2.517410121,2.09799276,2.82983885,2.44633862,1.478039,3.56180748,FRANKLIN
2013,3.542541419,2.91773049,4.36859505,3.7125,1.482,4.5,GLOUCESTER
2013,2.781420493,2.27857653,2.79977821,2.65643605,1.91182416,4.31884634,HAMILTON
2013,2.827956404,2.31735952,3.22208936,2.89558045,1.685298,4.28727661,HANOVER
2013,2.854376104,2.55786973,3.28127385,2.753834,1.797236,3.79999995,HINGHAM
2013,2.646910745,2.19708991,3.16418629,2.510718,1.482,4.49638223,HOLBROOK
2013,2.831734308,2.44472668,3.21815768,2.768186,1.9,4.37949224,HOLLISTON
2013,2.456752648,2.18024961,2.8,2.44509238,1.48292703,3.70428255,HOPKINTON
2013,2.535378008,2.162273,2.78358231,2.45618986,1.107,4.5,HUDSON
2013,2.553169575,2.23205663,2.65233217,2.6,1.67175,3.69045786,IPSWICH
2013,3.403305934,2.6,4.30973625,3.29790659,1.11108119,4.5,LEXINGTON
2013,3.373350545,2.814555,4.23648749,3.23105136,1.61773649,4.5,LINCOLN
2013,3.0950898,2.47198304,3.56046569,2.88905164,1.27824277,4.5,LITTLETON
2013,2.560526559,2.16345338,2.89494765,2.50854458,1.107,3.7125,LYNN
2013,2.716455118,2.24857559,2.8196366,2.6,1.84456501,3.7125,LYNNFIELD
2013,2.427339487,2.119277,2.74152477,2.336038,1.610533,3.98936042,MALDEN
2013,4.262488023,3.7125,4.5,4.47323524,3.49101291,4.5,MANCHESTER
2013,2.833969412,2.38664925,3.1875,2.817056,1.33600415,4.484303,MARBLEHEAD
2013,2.581690816,2.15716956,2.83330433,2.47428351,1.75403991,4.5,MARLBOROUGH
2013,3.024274252,2.74935905,3.29953771,3.05159474,1.93221155,4.26306583,MARSHFIELD
2013,2.311550462,1.97438645,2.65112462,2.26621039,1.15536966,3.39201919,MAYNARD
2013,3.042905832,2.76756677,3.35163469,2.92976556,1.809264,3.73465278,MEDFIELD
2013,2.760273067,2.274135,3.18573936,2.76504388,1.39999997,4.48558286,MEDFORD
2013,3.012090901,2.66062,3.54821878,3.15737187,1.34760457,4.27822681,MEDWAY
2013,3.009331835,2.6544767,3.46648782,3.011955,1.692876,3.7125,MELROSE
2013,2.724050825,2.20356136,3.037173,2.72,1.55283011,3.63978583,MIDDLETON
2013,2.613634207,2.2365,2.908829,2.6,1.2643203,4.5,MILFORD
2013,2.838746554,2.7055485,3.01891867,2.8,2.017219,3.39758689,MILLIS
2013,2.797357309,2.41141436,3.13805,2.718603,1.107,4.46225571,MILTON
2013,2.6625,2.6625,2.6625,2.6625,2.6625,2.6625,NAHANT
2013,2.904405936,2.40305723,3.16867659,2.74000952,1.66914885,4.5,NATICK
2013,2.65100398,2.36166325,2.96910438,2.672531,1.52818196,3.61703221,NEEDHAM
2013,2.777109852,2.2287257,3.19591828,2.6928468,1.540189,4.5,NEWTON
2013,2.514198677,2.2,2.61915276,2.44634484,1.88805456,4.09318911,NORTH READING
2013,3.366791097,3.03821289,3.39870521,3.31349856,1.48484016,4.5,NORWELL
2013,3.175135911,3.01577934,3.34066881,3.15695211,2.10024326,4.5,NORWOOD
2013,2.86319697,2.59237223,3.05869785,2.722364,1.50641791,4.5,PEABODY
2013,2.856055958,2.21735562,3.28775273,2.85693379,1.107,4.36070705,PEMBROKE
2013,2.717454619,2.2,3.14104139,2.796733,1,4.4052591,QUINCY
2013,2.979925084,2.27937938,3.5999999,2.90504796,1.107,4.48223143,RANDOLPH
2013,2.561762597,2.36263733,2.65235919,2.58076229,1.482,4.5,READING
2013,2.740429992,2.40217005,2.98111283,2.78864336,1.65311,4.16301639,REVERE
2013,2.944717506,2.63632894,2.9584236,2.76971875,2.63632894,3.44832083,ROCKLAND
2013,1.868375041,1.66479765,1.98830538,1.80552228,1.482,2.65525973,ROCKPORT
2013,2.773963931,2.25869813,3.20000004,2.74896447,1,4.5,SALEM
2013,2.795407603,2.33546377,3.0999999,2.799853,1.482,4.30655991,SAUGUS
2013,3.040755658,2.82732396,3.19912386,3.06425415,1.723613,3.7125,SCITUATE
2013,2.892272826,2.51335266,3.1875,2.9402336,1.87240958,4.19231337,SHARON
2013,2.856812503,2.6,2.80026024,2.71838994,2.088756,4.5,SHERBORN
2013,2.467552739,2.2,2.69211695,2.430187,1.509649,3.83660189,SOMERVILLE
2013,2.685166053,2.47042997,2.84449748,2.71771853,1.9,3.28424021,SOUTHBOROUGH
2013,2.53185764,2.17815869,2.88971387,2.5158267,1.89183292,3.7125,STONEHAM
2013,3.487544684,2.69263986,4.29933444,3.47757657,1.775766,4.5,STOUGHTON
2013,2.62134814,2.20036697,2.97677709,2.484241,1.67175,3.83644704,STOW
2013,2.822243424,2.58816296,3.02014947,2.85607128,1.92274251,3.79781117,SUDBURY
2013,2.219373559,1.98399297,2.4001352,2.17923394,1.11781504,3.41003829,SWAMPSCOTT
2013,2.773459539,2.3785504,2.80587227,2.56572835,1.89365404,4.11424004,TOPSFIELD
2013,2.390487836,1.86614408,2.68859689,2.40216357,1.52522737,4.5,WAKEFIELD
2013,2.81440979,2.44803806,3.1875,2.83919479,1.12153963,4.08099055,WALPOLE
2013,2.801064255,2.42543964,3.07671428,2.81643228,1.837752,4.5,WALTHAM
2013,2.144680787,1.8615,2.38474121,2.06702372,1.29675,3.10787412,WATERTOWN
2013,2.875613891,2.6,3.22254984,2.84607174,1.80681535,4.43234587,WAYLAND
2013,2.575054729,2.26062176,2.75381387,2.54233223,1.590305,4.24832093,WELLESLEY
2013,3.354571592,2.94111931,3.7125,3.41363973,2.52019053,3.7125,WENHAM
2013,3.109084422,2.73678147,3.53268939,3.08618755,1.740243,4.45956833,WESTON
2013,2.801869963,2.44290676,3.00305,2.70526315,1.67175,4.5,WESTWOOD
2013,2.627076237,2.313954,2.83206797,2.65666197,1.60000002,3.89515283,WEYMOUTH
2013,2.806731566,2.37951202,3.14229133,2.66054116,1.73990944,4.45683977,WILMINGTON
2013,2.593359262,1.95816806,3.0999999,2.39950632,1.482,4.5,WINCHESTER
2013,2.594360874,2.29140598,2.9,2.683419,0,3.807,WOBURN
2013,2.469143832,2.182574,2.6718264,2.4813207,1.57942176,3.02329692,WRENTHAM
2014,3.131923284,2.7962419,3.35594968,3.03001465,1.653865,4.5,ACTON
2014,3.447385971,2.668034,4.3494544,3.52363953,1.682466,4.5,ARLINGTON
2014,2.799790241,2.33208055,3.257824,2.63726463,1.609958,3.770679,ASHLAND
2014,3.07464742,2.8,2.99252801,2.99252801,2.73557678,3.62603223,BEDFORD
2014,2.818075512,2.482973,2.94384918,2.70804795,1.509324,4.5,BELLINGHAM
2014,3.379753336,2.5823313,4.37781916,3.14188428,1.7372617,4.5,BELMONT
2014,2.574415592,2.3830871,2.695834,2.6,1.74337999,3.40000009,BEVERLY
2014,3.02916112,2.664499,3.1875,3.1875,2.664499,3.1875,BOLTON
2014,2.596097395,2.244203,2.86548417,2.50578657,0.83064515,4.5,BOSTON
2014,2.404107004,2.2,2.34721558,2.317144,2.2,2.57942898,BOXBOROUGH
2014,2.96176305,2.6,3.263142,2.964651,1.4865,4.5,BRAINTREE
2014,2.62523239,2.39775029,2.8677491,2.65448629,1.33135541,3.7125,BROOKLINE
2014,3.0115428,2.56152393,3.57446923,3.10407985,1.959205,4.18852079,BURLINGTON
2014,2.435459273,2.16025117,2.620151,2.384827,1.34970841,4.5,CAMBRIDGE
2014,3.257370242,2.78169513,3.54776402,3.07917862,2.007275,4.5,CANTON
2014,2.633854524,2.442861,2.75,2.5999999,1.01078901,4.05450586,CHELSEA
2014,3.391129979,2.86820677,3.90448622,3.32621393,2.506152,4.340602,COHASSET
2014,3.1467889,2.70112866,3.61699695,3.072324,1.70008195,4.5,CONCORD
2014,2.969833398,2.47049792,3.3895928,2.76636168,1.92148,4.5,DANVERS
2014,3.186982975,2.740768,3.65251465,3.060624,1.9,4.5,DEDHAM
2014,4.234519444,4.18109494,4.27797431,4.21628417,3.44136877,4.444524,DOVER
2014,3.505229206,2.97740201,4.01285771,3.48167932,1.857,4.5,DUXBURY
2014,4.422314744,4.3554123,4.3554123,4.3554123,4.3554123,4.5,ESSEX
2014,2.689529232,2.126155,3.00127657,2.62018,1.10000002,4.5,EVERETT
2014,3.212371962,2.70128793,3.57501429,3.17048921,1.49951486,4.5,FOXBOROUGH
2014,3.108604208,2.53258634,3.60749999,2.96666872,1.25105046,4.5,FRAMINGHAM
2014,2.763579188,2.31168939,3.10411392,2.72050525,1.82427631,3.90200098,FRANKLIN
2014,3.57483605,2.942198,4.4040272,3.91092588,1.48748083,4.5,GLOUCESTER
2014,3.253554367,2.86084,3.40000009,3.12945512,2.24518187,4.41149922,HAMILTON
2014,2.87507025,2.31990634,3.22883049,2.84961353,2.037151,4.04382854,HANOVER
2014,2.893144138,2.55956993,3.28102545,2.87731436,1.92332673,4.263804,HINGHAM
2014,2.86993448,2.42625,3.19376837,2.89124546,1.482,4.2959181,HOLBROOK
2014,2.947358167,2.53790818,3.24425804,2.880799,2.195019,3.96722947,HOLLISTON
2014,2.444166831,2.22863355,2.7634161,2.371428,1.51821461,3.11263018,HOPKINTON
2014,2.869661297,2.23018358,3.40000009,2.68376309,1.482,4.5,HUDSON
2014,2.626243597,2.40916402,2.66281935,2.569402,1.48855364,4.29142799,IPSWICH
2014,3.439064906,2.64939271,4.30955202,3.480574,1.20579666,4.5,LEXINGTON
2014,3.364750363,2.8,4.2414683,3.23175647,1.59939076,4.5,LINCOLN
2014,3.199025406,2.45614914,3.86426435,2.87272046,1.482,4.5,LITTLETON
2014,2.603639643,2.23273609,2.859105,2.53854579,0.73199999,3.70000004,LYNN
2014,2.841846758,2.24245562,3.20771143,2.6930941,1.8734619,3.59715979,LYNNFIELD
2014,2.397702757,2.11643058,2.6445,2.337089,1.0575132,3.35434083,MALDEN
2014,4.262098134,3.7125,4.5,4.4732129,3.49101292,4.5,MANCHESTER
2014,2.807756452,2.34982597,3.203363,2.811987,1.629432,4.207357,MARBLEHEAD
2014,2.625183876,2.19584999,2.82160787,2.46599757,0.54224999,4.5,MARLBOROUGH
2014,3.480074338,3.05768956,3.67021677,3.47864688,2.17508071,4.5,MARSHFIELD
2014,2.530998397,2.182465,2.9,2.398875,1.36922925,3.853725,MAYNARD
2014,3.060152496,2.72395358,3.43964187,2.98454322,1.9,3.99460831,MEDFIELD
2014,2.710192687,2.261018,3.14126742,2.6,1.39999997,4.128498,MEDFORD
2014,2.956786569,2.497968,3.41549004,3.07236689,1.38812105,4.35775284,MEDWAY
2014,3.010804977,2.711418,3.1827152,2.99445389,2.414683,4.243365,MELROSE
2014,2.732243895,2.20597767,3.04416112,2.74297746,1.59675,3.58313706,MIDDLETON
2014,2.732640578,2.295005,3.11177644,2.64209836,1.3302,4.5,MILFORD
2014,2.835045291,2.723283,2.89349528,2.79628175,2.185541,3.31130756,MILLIS
2014,2.775634548,2.30119676,3.080403,2.74769004,1.81910981,4.19902993,MILTON
2014,3.17011873,3.08256,3.08256,3.08256,3.08256,3.24879469,NAHANT
2014,2.900889947,2.34996468,3.19217736,2.73274793,1.482,4.5,NATICK
2014,2.725103328,2.344996,2.95567,2.7163299,1.67175,4.5,NEEDHAM
2014,2.746907121,2.246976,3.095389,2.620574,1.53936949,4.5,NEWTON
2014,2.55462936,2.245972,2.6,2.48808232,2.120059,3.66401948,NORTH READING
2014,3.38711468,3.11228914,3.58409667,3.39349782,2.085375,4.5,NORWELL
2014,3.137009809,3.045,3.33662008,3.1875,1.61486989,4.36529205,NORWOOD
2014,2.804923688,2.480038,2.94748678,2.64605714,1.35,4.5,PEABODY
2014,3.057681984,2.68198865,3.59522145,3.20000004,1.4213055,4.25598318,PEMBROKE
2014,2.641952068,2.22905428,2.909858,2.587169,1,4.5,QUINCY
2014,3.478340809,2.65669136,4.40386705,3.372556,1.87837309,4.43140953,RANDOLPH
2014,2.503381077,2.27285539,2.685111,2.4390359,1.915637,4.40860026,READING
2014,2.781194173,2.5,3.012691,2.79999995,1.60268008,4.1630164,REVERE
2014,2.921544145,2.63632894,2.95842361,2.89346875,2.63632894,3.32621251,ROCKLAND
2014,1.888342587,1.71165116,1.96942796,1.857,1.61249133,2.37634724,ROCKPORT
2014,2.632332266,2.262674,3.04762,2.544116,1,3.69728313,SALEM
2014,2.880968102,2.50679661,3.0999999,2.8576692,1.61814922,4.315841,SAUGUS
2014,3.165555712,2.73853607,3.44530547,3.10826651,2.12416636,4.47283,SCITUATE
2014,2.869998771,2.40060877,3.188917,2.80500277,1.84438195,4.379096,SHARON
2014,3.038551794,2.6511335,3.388778,2.8,2.041011,4.17587479,SHERBORN
2014,2.41483432,2.239095,2.578712,2.388635,1.69372705,3.23733067,SOMERVILLE
2014,2.697686577,2.53606451,2.872672,2.72,1.9,3.29249999,SOUTHBOROUGH
2014,2.595250088,2.13627115,2.896967,2.46837034,1.90941161,4.26794127,STONEHAM
2014,3.44120202,2.60802989,4.393986,3.36262706,1.980107,4.5,STOUGHTON
2014,2.805860736,2.29901899,3.143333,2.713341,1.779651,4.5,STOW
2014,2.950783284,2.60162047,3.18121276,2.95805601,2.11640861,4.1788508,SUDBURY
2014,2.241596142,2.02374804,2.341517,2.192228,1.65037,3.241481,SWAMPSCOTT
2014,2.802344041,2.41592593,2.75235772,2.6,1.94418761,3.99118879,TOPSFIELD
2014,2.652982459,2.208057,2.74767448,2.567976,1.837221,4.461599,WAKEFIELD
2014,2.84411167,2.46317782,3.1875,2.79233801,1.58868426,3.7125,WALPOLE
2014,2.78142968,2.4999,3.00517543,2.789801,1.9519717,4.44631,WALTHAM
2014,2.129315148,1.8615,2.407461,2.10551648,1.33424999,2.948836,WATERTOWN
2014,2.908659147,2.53190198,3.299736,2.89937851,1.482,4.48236788,WAYLAND
2014,2.576114092,2.27046616,2.731703,2.52012141,1.78713461,4.10235622,WELLESLEY
2014,3.362470958,3.07509191,3.68645979,3.18927898,2.73816309,4.5,WENHAM
2014,3.096989114,2.79999995,3.38425927,2.98887081,1.972259,4.36704004,WESTON
2014,2.790596849,2.435005,3.051805,2.69157083,1.74242094,4.5,WESTWOOD
2014,2.735178542,2.32967138,2.99838284,2.69836486,1.60000002,4.078082,WEYMOUTH
2014,2.770236344,2.426075,3.05848066,2.726559,1.975888,4.114229,WILMINGTON
2014,2.623256537,1.98699582,3.0999999,2.32732499,1.50572829,4.5,WINCHESTER
2014,2.69867036,2.30567559,2.93739983,2.70000004,1.86185959,4.20922924,WOBURN
2014,2.559468515,2.37207741,2.69829924,2.6,1.76778458,3.03748755,WRENTHAM