"year","center_line_miles","sidewalk_miles","sidewalk_to_miles","sidewalk_any_miles","town"
"2006","160.84686","17.89825","0.11128","20.80145","ACTON"
"2006","133.01193","83.37821","0.62685","152.18834","ARLINGTON"
"2006","105.56996","28.36484","0.26868","31.0183","ASHLAND"
"2006","105.86738","30.457","0.28769","34.40878","BEDFORD"
"2006","125.5981","30.72471","0.24463","40.14685","BELLINGHAM"
"2006","93.07113","58.62766","0.62992","107.35128","BELMONT"
"2006","175.3303","98.46662","0.56161","169.14906","BEVERLY"
"2006","82.57102","2.11054","0.02556","2.53713","BOLTON"
"2006","1136.08","824.01536","0.72531","1514.59","BOSTON"
"2006","50.9406","4.45674","0.08749","4.45674","BOXBOROUGH"
"2006","186.06387","81.97355","0.44057","136.20348","BRAINTREE"
"2006","136.75389","97.90838","0.71595","169.76138","BROOKLINE"
"2006","141.70652","25.53044","0.18016","28.49535","BURLINGTON"
"2006","160.07247","126.6866","0.79143","236.88531","CAMBRIDGE"
"2006","142.38836","38.2292","0.26849","45.74216","CANTON"
"2006","75.86974","2.82801","0.03727","2.82801","CARLISLE"
"2006","56.22599","43.64793","0.77629","78.76631","CHELSEA"
"2006","71.76993","10.20121","0.14214","12.17059","COHASSET"
"2006","153.7357","41.43305","0.26951","55.91468","CONCORD"
"2006","162.94115","81.60194","0.50081","135.04022","DANVERS"
"2006","125.49954","65.54862","0.5223","97.47465","DEDHAM"
"2006","72.52622","1.0058","0.01387","1.15209","DOVER"
"2006","175.31763","2.91674","0.01664","3.25912","DUXBURY"
"2006","45.19459","5.76265","0.12751","6.53484","ESSEX"
"2006","81.73785","58.45183","0.71511","111.05065","EVERETT"
"2006","134.17135","38.33197","0.28569","56.18769","FOXBOROUGH"
"2006","296.96158","117.79599","0.39667","157.47964","FRAMINGHAM"
"2006","199.74718","93.68664","0.46903","135.95851","FRANKLIN"
"2006","206.17111","42.42","0.20575","64.97535","GLOUCESTER"
"2006","76.34597","10.80583","0.14154","11.66955","HAMILTON"
"2006","117.63736","9.53549","0.08106","9.7765","HANOVER"
"2006","193.69307","43.42534","0.2242","49.61773","HINGHAM"
"2006","57.851","25.18463","0.43534","44.35917","HOLBROOK"
"2006","109.78822","34.98291","0.31864","46.57322","HOLLISTON"
"2006","147.76109","43.58941","0.295","44.59451","HOPKINTON"
"2006","116.62564","42.88794","0.36774","71.81088","HUDSON"
"2006","64.53091","22.13322","0.34299","30.65039","HULL"
"2006","136.65186","14.78262","0.10818","19.14415","IPSWICH"
"2006","201.47204","59.46252","0.29514","74.45854","LEXINGTON"
"2006","89.59116","1.75336","0.01957","1.75336","LINCOLN"
"2006","113.54973","12.10147","0.10657","12.10147","LITTLETON"
"2006","199.27396","140.81319","0.70663","259.90156","LYNN"
"2006","82.84584","53.94478","0.65115","89.84486","LYNNFIELD"
"2006","124.93833","89.3856","0.71544","170.04433","MALDEN"
"2006","53.48937","12.7325","0.23804","17.85726","MANCHESTER"
"2006","89.70038","43.24982","0.48216","72.96781","MARBLEHEAD"
"2006","213.2617","83.43798","0.39125","137.59278","MARLBOROUGH"
"2006","204.24472","45.28682","0.22173","57.0543","MARSHFIELD"
"2006","60.29161","15.30215","0.2538","24.03743","MAYNARD"
"2006","97.79188","32.90343","0.33646","55.96637","MEDFIELD"
"2006","150.96149","107.53209","0.71231","194.36435","MEDFORD"
"2006","92.26692","26.74178","0.28983","30.42582","MEDWAY"
"2006","88.72006","57.95105","0.65319","105.7734","MELROSE"
"2006","70.21385","15.25311","0.21724","17.50368","MIDDLETON"
"2006","144.56077","55.15732","0.38155","76.95185","MILFORD"
"2006","66.27072","16.26539","0.24544","23.2751","MILLIS"
"2006","154.12521","81.14712","0.5265","132.58454","MILTON"
"2006","20.38977","11.01176","0.54006","16.46592","NAHANT"
"2006","183.79409","91.75148","0.49921","143.83635","NATICK"
"2006","155.90767","105.93557","0.67948","185.32526","NEEDHAM"
"2006","353.67161","258.6405","0.7313","456.45356","NEWTON"
"2006","90.11937","15.14003","0.168","15.14003","NORFOLK"
"2006","97.60726","35.71322","0.36589","62.73131","NORTH READING"
"2006","109.48888","4.90422","0.04479","5.59968","NORWELL"
"2006","139.24502","79.66915","0.57215","141.84849","NORWOOD"
"2006","226.52159","127.69198","0.56371","237.72123","PEABODY"
"2006","137.16202","28.76028","0.20968","32.79726","PEMBROKE"
"2006","265.0427","188.67286","0.71186","345.85307","QUINCY"
"2006","136.32726","72.82751","0.53421","117.66003","RANDOLPH"
"2006","111.34033","48.82475","0.43852","82.44484","READING"
"2006","119.0363","77.11355","0.64782","131.38421","REVERE"
"2006","84.80143","42.99486","0.50701","60.56269","ROCKLAND"
"2006","64.16766","9.9348","0.15483","13.69355","ROCKPORT"
"2006","128.49547","76.87571","0.59828","135.49345","SALEM"
"2006","131.08185","43.805","0.33418","71.14942","SAUGUS"
"2006","143.85174","28.44697","0.19775","30.71596","SCITUATE"
"2006","149.63699","56.23328","0.3758","91.66736","SHARON"
"2006","65.77063","11.49171","0.17472","11.49171","SHERBORN"
"2006","114.37078","98.18083","0.85844","182.5694","SOMERVILLE"
"2006","101.78599","13.2565","0.13024","14.01211","SOUTHBOROUGH"
"2006","91.0876","45.69496","0.50166","78.43133","STONEHAM"
"2006","157.96914","45.44326","0.28767","51.36854","STOUGHTON"
"2006","77.24346","7.65854","0.09915","7.65854","STOW"
"2006","170.30929","4.74762","0.02788","5.18054","SUDBURY"
"2006","54.8415","36.39118","0.66357","66.58793","SWAMPSCOTT"
"2006","72.63196","13.21693","0.18197","13.21693","TOPSFIELD"
"2006","112.66737","64.747","0.57467","111.96384","WAKEFIELD"
"2006","161.72057","73.9091","0.45702","94.96859","WALPOLE"
"2006","225.72864","104.27069","0.46193","187.58456","WALTHAM"
"2006","103.8433","71.46804","0.68823","133.99678","WATERTOWN"
"2006","115.37486","8.70023","0.07541","9.88914","WAYLAND"
"2006","155.61436","67.2759","0.43232","101.09497","WELLESLEY"
"2006","39.57164","7.36644","0.18615","8.05305","WENHAM"
"2006","132.22214","20.50232","0.15506","22.36942","WESTON"
"2006","108.01032","32.28381","0.2989","35.62506","WESTWOOD"
"2006","229.75945","100.64497","0.43804","153.07362","WEYMOUTH"
"2006","154.59928","31.52477","0.20391","52.3621","WILMINGTON"
"2006","104.3514","49.34577","0.47288","81.79031","WINCHESTER"
"2006","44.92858","35.22143","0.78394","63.65799","WINTHROP"
"2006","180.24264","76.20455","0.42279","123.19813","WOBURN"
"2006","115.10713","22.69175","0.19714","24.8262","WRENTHAM"
"2007","161.71988","17.85232","0.11039","20.74506","ACTON"
"2007","133.25144","83.3644","0.62562","152.13649","ARLINGTON"
"2007","106.71392","28.36474","0.2658","31.0182","ASHLAND"
"2007","106.29591","30.45711","0.28653","34.40877","BEDFORD"
"2007","126.09323","30.83045","0.24451","40.25174","BELLINGHAM"
"2007","92.95509","58.56314","0.63002","107.21966","BELMONT"
"2007","177.26911","98.55187","0.55594","169.47611","BEVERLY"
"2007","82.54704","2.08721","0.02529","2.51351","BOLTON"
"2007","1128.22","823.26342","0.7297","1512.93","BOSTON"
"2007","51.65767","4.45674","0.08627","4.45674","BOXBOROUGH"
"2007","183.91583","82.41049","0.44809","136.81007","BRAINTREE"
"2007","127.43331","97.1555","0.7624","168.90401","BROOKLINE"
"2007","143.16245","25.55321","0.17849","28.51812","BURLINGTON"
"2007","161.22906","126.83876","0.7867","236.72257","CAMBRIDGE"
"2007","143.68553","38.25625","0.26625","45.77099","CANTON"
"2007","76.46797","2.82812","0.03698","2.82812","CARLISLE"
"2007","56.14212","43.65446","0.77757","78.8343","CHELSEA"
"2007","71.5688","10.16965","0.1421","12.1393","COHASSET"
"2007","154.99284","41.31812","0.26658","55.68501","CONCORD"
"2007","162.71473","81.22498","0.49919","134.63655","DANVERS"
"2007","126.06429","65.55562","0.52002","97.48498","DEDHAM"
"2007","72.16154","1.0058","0.01394","1.15209","DOVER"
"2007","175.80672","2.91616","0.01659","3.25853","DUXBURY"
"2007","43.93234","5.76265","0.13117","6.53484","ESSEX"
"2007","81.85677","58.43635","0.71389","111.00527","EVERETT"
"2007","135.52923","38.43312","0.28358","56.39122","FOXBOROUGH"
"2007","298.47615","117.91781","0.39507","157.90804","FRAMINGHAM"
"2007","201.37989","93.48873","0.46424","135.79483","FRANKLIN"
"2007","206.89226","42.51188","0.20548","65.14803","GLOUCESTER"
"2007","77.51877","10.75492","0.13874","11.61889","HAMILTON"
"2007","118.63379","9.55226","0.08052","9.81004","HANOVER"
"2007","192.8729","43.44302","0.22524","49.59503","HINGHAM"
"2007","59.08741","25.27619","0.42778","44.45069","HOLBROOK"
"2007","110.75347","35.68848","0.32223","47.98483","HOLLISTON"
"2007","148.03283","43.60044","0.29453","44.60516","HOPKINTON"
"2007","116.05241","42.88746","0.36955","71.8097","HUDSON"
"2007","65.08441","22.21986","0.3414","30.7587","HULL"
"2007","137.14348","15.19105","0.11077","19.699","IPSWICH"
"2007","201.32489","59.4627","0.29536","74.4584","LEXINGTON"
"2007","90.21046","1.87801","0.02082","1.87801","LINCOLN"
"2007","113.75143","13.67065","0.12018","13.67065","LITTLETON"
"2007","199.78885","140.67792","0.70413","259.71513","LYNN"
"2007","83.17007","53.9411","0.64856","89.84143","LYNNFIELD"
"2007","126.02253","89.40588","0.70944","170.07316","MALDEN"
"2007","53.51675","12.69659","0.23725","17.78172","MANCHESTER"
"2007","90.54666","43.26082","0.47777","72.97979","MARBLEHEAD"
"2007","216.47962","83.66219","0.38647","138.03078","MARLBOROUGH"
"2007","205.72452","45.2877","0.22014","57.05702","MARSHFIELD"
"2007","60.36188","15.30186","0.2535","24.03654","MAYNARD"
"2007","97.5515","33.00283","0.33831","56.16544","MEDFIELD"
"2007","151.20088","107.48112","0.71085","194.29205","MEDFORD"
"2007","92.70023","26.77685","0.28885","30.46067","MEDWAY"
"2007","88.76936","57.94681","0.65278","105.73967","MELROSE"
"2007","71.99364","15.62394","0.21702","17.87451","MIDDLETON"
"2007","145.84714","55.18277","0.37836","76.97429","MILFORD"
"2007","65.94302","16.30002","0.24718","23.3086","MILLIS"
"2007","154.22392","81.20756","0.52656","132.7012","MILTON"
"2007","20.42551","11.01174","0.53912","16.4657","NAHANT"
"2007","183.7844","91.81071","0.49956","143.88203","NATICK"
"2007","153.26069","106.09254","0.69224","185.60317","NEEDHAM"
"2007","352.63923","257.93439","0.73144","455.41043","NEWTON"
"2007","90.76236","20.57897","0.22673","20.67071","NORFOLK"
"2007","99.32631","37.94847","0.38206","65.70172","NORTH READING"
"2007","109.22645","7.37217","0.06749","8.17799","NORWELL"
"2007","139.3837","79.73881","0.57208","141.99889","NORWOOD"
"2007","226.35888","127.6821","0.56407","237.70883","PEABODY"
"2007","137.52331","28.75892","0.20912","32.7959","PEMBROKE"
"2007","261.65993","188.95856","0.72215","344.17481","QUINCY"
"2007","136.71202","72.83782","0.53278","117.86798","RANDOLPH"
"2007","111.43509","48.81542","0.43806","82.43558","READING"
"2007","118.95286","77.07772","0.64797","131.30283","REVERE"
"2007","83.54489","43.04384","0.51522","60.6607","ROCKLAND"
"2007","64.73065","9.93483","0.15348","13.69357","ROCKPORT"
"2007","129.38354","76.70831","0.59288","135.09918","SALEM"
"2007","131.61918","44.04687","0.33465","71.61823","SAUGUS"
"2007","143.88856","28.69392","0.19942","30.96291","SCITUATE"
"2007","149.42213","56.08117","0.37532","91.35973","SHARON"
"2007","66.20671","11.49161","0.17357","11.49161","SHERBORN"
"2007","115.14738","98.16199","0.85249","182.65038","SOMERVILLE"
"2007","102.86093","20.78384","0.20206","21.63815","SOUTHBOROUGH"
"2007","91.06821","45.71296","0.50196","78.46714","STONEHAM"
"2007","157.60643","45.56831","0.28913","51.54159","STOUGHTON"
"2007","77.83908","7.65854","0.09839","7.65854","STOW"
"2007","171.23779","4.74762","0.02773","5.18054","SUDBURY"
"2007","54.7269","36.32799","0.66381","66.4623","SWAMPSCOTT"
"2007","72.62462","13.21693","0.18199","13.21693","TOPSFIELD"
"2007","113.14712","65.21405","0.57637","112.77736","WAKEFIELD"
"2007","162.84533","73.69567","0.45255","94.71713","WALPOLE"
"2007","223.26393","104.29359","0.46713","187.60861","WALTHAM"
"2007","103.8115","71.50222","0.68877","134.07888","WATERTOWN"
"2007","115.54761","8.70018","0.0753","9.88909","WAYLAND"
"2007","153.55784","67.26697","0.43806","101.02511","WELLESLEY"
"2007","39.53863","7.36613","0.1863","8.05274","WENHAM"
"2007","132.92243","20.50229","0.15424","22.36939","WESTON"
"2007","108.21794","32.33246","0.29877","35.67384","WESTWOOD"
"2007","229.51053","100.86589","0.43948","153.12021","WEYMOUTH"
"2007","155.67288","31.52532","0.20251","52.3628","WILMINGTON"
"2007","104.56628","49.33528","0.47181","81.77252","WINCHESTER"
"2007","44.92858","35.22143","0.78394","63.65789","WINTHROP"
"2007","182.26373","76.26503","0.41843","123.25418","WOBURN"
"2007","113.92998","22.6907","0.19916","24.82514","WRENTHAM"
"2008","162.19086","18.14663","0.11188","21.03938","ACTON"
"2008","133.26193","83.42518","0.62602","152.25613","ARLINGTON"
"2008","107.76924","28.37773","0.26332","31.03119","ASHLAND"
"2008","107.78541","30.44799","0.28249","34.39977","BEDFORD"
"2008","127.78043","30.68188","0.24011","40.10327","BELLINGHAM"
"2008","92.94291","58.56727","0.63014","107.24012","BELMONT"
"2008","178.76317","98.56627","0.55138","169.41016","BEVERLY"
"2008","84.51831","2.0874","0.0247","2.51398","BOLTON"
"2008","1154.38","824.33323","0.71409","1514.4","BOSTON"
"2008","52.26647","4.45674","0.08527","4.45674","BOXBOROUGH"
"2008","184.43505","82.46133","0.4471","136.90934","BRAINTREE"
"2008","127.65401","97.15541","0.76108","168.90364","BROOKLINE"
"2008","145.112","25.55652","0.17612","28.52142","BURLINGTON"
"2008","161.3607","127.11259","0.78775","237.26335","CAMBRIDGE"
"2008","144.88851","38.33674","0.26459","45.85161","CANTON"
"2008","77.69402","2.82801","0.0364","2.82801","CARLISLE"
"2008","56.45829","43.73371","0.77462","78.99184","CHELSEA"
"2008","71.42602","10.16845","0.14236","12.13783","COHASSET"
"2008","155.01441","41.40285","0.26709","55.77116","CONCORD"
"2008","163.23443","81.25048","0.49775","134.68756","DANVERS"
"2008","127.12207","65.55561","0.51569","97.48498","DEDHAM"
"2008","72.19167","1.0058","0.01393","1.15209","DOVER"
"2008","176.47503","2.91626","0.01653","3.25863","DUXBURY"
"2008","44.42544","5.76265","0.12972","6.53484","ESSEX"
"2008","81.81231","58.54501","0.7156","111.17701","EVERETT"
"2008","136.87955","38.43146","0.28077","56.38977","FOXBOROUGH"
"2008","296.42233","117.96583","0.39797","158.04114","FRAMINGHAM"
"2008","205.89872","93.63378","0.45476","135.93941","FRANKLIN"
"2008","206.97228","42.50953","0.20539","65.14507","GLOUCESTER"
"2008","77.43942","10.75486","0.13888","11.61858","HAMILTON"
"2008","120.43607","9.5505","0.0793","9.80827","HANOVER"
"2008","196.506","49.08275","0.24978","55.23114","HINGHAM"
"2008","59.26356","25.38199","0.42829","44.66249","HOLBROOK"
"2008","111.72755","36.8667","0.32997","49.73628","HOLLISTON"
"2008","150.50694","43.70391","0.29038","44.70863","HOPKINTON"
"2008","117.8578","42.88794","0.3639","71.81089","HUDSON"
"2008","64.91944","22.21875","0.34225","30.75765","HULL"
"2008","137.26795","15.1996","0.11073","19.71142","IPSWICH"
"2008","201.84649","59.48507","0.2947","74.48121","LEXINGTON"
"2008","90.21184","1.87801","0.02082","1.87801","LINCOLN"
"2008","113.58509","13.77756","0.1213","13.77756","LITTLETON"
"2008","199.01256","140.57554","0.70637","259.51013","LYNN"
"2008","84.59372","54.18454","0.64053","90.24467","LYNNFIELD"
"2008","126.15645","89.40965","0.70872","170.07502","MALDEN"
"2008","53.6994","12.70383","0.23657","17.79159","MANCHESTER"
"2008","91.0439","43.26077","0.47516","72.97986","MARBLEHEAD"
"2008","218.12894","83.72412","0.38383","138.0944","MARLBOROUGH"
"2008","207.28877","45.2877","0.21848","57.05702","MARSHFIELD"
"2008","60.36188","15.30215","0.25351","24.03743","MAYNARD"
"2008","98.09512","33.0627","0.33705","56.22542","MEDFIELD"
"2008","151.89428","107.51102","0.7078","194.32848","MEDFORD"
"2008","93.6573","26.77288","0.28586","30.45692","MEDWAY"
"2008","89.09032","57.94706","0.65043","105.74017","MELROSE"
"2008","73.15603","15.62371","0.21357","17.87428","MIDDLETON"
"2008","146.2507","55.18411","0.37733","76.97707","MILFORD"
"2008","66.47057","16.30023","0.24522","23.3088","MILLIS"
"2008","154.34954","81.20814","0.52613","132.67376","MILTON"
"2008","20.42551","11.01174","0.53912","16.46589","NAHANT"
"2008","184.47754","91.81055","0.49768","143.88169","NATICK"
"2008","153.93211","106.09253","0.68922","185.60296","NEEDHAM"
"2008","352.82474","257.9342","0.73105","455.4435","NEWTON"
"2008","92.37948","20.57897","0.22277","20.67071","NORFOLK"
"2008","100.52036","37.95643","0.3776","65.70969","NORTH READING"
"2008","109.58347","7.37237","0.06728","8.17819","NORWELL"
"2008","140.09205","80.00925","0.57112","142.5406","NORWOOD"
"2008","227.02637","127.67307","0.56237","237.69896","PEABODY"
"2008","139.8731","28.75902","0.20561","32.796","PEMBROKE"
"2008","262.83023","188.84523","0.71851","343.97683","QUINCY"
"2008","136.46766","72.85328","0.53385","117.88255","RANDOLPH"
"2008","112.58121","48.81449","0.43359","82.43362","READING"
"2008","119.81399","77.11858","0.64365","131.35438","REVERE"
"2008","83.72301","43.04471","0.51413","60.66166","ROCKLAND"
"2008","65.02762","9.93471","0.15278","13.69346","ROCKPORT"
"2008","130.58415","78.07609","0.5979","137.56772","SALEM"
"2008","133.27957","44.73044","0.33561","72.6397","SAUGUS"
"2008","144.45405","28.69434","0.19864","30.96332","SCITUATE"
"2008","150.49155","56.28456","0.374","91.74742","SHARON"
"2008","66.35151","11.49171","0.17319","11.49171","SHERBORN"
"2008","115.39519","98.15461","0.8506","182.63511","SOMERVILLE"
"2008","103.59061","20.78404","0.20064","21.63835","SOUTHBOROUGH"
"2008","91.34772","45.71268","0.50042","78.46678","STONEHAM"
"2008","157.67484","45.56954","0.28901","51.54459","STOUGHTON"
"2008","79.99786","7.65854","0.09573","7.65854","STOW"
"2008","171.77886","4.74762","0.02764","5.18054","SUDBURY"
"2008","54.7494","36.38751","0.66462","66.55666","SWAMPSCOTT"
"2008","72.62462","13.21693","0.18199","13.21693","TOPSFIELD"
"2008","112.99909","65.24762","0.57742","112.78659","WAKEFIELD"
"2008","163.22508","73.94466","0.45302","94.96598","WALPOLE"
"2008","221.32885","104.30182","0.47125","187.59398","WALTHAM"
"2008","103.99915","71.50035","0.68751","134.07557","WATERTOWN"
"2008","115.7016","8.70018","0.07519","9.88909","WAYLAND"
"2008","152.76314","67.26729","0.44034","101.02669","WELLESLEY"
"2008","39.45342","7.49535","0.18998","8.18196","WENHAM"
"2008","133.36415","20.90151","0.15673","23.03606","WESTON"
"2008","108.76737","32.33256","0.29726","35.67383","WESTWOOD"
"2008","229.76412","100.94064","0.43932","153.23086","WEYMOUTH"
"2008","156.87068","31.52501","0.20096","52.3624","WILMINGTON"
"2008","104.63476","49.33221","0.47147","81.77034","WINCHESTER"
"2008","44.99252","35.50099","0.78904","64.2165","WINTHROP"
"2008","183.38366","76.32696","0.41621","123.37217","WOBURN"
"2008","115.25356","22.69571","0.19692","24.83015","WRENTHAM"
"2009","162.48774","18.14857","0.11169","21.04132","ACTON"
"2009","133.16904","83.37756","0.6261","152.18102","ARLINGTON"
"2009","107.60533","28.37773","0.26372","31.03119","ASHLAND"
"2009","107.53687","36.79629","0.34217","43.2015","BEDFORD"
"2009","127.72431","30.63982","0.23989","40.06121","BELLINGHAM"
"2009","92.92714","58.47728","0.62928","107.01894","BELMONT"
"2009","178.157","98.61345","0.55352","169.4193","BEVERLY"
"2009","84.51558","2.0874","0.0247","2.51398","BOLTON"
"2009","1152.53","822.95334","0.71404","1512.54","BOSTON"
"2009","52.37218","6.7731","0.12933","6.7731","BOXBOROUGH"
"2009","184.02497","82.49399","0.44828","136.95459","BRAINTREE"
"2009","126.8687","96.64964","0.76181","167.94661","BROOKLINE"
"2009","145.45553","25.55647","0.1757","28.52138","BURLINGTON"
"2009","158.26142","126.97915","0.80234","236.96565","CAMBRIDGE"
"2009","145.59472","38.2651","0.26282","45.77399","CANTON"
"2009","77.80475","2.82801","0.03635","2.82801","CARLISLE"
"2009","56.31982","43.71928","0.77627","78.95243","CHELSEA"
"2009","71.42602","10.16845","0.14236","12.13783","COHASSET"
"2009","155.11973","41.36572","0.26667","55.73292","CONCORD"
"2009","163.3997","82.44606","0.50457","135.91585","DANVERS"
"2009","128.42388","65.54981","0.51042","97.4831","DEDHAM"
"2009","72.87153","1.0058","0.0138","1.15209","DOVER"
"2009","176.50459","2.91626","0.01652","3.25863","DUXBURY"
"2009","44.41309","5.7575","0.12964","6.52968","ESSEX"
"2009","81.81247","58.545","0.7156","111.17701","EVERETT"
"2009","136.85269","38.4032","0.28062","56.35025","FOXBOROUGH"
"2009","296.79356","117.93459","0.39736","158.00991","FRAMINGHAM"
"2009","205.48458","93.55424","0.45529","135.78034","FRANKLIN"
"2009","207.02602","42.50953","0.20533","65.14507","GLOUCESTER"
"2009","77.71123","10.75486","0.1384","11.61858","HAMILTON"
"2009","118.61888","23.20247","0.19561","24.91119","HANOVER"
"2009","197.59008","49.12458","0.24862","55.33449","HINGHAM"
"2009","59.26356","25.38199","0.42829","44.66249","HOLBROOK"
"2009","111.35057","36.8667","0.33109","49.73628","HOLLISTON"
"2009","151.04419","43.70391","0.28935","44.70863","HOPKINTON"
"2009","118.88345","42.88794","0.36076","71.81088","HUDSON"
"2009","64.26088","21.58461","0.33589","30.04528","HULL"
"2009","137.26795","15.1996","0.11073","19.71141","IPSWICH"
"2009","207.05079","59.48546","0.2873","74.4816","LEXINGTON"
"2009","89.76323","1.87801","0.02092","1.87801","LINCOLN"
"2009","112.90819","13.77091","0.12197","13.77091","LITTLETON"
"2009","198.87845","140.56216","0.70677","259.42416","LYNN"
"2009","84.68688","54.79593","0.64704","91.2866","LYNNFIELD"
"2009","126.13785","89.45644","0.7092","169.95221","MALDEN"
"2009","53.6994","12.70383","0.23657","17.79159","MANCHESTER"
"2009","91.04199","43.25886","0.47515","73.60398","MARBLEHEAD"
"2009","218.59397","83.72412","0.38301","138.0944","MARLBOROUGH"
"2009","207.27854","45.27747","0.21844","57.04679","MARSHFIELD"
"2009","60.36188","15.30215","0.25351","24.03743","MAYNARD"
"2009","98.02156","33.03986","0.33707","56.20257","MEDFIELD"
"2009","151.35666","108.07321","0.71403","194.92544","MEDFORD"
"2009","93.65799","26.77288","0.28586","30.45692","MEDWAY"
"2009","88.95764","57.94706","0.6514","105.74017","MELROSE"
"2009","74.07207","16.73763","0.22596","19.05842","MIDDLETON"
"2009","146.16868","55.28255","0.37821","77.07551","MILFORD"
"2009","66.47057","16.30023","0.24522","23.3088","MILLIS"
"2009","153.19195","80.01935","0.52235","131.38719","MILTON"
"2009","20.42551","11.01174","0.53912","16.46589","NAHANT"
"2009","184.55776","93.68926","0.50764","147.49401","NATICK"
"2009","154.36309","106.08885","0.68727","185.6124","NEEDHAM"
"2009","353.01918","257.92452","0.73062","455.41053","NEWTON"
"2009","92.54525","20.57927","0.22237","20.67101","NORFOLK"
"2009","100.52036","37.95643","0.3776","65.70969","NORTH READING"
"2009","109.58267","7.37186","0.06727","8.17768","NORWELL"
"2009","140.09205","80.00925","0.57112","142.5406","NORWOOD"
"2009","227.10977","128.48569","0.56574","238.63803","PEABODY"
"2009","139.84824","28.74271","0.20553","32.77969","PEMBROKE"
"2009","261.95126","188.35317","0.71904","343.41239","QUINCY"
"2009","136.46766","72.85328","0.53385","117.88255","RANDOLPH"
"2009","112.58412","48.82707","0.43369","82.44615","READING"
"2009","119.87833","77.27684","0.64463","131.52487","REVERE"
"2009","83.66002","42.98172","0.51377","60.59867","ROCKLAND"
"2009","65.02762","9.93471","0.15278","13.69346","ROCKPORT"
"2009","130.24469","78.94349","0.60612","140.50568","SALEM"
"2009","133.17064","46.49772","0.34916","76.60765","SAUGUS"
"2009","144.19784","30.02162","0.2082","32.29061","SCITUATE"
"2009","150.7364","56.2727","0.37332","91.73556","SHARON"
"2009","66.34338","11.49171","0.17322","11.49171","SHERBORN"
"2009","116.09495","98.25042","0.84629","182.80306","SOMERVILLE"
"2009","103.39011","20.79214","0.2011","21.64644","SOUTHBOROUGH"
"2009","91.35056","45.26299","0.49549","78.01709","STONEHAM"
"2009","158.15176","45.56993","0.28814","51.54497","STOUGHTON"
"2009","79.98239","7.61989","0.09527","7.61989","STOW"
"2009","171.57893","10.86568","0.06333","12.01928","SUDBURY"
"2009","54.7494","36.38751","0.66462","66.55666","SWAMPSCOTT"
"2009","72.62462","13.21693","0.18199","13.21693","TOPSFIELD"
"2009","112.91314","65.2626","0.57799","112.87335","WAKEFIELD"
"2009","162.82298","73.9506","0.45418","94.97786","WALPOLE"
"2009","219.21107","104.44005","0.47644","187.71921","WALTHAM"
"2009","103.93682","71.41754","0.68712","134.08871","WATERTOWN"
"2009","115.7016","8.70018","0.07519","9.88909","WAYLAND"
"2009","152.65814","67.23913","0.44046","100.95047","WELLESLEY"
"2009","39.46198","7.45509","0.18892","8.14171","WENHAM"
"2009","133.35003","20.98833","0.15739","23.12289","WESTON"
"2009","108.32187","32.32475","0.29841","35.66291","WESTWOOD"
"2009","228.96884","100.85907","0.44049","153.47012","WEYMOUTH"
"2009","157.17546","31.51788","0.20053","52.35527","WILMINGTON"
"2009","104.54736","49.30789","0.47163","81.74058","WINCHESTER"
"2009","44.97395","35.48242","0.78895","64.19835","WINTHROP"
"2009","182.11169","77.79828","0.4272","126.13019","WOBURN"
"2009","115.26005","22.6957","0.19691","24.83015","WRENTHAM"
"2010","162.48774","18.14857","0.11169","21.04132","ACTON"
"2010","137.25601","83.85979","0.61097","153.46347","ARLINGTON"
"2010","107.19612","28.25343","0.26357","30.90689","ASHLAND"
"2010","108.91224","36.7959","0.33785","43.2011","BEDFORD"
"2010","127.73056","31.26709","0.24479","41.11614","BELLINGHAM"
"2010","93.10742","58.33503","0.62653","106.85875","BELMONT"
"2010","177.78568","98.30685","0.55295","168.93637","BEVERLY"
"2010","84.46231","2.0874","0.02471","2.51398","BOLTON"
"2010","1188.4","822.16364","0.69182","1513.45","BOSTON"
"2010","52.29126","6.7731","0.12953","6.7731","BOXBOROUGH"
"2010","184.40427","82.49275","0.44735","136.95697","BRAINTREE"
"2010","128.43151","96.58868","0.75206","167.74688","BROOKLINE"
"2010","146.42724","26.2056","0.17897","29.1705","BURLINGTON"
"2010","171.97866","128.39484","0.74657","238.28747","CAMBRIDGE"
"2010","144.72745","41.34937","0.28571","48.85827","CANTON"
"2010","77.73597","2.82801","0.03638","2.82801","CARLISLE"
"2010","57.23886","42.76418","0.74712","77.99747","CHELSEA"
"2010","72.74896","10.09733","0.1388","12.01109","COHASSET"
"2010","155.15733","41.52745","0.26765","55.89466","CONCORD"
"2010","163.45449","78.61494","0.48096","132.08329","DANVERS"
"2010","128.56341","65.53568","0.50975","97.47073","DEDHAM"
"2010","72.75976","1.0058","0.01382","1.15209","DOVER"
"2010","175.9334","2.91626","0.01658","3.25863","DUXBURY"
"2010","44.41309","5.7575","0.12964","6.52968","ESSEX"
"2010","82.68591","58.45853","0.707","111.09361","EVERETT"
"2010","137.88262","47.63835","0.3455","68.41867","FOXBOROUGH"
"2010","296.10957","114.57491","0.38693","154.46805","FRAMINGHAM"
"2010","205.39558","94.01363","0.45772","136.72794","FRANKLIN"
"2010","205.69704","43.17917","0.20992","65.73535","GLOUCESTER"
"2010","77.73576","10.75738","0.13838","11.6211","HAMILTON"
"2010","118.66287","23.20192","0.19553","24.91064","HANOVER"
"2010","201.3867","49.08533","0.24374","55.24038","HINGHAM"
"2010","59.26356","25.38199","0.42829","44.66249","HOLBROOK"
"2010","111.35099","36.51073","0.32789","49.46173","HOLLISTON"
"2010","151.05789","45.54652","0.30152","47.143","HOPKINTON"
"2010","120.29722","42.84514","0.35616","71.76808","HUDSON"
"2010","63.94176","21.57141","0.33736","30.03208","HULL"
"2010","137.26718","15.1996","0.11073","19.71141","IPSWICH"
"2010","208.28691","59.52277","0.28577","74.51724","LEXINGTON"
"2010","90.22299","1.87801","0.02082","1.87801","LINCOLN"
"2010","113.01394","13.77556","0.12189","13.77556","LITTLETON"
"2010","199.95372","140.51341","0.70273","259.37503","LYNN"
"2010","84.68695","54.57196","0.6444","91.06264","LYNNFIELD"
"2010","125.2018","90.34101","0.72156","170.76309","MALDEN"
"2010","53.68749","12.6988","0.23653","17.77913","MANCHESTER"
"2010","92.8222","43.30871","0.46658","73.63853","MARBLEHEAD"
"2010","218.03494","83.68585","0.38382","138.02958","MARLBOROUGH"
"2010","206.85196","45.2835","0.21892","57.05282","MARSHFIELD"
"2010","60.36188","15.30215","0.25351","24.03743","MAYNARD"
"2010","98.02194","33.03986","0.33707","56.20257","MEDFIELD"
"2010","158.56168","111.08425","0.70057","197.89775","MEDFORD"
"2010","93.65799","26.77288","0.28586","30.45692","MEDWAY"
"2010","88.99681","58.27115","0.65476","106.38846","MELROSE"
"2010","74.07207","16.73763","0.22596","19.05842","MIDDLETON"
"2010","149.18806","55.43699","0.37159","78.01856","MILFORD"
"2010","66.35285","17.7919","0.26814","26.12587","MILLIS"
"2010","153.0646","80.05356","0.52301","133.07377","MILTON"
"2010","21.76774","11.3528","0.52154","16.8094","NAHANT"
"2010","184.68538","89.91026","0.48683","141.53759","NATICK"
"2010","154.3379","106.08707","0.68737","185.62044","NEEDHAM"
"2010","355.20314","257.56299","0.72511","455.45334","NEWTON"
"2010","92.58004","21.63626","0.2337","21.728","NORFOLK"
"2010","100.3314","40.61892","0.40485","69.04371","NORTH READING"
"2010","109.67434","7.32687","0.06681","8.08786","NORWELL"
"2010","138.63522","80.34176","0.57952","142.85966","NORWOOD"
"2010","231.60082","125.22775","0.54071","235.39833","PEABODY"
"2010","140.35256","32.85488","0.23409","37.5019","PEMBROKE"
"2010","263.11437","188.49545","0.7164","343.69049","QUINCY"
"2010","136.44308","72.85459","0.53396","118.79927","RANDOLPH"
"2010","112.58412","48.82707","0.43369","82.27603","READING"
"2010","119.71676","77.32514","0.6459","131.57413","REVERE"
"2010","83.60321","42.92978","0.51349","60.56562","ROCKLAND"
"2010","65.02762","9.93471","0.15278","13.69346","ROCKPORT"
"2010","133.23013","78.93353","0.59246","140.4958","SALEM"
"2010","132.70403","46.77362","0.35247","76.91335","SAUGUS"
"2010","144.46668","30.22072","0.20919","32.48971","SCITUATE"
"2010","149.90203","56.16415","0.37467","91.62287","SHARON"
"2010","66.33354","11.7701","0.17744","11.81618","SHERBORN"
"2010","118.00289","98.10445","0.83137","183.02521","SOMERVILLE"
"2010","103.27094","21.13599","0.20467","21.9903","SOUTHBOROUGH"
"2010","91.8718","46.07338","0.5015","79.02269","STONEHAM"
"2010","157.76519","45.51766","0.28852","51.34097","STOUGHTON"
"2010","79.98239","7.61989","0.09527","7.61989","STOW"
"2010","171.58436","10.86568","0.06333","12.01928","SUDBURY"
"2010","55.03129","36.38379","0.66115","66.54969","SWAMPSCOTT"
"2010","72.62462","13.21693","0.18199","13.21693","TOPSFIELD"
"2010","112.80895","65.2626","0.57852","112.87335","WAKEFIELD"
"2010","162.92094","74.32154","0.45618","95.34631","WALPOLE"
"2010","221.80992","104.41832","0.47076","187.67636","WALTHAM"
"2010","106.8781","71.36022","0.66768","134.00334","WATERTOWN"
"2010","115.81701","8.70018","0.07512","9.88909","WAYLAND"
"2010","152.43069","67.73696","0.44438","101.52133","WELLESLEY"
"2010","39.43353","7.45904","0.18915","8.15133","WENHAM"
"2010","133.08052","21.13438","0.15881","23.26893","WESTON"
"2010","108.158","32.35087","0.29911","35.6908","WESTWOOD"
"2010","231.03698","101.05802","0.43741","153.79816","WEYMOUTH"
"2010","157.58676","31.4981","0.19988","52.33549","WILMINGTON"
"2010","106.37136","49.49638","0.46532","81.97434","WINCHESTER"
"2010","44.97475","35.48322","0.78896","64.19915","WINTHROP"
"2010","182.02509","77.89431","0.42793","126.95346","WOBURN"
"2010","114.81879","22.69571","0.19767","24.95602","WRENTHAM"
"2011","162.48774","20.65201","0.1271","24.31898","ACTON"
"2011","137.17877","83.95435","0.61201","154.78085","ARLINGTON"
"2011","103.60313","28.06294","0.27087","30.71641","ASHLAND"
"2011","107.46406","39.2027","0.3648","45.79546","BEDFORD"
"2011","126.61278","35.45115","0.28","45.16842","BELLINGHAM"
"2011","93.10742","59.09522","0.6347","107.80158","BELMONT"
"2011","177.50599","98.3068","0.55382","168.9814","BEVERLY"
"2011","84.46206","2.0874","0.02471","2.51398","BOLTON"
"2011","1189.73","822.51881","0.69135","1514.44","BOSTON"
"2011","52.26265","7.14926","0.13679","7.14926","BOXBOROUGH"
"2011","183.93932","82.68902","0.44955","138.7592","BRAINTREE"
"2011","128.42563","96.57611","0.752","167.73431","BROOKLINE"
"2011","146.15119","28.05244","0.19194","32.10172","BURLINGTON"
"2011","171.95581","128.49943","0.74728","238.34148","CAMBRIDGE"
"2011","144.72745","41.37233","0.28586","48.88123","CANTON"
"2011","77.73597","2.82801","0.03638","2.82801","CARLISLE"
"2011","57.23886","42.76418","0.74712","77.99747","CHELSEA"
"2011","72.74896","10.09733","0.1388","12.01109","COHASSET"
"2011","155.1748","41.97892","0.27053","55.62212","CONCORD"
"2011","162.52731","81.28512","0.50013","133.36409","DANVERS"
"2011","128.56341","65.44506","0.50905","97.53764","DEDHAM"
"2011","72.75976","1.0058","0.01382","1.15209","DOVER"
"2011","175.79606","3.23942","0.01843","3.5818","DUXBURY"
"2011","44.41309","6.4828","0.14597","7.03983","ESSEX"
"2011","82.68591","58.45853","0.707","111.09361","EVERETT"
"2011","136.90131","48.75465","0.35613","69.94208","FOXBOROUGH"
"2011","295.85998","114.84059","0.38816","154.02901","FRAMINGHAM"
"2011","204.84205","94.01501","0.45896","136.72932","FRANKLIN"
"2011","205.595","43.57982","0.21197","66.30854","GLOUCESTER"
"2011","77.73576","12.64093","0.16261","13.63128","HAMILTON"
"2011","118.66287","23.82049","0.20074","25.27143","HANOVER"
"2011","201.11952","50.20424","0.24962","56.78202","HINGHAM"
"2011","59.22294","25.38199","0.42858","44.66249","HOLBROOK"
"2011","111.27649","37.90693","0.34066","52.34966","HOLLISTON"
"2011","151.05789","45.54652","0.30152","47.143","HOPKINTON"
"2011","120.15959","45.43378","0.37811","75.34401","HUDSON"
"2011","63.94176","21.57141","0.33736","30.03208","HULL"
"2011","137.18804","17.08457","0.12453","21.30281","IPSWICH"
"2011","209.22108","60.46009","0.28898","76.47906","LEXINGTON"
"2011","90.22299","1.87801","0.02082","1.87801","LINCOLN"
"2011","113.25001","13.95452","0.12322","15.32927","LITTLETON"
"2011","199.95403","140.4239","0.70228","259.06769","LYNN"
"2011","84.68695","54.49464","0.64348","91.06123","LYNNFIELD"
"2011","125.2018","90.70231","0.72445","171.55686","MALDEN"
"2011","53.68749","12.6988","0.23653","17.77913","MANCHESTER"
"2011","92.8222","43.30871","0.46658","73.45177","MARBLEHEAD"
"2011","217.78811","85.25572","0.39146","141.07427","MARLBOROUGH"
"2011","206.85196","45.55993","0.22025","57.41939","MARSHFIELD"
"2011","60.36188","15.36458","0.25454","24.94646","MAYNARD"
"2011","98.02194","33.03986","0.33707","56.20257","MEDFIELD"
"2011","158.60862","110.60976","0.69738","199.32174","MEDFORD"
"2011","93.65799","26.77288","0.28586","30.45692","MEDWAY"
"2011","88.99681","58.27115","0.65476","106.38846","MELROSE"
"2011","74.07207","19.5497","0.26393","22.03986","MIDDLETON"
"2011","151.83433","55.43699","0.36511","78.01856","MILFORD"
"2011","66.35285","17.7919","0.26814","26.12587","MILLIS"
"2011","154.15457","80.37101","0.52137","133.88486","MILTON"
"2011","21.76774","11.3528","0.52154","16.8094","NAHANT"
"2011","184.68538","90.14922","0.48812","141.88839","NATICK"
"2011","154.02055","106.08707","0.68879","185.62044","NEEDHAM"
"2011","355.21316","257.84135","0.72588","455.4372","NEWTON"
"2011","92.58004","21.63626","0.2337","21.728","NORFOLK"
"2011","95.64576","43.74928","0.45741","72.81808","NORTH READING"
"2011","109.67434","8.89686","0.08112","10.08763","NORWELL"
"2011","137.44345","81.1185","0.5902","143.66393","NORWOOD"
"2011","231.53295","125.22775","0.54086","235.39833","PEABODY"
"2011","140.35256","33.9353","0.24179","38.75541","PEMBROKE"
"2011","263.11413","187.99183","0.71449","343.60135","QUINCY"
"2011","136.15927","75.25897","0.55273","122.91178","RANDOLPH"
"2011","112.59096","49.94833","0.44363","85.2351","READING"
"2011","122.08369","76.79066","0.629","131.44833","REVERE"
"2011","83.60321","42.92978","0.51349","61.76688","ROCKLAND"
"2011","65.02762","9.93471","0.15278","13.69346","ROCKPORT"
"2011","133.23021","79.03976","0.59326","141.27497","SALEM"
"2011","132.70661","49.01328","0.36934","80.28184","SAUGUS"
"2011","145.78736","30.88409","0.21184","33.15308","SCITUATE"
"2011","149.90203","56.16415","0.37467","91.62287","SHARON"
"2011","66.33354","11.7701","0.17744","11.81618","SHERBORN"
"2011","118.00289","97.75682","0.82843","182.84002","SOMERVILLE"
"2011","103.13568","19.90135","0.19296","20.77364","SOUTHBOROUGH"
"2011","92.10255","46.07338","0.50024","79.02269","STONEHAM"
"2011","157.76519","45.26879","0.28694","51.05206","STOUGHTON"
"2011","80.27404","8.63082","0.10752","8.63082","STOW"
"2011","171.58436","13.27615","0.07737","14.42975","SUDBURY"
"2011","55.03121","36.38371","0.66115","67.54009","SWAMPSCOTT"
"2011","72.62462","13.21693","0.18199","13.21693","TOPSFIELD"
"2011","112.76901","65.98578","0.58514","114.00076","WAKEFIELD"
"2011","162.97","75.59179","0.46384","97.00868","WALPOLE"
"2011","221.80992","105.32507","0.47484","189.54813","WALTHAM"
"2011","107.7075","71.36022","0.66254","134.6593","WATERTOWN"
"2011","115.86948","8.63653","0.07454","10.12289","WAYLAND"
"2011","152.43069","67.73696","0.44438","101.52133","WELLESLEY"
"2011","39.43353","7.66566","0.19439","8.5704","WENHAM"
"2011","133.08052","22.34638","0.16792","24.48093","WESTON"
"2011","108.158","32.26055","0.29827","35.51575","WESTWOOD"
"2011","230.97717","102.1629","0.44231","156.44919","WEYMOUTH"
"2011","157.32902","35.05448","0.22281","57.99975","WILMINGTON"
"2011","106.37381","49.87936","0.46891","83.13295","WINCHESTER"
"2011","44.97475","35.5753","0.79101","64.3689","WINTHROP"
"2011","181.79614","77.87069","0.42834","127.37592","WOBURN"
"2011","114.81879","22.27448","0.194","24.53479","WRENTHAM"
"2012","162.35097","23.34172","0.14377","26.28708","ACTON"
"2012","137.54549","83.70118","0.60853","154.52768","ARLINGTON"
"2012","103.40961","28.29401","0.27361","31.08196","ASHLAND"
"2012","111.72448","39.03488","0.34939","45.62772","BEDFORD"
"2012","123.71858","38.37591","0.31019","50.57384","BELLINGHAM"
"2012","93.24075","59.09522","0.63379","107.80158","BELMONT"
"2012","175.43843","98.5628","0.56181","168.98017","BEVERLY"
"2012","84.46198","2.37958","0.02817","2.76773","BOLTON"
"2012","1191.76","821.8865","0.68964","1513.59","BOSTON"
"2012","52.2997","7.38664","0.14124","7.38664","BOXBOROUGH"
"2012","180.65644","82.69115","0.45773","138.77708","BRAINTREE"
"2012","129.17044","96.32986","0.74576","167.35122","BROOKLINE"
"2012","145.32936","28.00333","0.19269","32.0526","BURLINGTON"
"2012","172.57281","128.50818","0.74466","238.35897","CAMBRIDGE"
"2012","143.93144","41.37233","0.28744","48.88123","CANTON"
"2012","76.48726","3.68216","0.04814","3.68655","CARLISLE"
"2012","58.79227","42.71306","0.72651","77.89521","CHELSEA"
"2012","70.42013","10.09733","0.14339","12.01109","COHASSET"
"2012","158.28908","41.59311","0.26277","54.74703","CONCORD"
"2012","166.25905","81.11694","0.48789","134.2256","DANVERS"
"2012","127.58138","64.86909","0.50845","97.72874","DEDHAM"
"2012","72.75976","1.0058","0.01382","1.15209","DOVER"
"2012","175.82179","3.23942","0.01842","3.5818","DUXBURY"
"2012","44.41309","6.4828","0.14597","7.03983","ESSEX"
"2012","84.04137","58.54843","0.69666","111.21356","EVERETT"
"2012","135.65395","48.85442","0.36014","70.04186","FOXBOROUGH"
"2012","295.08549","114.91685","0.38944","156.19153","FRAMINGHAM"
"2012","203.6208","94.05798","0.46193","137.33711","FRANKLIN"
"2012","205.56501","43.90994","0.21361","68.15658","GLOUCESTER"
"2012","78.57641","12.62072","0.16062","13.61108","HAMILTON"
"2012","117.2474","27.55879","0.23505","32.74803","HANOVER"
"2012","203.45039","50.81261","0.24975","57.75918","HINGHAM"
"2012","58.91979","26.88129","0.45624","47.40487","HOLBROOK"
"2012","117.98011","37.90672","0.3213","52.34937","HOLLISTON"
"2012","151.05466","47.79127","0.31638","50.00972","HOPKINTON"
"2012","120.15959","45.89411","0.38194","75.93724","HUDSON"
"2012","63.92874","21.56007","0.33725","30.04542","HULL"
"2012","136.9981","17.08457","0.12471","21.30281","IPSWICH"
"2012","201.06201","64.07975","0.31871","79.69216","LEXINGTON"
"2012","90.73041","4.45104","0.04906","4.45104","LINCOLN"
"2012","113.25001","13.95452","0.12322","15.32927","LITTLETON"
"2012","199.94549","140.4239","0.70231","259.06769","LYNN"
"2012","84.66461","54.49464","0.64365","91.06123","LYNNFIELD"
"2012","127.71624","91.15541","0.71373","172.34015","MALDEN"
"2012","53.66665","12.6404","0.23554","17.54031","MANCHESTER"
"2012","92.8222","43.30871","0.46658","73.45177","MARBLEHEAD"
"2012","218.02527","84.65769","0.38829","140.90458","MARLBOROUGH"
"2012","206.42768","46.16259","0.22363","56.21633","MARSHFIELD"
"2012","62.08025","15.99694","0.25768","26.52557","MAYNARD"
"2012","96.79596","33.56326","0.34674","56.50121","MEDFIELD"
"2012","159.45083","110.52306","0.69315","199.16069","MEDFORD"
"2012","93.65297","30.07739","0.32116","35.07955","MEDWAY"
"2012","88.99681","58.27115","0.65476","106.38846","MELROSE"
"2012","73.38963","19.62116","0.26736","22.11132","MIDDLETON"
"2012","148.33275","54.58325","0.36798","77.16483","MILFORD"
"2012","65.54621","18.79111","0.28668","27.27826","MILLIS"
"2012","151.34679","80.8489","0.5342","134.56146","MILTON"
"2012","21.62987","11.33276","0.52394","16.76932","NAHANT"
"2012","182.0221","92.46871","0.50801","144.83448","NATICK"
"2012","153.29964","105.76337","0.68991","185.27022","NEEDHAM"
"2012","355.57472","257.40157","0.7239","454.93825","NEWTON"
"2012","93.53301","24.756","0.26468","24.92102","NORFOLK"
"2012","95.50217","47.27729","0.49504","77.39083","NORTH READING"
"2012","107.38884","9.22926","0.08594","10.55743","NORWELL"
"2012","136.81104","84.25855","0.61588","149.97016","NORWOOD"
"2012","231.3824","125.22709","0.54121","235.39701","PEABODY"
"2012","140.29151","33.90486","0.24167","38.85283","PEMBROKE"
"2012","263.36277","187.7433","0.71287","343.3394","QUINCY"
"2012","135.72862","76.27538","0.56197","125.42843","RANDOLPH"
"2012","112.63657","49.94833","0.44345","85.2351","READING"
"2012","121.65349","76.87306","0.6319","131.61314","REVERE"
"2012","85.648","42.91521","0.50106","61.8982","ROCKLAND"
"2012","65.03223","11.94824","0.18373","15.78886","ROCKPORT"
"2012","133.21121","79.03538","0.59331","141.2662","SALEM"
"2012","132.06311","49.18742","0.37245","80.73829","SAUGUS"
"2012","145.78736","30.88409","0.21184","33.15308","SCITUATE"
"2012","149.827","56.93854","0.38003","92.59452","SHARON"
"2012","67.69788","10.6844","0.15782","10.73047","SHERBORN"
"2012","118.69751","97.72469","0.82331","182.77575","SOMERVILLE"
"2012","99.79053","18.76488","0.18804","19.82784","SOUTHBOROUGH"
"2012","92.08175","46.07338","0.50035","79.02269","STONEHAM"
"2012","156.8011","46.54852","0.29686","53.94261","STOUGHTON"
"2012","80.23509","10.06513","0.12545","10.16994","STOW"
"2012","177.31112","16.17398","0.09122","17.9031","SUDBURY"
"2012","55.58418","36.38371","0.65457","67.54009","SWAMPSCOTT"
"2012","75.5734","13.59248","0.17986","13.59248","TOPSFIELD"
"2012","112.63563","65.9795","0.58578","113.9882","WAKEFIELD"
"2012","165.5084","74.4617","0.4499","95.65586","WALPOLE"
"2012","220.43326","105.44343","0.47835","189.46113","WALTHAM"
"2012","104.32148","71.36022","0.68404","134.6593","WATERTOWN"
"2012","116.01175","14.95081","0.12887","16.64919","WAYLAND"
"2012","157.46896","68.07713","0.43232","101.87537","WELLESLEY"
"2012","40.36674","9.0891","0.22516","10.30954","WENHAM"
"2012","132.99991","22.15766","0.1666","24.29221","WESTON"
"2012","108.15786","33.71989","0.31177","37.76819","WESTWOOD"
"2012","230.507","102.02332","0.4426","156.30962","WEYMOUTH"
"2012","157.13696","35.05082","0.22306","57.99243","WILMINGTON"
"2012","105.97087","49.87622","0.47066","83.12665","WINCHESTER"
"2012","44.97475","35.5753","0.79101","64.3689","WINTHROP"
"2012","182.21448","77.8756","0.42738","127.37657","WOBURN"
"2012","116.98863","24.06618","0.20571","26.32649","WRENTHAM"
"2013","162.41333","23.36062","0.14383","26.30598","ACTON"
"2013","138.40982","83.70706","0.60478","154.91181","ARLINGTON"
"2013","103.81099","31.31666","0.30167","34.32677","ASHLAND"
"2013","114.23951","39.12573","0.34249","45.72723","BEDFORD"
"2013","125.95464","38.4578","0.30533","50.65573","BELLINGHAM"
"2013","93.19305","59.09522","0.63412","107.04865","BELMONT"
"2013","177.05471","98.5694","0.55672","168.9876","BEVERLY"
"2013","82.97598","2.37958","0.02868","2.76773","BOLTON"
"2013","1190.75","823.91489","0.69193","1523.81","BOSTON"
"2013","52.2997","7.38664","0.14124","7.38664","BOXBOROUGH"
"2013","181.45953","84.93017","0.46804","142.7723","BRAINTREE"
"2013","128.04267","96.79","0.75592","170.05652","BROOKLINE"
"2013","143.77925","28.05191","0.1951","32.10118","BURLINGTON"
"2013","174.05052","129.37472","0.74332","240.04479","CAMBRIDGE"
"2013","144.31226","41.20045","0.2855","49.25059","CANTON"
"2013","78.90771","3.68216","0.04666","3.68655","CARLISLE"
"2013","58.90434","42.74018","0.72559","77.94946","CHELSEA"
"2013","75.63686","10.09733","0.1335","12.01109","COHASSET"
"2013","159.69061","40.68898","0.2548","52.82364","CONCORD"
"2013","167.05135","81.08248","0.48537","134.16477","DANVERS"
"2013","131.5265","64.96504","0.49393","100.2849","DEDHAM"
"2013","73.99129","1.0058","0.01359","1.15209","DOVER"
"2013","175.76471","3.23942","0.01843","3.5818","DUXBURY"
"2013","44.59841","6.48215","0.14534","7.03967","ESSEX"
"2013","83.73144","58.33617","0.69671","110.66654","EVERETT"
"2013","135.61165","48.90459","0.36062","70.09202","FOXBOROUGH"
"2013","295.21547","114.97999","0.38948","156.25467","FRAMINGHAM"
"2013","204.81453","94.04825","0.45919","137.32738","FRANKLIN"
"2013","207.36104","43.95335","0.21197","68.56787","GLOUCESTER"
"2013","78.7648","12.64093","0.16049","13.63128","HAMILTON"
"2013","118.30751","27.51156","0.23254","32.70077","HANOVER"
"2013","201.08842","50.853","0.25289","57.83996","HINGHAM"
"2013","59.48236","26.9901","0.45375","47.63018","HOLBROOK"
"2013","117.98012","37.90672","0.3213","52.34937","HOLLISTON"
"2013","151.16038","47.79127","0.31616","50.00972","HOPKINTON"
"2013","119.89599","45.89411","0.38278","75.93724","HUDSON"
"2013","64.00243","21.56007","0.33686","30.04542","HULL"
"2013","137.44372","17.05021","0.12405","21.26703","IPSWICH"
"2013","202.57477","64.64737","0.31913","81.80129","LEXINGTON"
"2013","91.43163","4.45104","0.04868","4.45104","LINCOLN"
"2013","113.25001","13.95452","0.12322","15.32927","LITTLETON"
"2013","200.09914","140.63881","0.70285","262.13294","LYNN"
"2013","86.02608","56.10298","0.65216","93.98713","LYNNFIELD"
"2013","128.11446","91.17257","0.71165","172.27855","MALDEN"
"2013","53.97804","12.64732","0.2343","17.54723","MANCHESTER"
"2013","92.82356","43.35144","0.46703","73.88874","MARBLEHEAD"
"2013","220.34559","84.48746","0.38343","140.79332","MARLBOROUGH"
"2013","206.42768","46.16259","0.22363","56.21633","MARSHFIELD"
"2013","62.50462","16.10843","0.25772","26.63706","MAYNARD"
"2013","97.67546","33.56326","0.34362","56.50121","MEDFIELD"
"2013","159.70093","110.58556","0.69245","199.2857","MEDFORD"
"2013","94.71708","29.73979","0.31399","34.74194","MEDWAY"
"2013","89.40865","58.23452","0.65133","107.09415","MELROSE"
"2013","74.24681","19.61922","0.26424","22.10938","MIDDLETON"
"2013","149.23801","54.98785","0.36846","78.10728","MILFORD"
"2013","66.86644","18.79111","0.28102","27.27826","MILLIS"
"2013","151.4305","81.55936","0.53859","134.58414","MILTON"
"2013","22.02512","11.33441","0.51461","16.77098","NAHANT"
"2013","182.02889","92.78668","0.50974","145.15244","NATICK"
"2013","153.60492","106.05033","0.69041","185.9647","NEEDHAM"
"2013","356.73078","257.41235","0.72159","456.66245","NEWTON"
"2013","95.94647","24.756","0.25802","24.92102","NORFOLK"
"2013","98.04613","47.20223","0.48143","77.2407","NORTH READING"
"2013","107.94472","9.22926","0.0855","10.55743","NORWELL"
"2013","136.21392","84.17827","0.61799","149.89067","NORWOOD"
"2013","234.43575","125.23682","0.53421","237.64008","PEABODY"
"2013","142.05441","34.07675","0.23989","39.02472","PEMBROKE"
"2013","263.13349","186.60814","0.70918","344.91909","QUINCY"
"2013","136.66006","76.26548","0.55807","125.38924","RANDOLPH"
"2013","113.84094","49.94833","0.43876","85.2351","READING"
"2013","121.97954","76.77712","0.62943","131.48727","REVERE"
"2013","87.35419","42.92965","0.49144","61.9268","ROCKLAND"
"2013","65.07986","11.94824","0.18359","15.78886","ROCKPORT"
"2013","133.23242","79.76431","0.59869","143.6893","SALEM"
"2013","136.03632","50.73768","0.37297","83.39472","SAUGUS"
"2013","145.7281","31.23698","0.21435","33.88704","SCITUATE"
"2013","149.08627","57.0216","0.38247","92.72802","SHARON"
"2013","67.69788","10.6844","0.15782","10.73047","SHERBORN"
"2013","119.48239","97.73324","0.81797","183.71221","SOMERVILLE"
"2013","99.5729","19.37154","0.19455","20.4345","SOUTHBOROUGH"
"2013","92.21988","46.33308","0.50242","79.93561","STONEHAM"
"2013","156.28003","46.61274","0.29826","54.00683","STOUGHTON"
"2013","83.82765","10.01983","0.11953","10.12464","STOW"
"2013","176.08112","16.17398","0.09186","17.9031","SUDBURY"
"2013","55.5476","36.28563","0.65323","67.40653","SWAMPSCOTT"
"2013","76.15604","13.59248","0.17848","13.59248","TOPSFIELD"
"2013","112.68624","66.13378","0.58688","114.20107","WAKEFIELD"
"2013","162.72344","74.27543","0.45645","95.18794","WALPOLE"
"2013","221.55083","105.3509","0.47552","189.15935","WALTHAM"
"2013","105.13869","71.36244","0.67875","134.66152","WATERTOWN"
"2013","116.01175","14.95081","0.12887","16.64919","WAYLAND"
"2013","157.02205","68.07713","0.43355","101.87537","WELLESLEY"
"2013","40.97422","9.09585","0.22199","10.31629","WENHAM"
"2013","134.60663","22.11607","0.1643","24.25062","WESTON"
"2013","107.51512","33.72903","0.31371","37.77732","WESTWOOD"
"2013","230.69942","102.02338","0.44224","156.30968","WEYMOUTH"
"2013","158.73233","35.27015","0.2222","58.23002","WILMINGTON"
"2013","106.5799","49.87718","0.46798","83.12762","WINCHESTER"
"2013","44.99589","35.5753","0.79063","64.3689","WINTHROP"
"2013","183.17149","79.52856","0.43418","130.43411","WOBURN"
"2013","118.88936","23.95603","0.2015","26.21607","WRENTHAM"
"2014","159.92781","23.90981","0.1495","26.85517","ACTON"
"2014","138.42705","83.70725","0.6047","154.91201","ARLINGTON"
"2014","103.67668","31.3761","0.30263","34.38621","ASHLAND"
"2014","112.63557","37.57002","0.33355","42.6171","BEDFORD"
"2014","126.0765","38.4578","0.30504","50.65573","BELLINGHAM"
"2014","93.16407","59.09712","0.63433","107.05106","BELMONT"
"2014","173.6421","99.5377","0.57323","170.82546","BEVERLY"
"2014","83.50551","2.37958","0.0285","2.76773","BOLTON"
"2014","1191.65","822.97852","0.69062","1522.81","BOSTON"
"2014","52.33089","7.38664","0.14115","7.38664","BOXBOROUGH"
"2014","181.45924","84.92927","0.46803","142.77067","BRAINTREE"
"2014","127.70921","96.76125","0.75767","170.00415","BROOKLINE"
"2014","144.81273","28.05191","0.19371","32.10118","BURLINGTON"
"2014","173.74962","129.24545","0.74386","240.01917","CAMBRIDGE"
"2014","144.37224","41.19958","0.28537","49.24705","CANTON"
"2014","78.73961","3.68216","0.04676","3.68655","CARLISLE"
"2014","58.79482","42.67129","0.72577","77.82005","CHELSEA"
"2014","76.44802","10.09703","0.13208","12.01079","COHASSET"
"2014","155.66143","40.51297","0.26026","52.47176","CONCORD"
"2014","164.48096","81.08343","0.49297","134.16043","DANVERS"
"2014","131.51021","64.96523","0.49399","100.28468","DEDHAM"
"2014","74.13552","1.0058","0.01357","1.15209","DOVER"
"2014","177.74408","3.23942","0.01823","3.5818","DUXBURY"
"2014","44.57111","6.48215","0.14543","7.03967","ESSEX"
"2014","83.62973","58.28324","0.69692","110.56011","EVERETT"
"2014","138.04513","52.36564","0.37934","74.32342","FOXBOROUGH"
"2014","302.88044","114.8503","0.37919","156.08381","FRAMINGHAM"
"2014","205.12386","94.03892","0.45845","137.30871","FRANKLIN"
"2014","207.3279","43.95335","0.212","68.56579","GLOUCESTER"
"2014","78.51343","12.64093","0.161","13.63128","HAMILTON"
"2014","115.30429","27.51156","0.2386","32.70077","HANOVER"
"2014","195.96031","50.97721","0.26014","57.96027","HINGHAM"
"2014","59.48201","26.9901","0.45375","47.63018","HOLBROOK"
"2014","117.72649","39.12641","0.33235","54.19226","HOLLISTON"
"2014","154.59585","47.79127","0.30914","50.00972","HOPKINTON"
"2014","121.11617","45.89919","0.37897","75.94704","HUDSON"
"2014","63.08034","21.45694","0.34015","29.9206","HULL"
"2014","137.31759","17.05021","0.12417","21.26703","IPSWICH"
"2014","201.58179","64.66105","0.32077","81.8287","LEXINGTON"
"2014","90.96969","4.45104","0.04893","4.45104","LINCOLN"
"2014","115.01959","13.95462","0.12132","15.32937","LITTLETON"
"2014","200.27107","141.71814","0.70763","264.60997","LYNN"
"2014","86.02707","56.10298","0.65215","93.98713","LYNNFIELD"
"2014","128.06599","91.11603","0.71148","172.22322","MALDEN"
"2014","53.64549","12.64542","0.23572","17.54345","MANCHESTER"
"2014","92.91579","43.48878","0.46805","74.19927","MARBLEHEAD"
"2014","212.87498","84.10286","0.39508","140.3302","MARLBOROUGH"
"2014","211.1078","46.13571","0.21854","56.11745","MARSHFIELD"
"2014","62.45467","17.93724","0.2872","29.13958","MAYNARD"
"2014","97.2634","33.54811","0.34492","56.47091","MEDFIELD"
"2014","159.69254","110.59343","0.69254","199.30965","MEDFORD"
"2014","94.57002","29.73977","0.31447","34.74192","MEDWAY"
"2014","89.29241","58.28259","0.65272","107.14182","MELROSE"
"2014","74.99796","19.61922","0.2616","22.10938","MIDDLETON"
"2014","149.64489","54.98785","0.36746","78.10728","MILFORD"
"2014","66.92911","18.79883","0.28088","27.28597","MILLIS"
"2014","150.18719","81.61224","0.5434","134.6388","MILTON"
"2014","22.02512","11.33441","0.51461","16.77098","NAHANT"
"2014","170.78652","92.74691","0.54306","145.18345","NATICK"
"2014","153.5716","106.05055","0.69056","185.96236","NEEDHAM"
"2014","355.98697","257.79277","0.72416","457.00374","NEWTON"
"2014","96.07649","24.756","0.25767","24.92102","NORFOLK"
"2014","97.97833","47.05782","0.48029","77.09629","NORTH READING"
"2014","107.89589","9.16251","0.08492","10.42393","NORWELL"
"2014","137.8167","84.2008","0.61096","149.91318","NORWOOD"
"2014","233.16438","125.06623","0.53639","237.51618","PEABODY"
"2014","142.38417","36.06664","0.25331","41.01461","PEMBROKE"
"2014","263.87458","186.54084","0.70693","344.79481","QUINCY"
"2014","137.64241","76.26499","0.55408","125.38874","RANDOLPH"
"2014","113.92816","49.94833","0.43842","85.2351","READING"
"2014","121.7323","76.76161","0.63058","131.47176","REVERE"
"2014","87.07985","42.93109","0.49301","61.92825","ROCKLAND"
"2014","65.11076","11.94824","0.18351","15.78886","ROCKPORT"
"2014","129.77255","79.60103","0.61339","143.48549","SALEM"
"2014","136.13563","50.6476","0.37204","83.21455","SAUGUS"
"2014","146.02361","31.50303","0.21574","34.15308","SCITUATE"
"2014","149.24963","57.03099","0.38212","92.78598","SHARON"
"2014","67.69788","10.6844","0.15782","10.73047","SHERBORN"
"2014","118.86723","97.59582","0.82105","183.4532","SOMERVILLE"
"2014","100.49777","19.72166","0.19624","20.78462","SOUTHBOROUGH"
"2014","92.53132","46.3105","0.50048","79.91328","STONEHAM"
"2014","157.35166","46.61313","0.29624","54.00683","STOUGHTON"
"2014","83.32135","10.01983","0.12026","10.12464","STOW"
"2014","173.55713","16.17398","0.09319","17.9031","SUDBURY"
"2014","55.48189","36.23714","0.65313","67.33987","SWAMPSCOTT"
"2014","76.0616","13.59248","0.1787","13.59248","TOPSFIELD"
"2014","114.76407","66.12498","0.57618","114.18345","WAKEFIELD"
"2014","163.82237","75.53601","0.46108","95.71253","WALPOLE"
"2014","218.17226","104.68799","0.47984","188.53929","WALTHAM"
"2014","105.04597","71.39068","0.67961","134.68932","WATERTOWN"
"2014","114.82951","14.95109","0.1302","16.64947","WAYLAND"
"2014","157.42207","67.99555","0.43193","101.72748","WELLESLEY"
"2014","40.9802","9.09367","0.2219","10.31411","WENHAM"
"2014","134.23075","22.10605","0.16469","24.2406","WESTON"
"2014","105.90749","33.59243","0.31719","37.51193","WESTWOOD"
"2014","232.06069","101.56559","0.43767","155.50737","WEYMOUTH"
"2014","158.68743","35.27015","0.22226","58.23002","WILMINGTON"
"2014","106.57999","49.87698","0.46798","83.1326","WINCHESTER"
"2014","44.82856","35.5458","0.79293","64.33809","WINTHROP"
"2014","182.80108","79.50311","0.43492","130.38311","WOBURN"
"2014","119.51353","23.95563","0.20044","26.21566","WRENTHAM"
"2015","159.92781","23.90981","0.1495","26.85517","ACTON"
"2015","138.42705","83.70725","0.6047","154.91201","ARLINGTON"
"2015","103.67668","31.3761","0.30263","34.38621","ASHLAND"
"2015","112.63556","37.57001","0.33355","42.6171","BEDFORD"
"2015","126.0765","38.4578","0.30504","50.65573","BELLINGHAM"
"2015","93.16407","59.09712","0.63433","107.05106","BELMONT"
"2015","173.6421","99.5377","0.57323","170.82546","BEVERLY"
"2015","83.50551","2.37958","0.0285","2.76773","BOLTON"
"2015","1191.65","822.97852","0.69062","1522.81","BOSTON"
"2015","52.33089","7.38664","0.14115","7.38664","BOXBOROUGH"
"2015","181.45924","84.92927","0.46803","142.77067","BRAINTREE"
"2015","127.70921","96.76125","0.75767","170.00415","BROOKLINE"
"2015","144.81273","28.05191","0.19371","32.10118","BURLINGTON"
"2015","173.74962","129.24545","0.74386","240.01917","CAMBRIDGE"
"2015","144.37224","41.19958","0.28537","49.24705","CANTON"
"2015","78.73961","3.68216","0.04676","3.68655","CARLISLE"
"2015","58.79482","42.67129","0.72577","77.82005","CHELSEA"
"2015","76.44802","10.09703","0.13208","12.01079","COHASSET"
"2015","155.66143","40.51297","0.26026","52.47176","CONCORD"
"2015","164.48096","81.08343","0.49297","134.16043","DANVERS"
"2015","131.51021","64.96523","0.49399","100.28468","DEDHAM"
"2015","74.13552","1.0058","0.01357","1.15209","DOVER"
"2015","177.74408","3.23942","0.01823","3.5818","DUXBURY"
"2015","44.57111","6.48215","0.14543","7.03967","ESSEX"
"2015","83.62973","58.28324","0.69692","110.56011","EVERETT"
"2015","138.04513","52.36564","0.37934","74.32342","FOXBOROUGH"
"2015","302.88044","114.8503","0.37919","156.08381","FRAMINGHAM"
"2015","205.12386","94.03892","0.45845","137.30871","FRANKLIN"
"2015","207.3279","43.95335","0.212","68.56579","GLOUCESTER"
"2015","78.51343","12.64093","0.161","13.63128","HAMILTON"
"2015","115.30425","27.51152","0.2386","32.70073","HANOVER"
"2015","195.9603","50.97721","0.26014","57.96027","HINGHAM"
"2015","59.48201","26.9901","0.45375","47.63018","HOLBROOK"
"2015","117.72649","39.12641","0.33235","54.19226","HOLLISTON"
"2015","154.59585","47.79127","0.30914","50.00972","HOPKINTON"
"2015","121.11617","45.89919","0.37897","75.94704","HUDSON"
"2015","63.08034","21.45694","0.34015","29.9206","HULL"
"2015","137.31759","17.05021","0.12417","21.26703","IPSWICH"
"2015","201.58179","64.66105","0.32077","81.8287","LEXINGTON"
"2015","90.96969","4.45104","0.04893","4.45104","LINCOLN"
"2015","115.0196","13.95462","0.12132","15.32937","LITTLETON"
"2015","200.27107","141.71814","0.70763","264.60997","LYNN"
"2015","86.02707","56.10298","0.65215","93.98713","LYNNFIELD"
"2015","128.06599","91.11603","0.71148","172.22322","MALDEN"
"2015","53.64549","12.64542","0.23572","17.54345","MANCHESTER"
"2015","92.91579","43.48878","0.46805","74.19927","MARBLEHEAD"
"2015","212.87498","84.10286","0.39508","140.3302","MARLBOROUGH"
"2015","211.1078","46.13571","0.21854","56.11745","MARSHFIELD"
"2015","62.45467","17.93724","0.2872","29.13958","MAYNARD"
"2015","97.2634","33.54811","0.34492","56.47091","MEDFIELD"
"2015","159.69254","110.59343","0.69254","199.30965","MEDFORD"
"2015","94.57002","29.73977","0.31447","34.74192","MEDWAY"
"2015","89.29241","58.28259","0.65272","107.14182","MELROSE"
"2015","74.99796","19.61922","0.2616","22.10939","MIDDLETON"
"2015","149.64489","54.98785","0.36746","78.10729","MILFORD"
"2015","66.92911","18.79883","0.28088","27.28597","MILLIS"
"2015","150.18719","81.61224","0.5434","134.6388","MILTON"
"2015","22.02512","11.33441","0.51461","16.77098","NAHANT"
"2015","170.78655","92.74694","0.54306","145.18347","NATICK"
"2015","153.5716","106.05055","0.69056","185.96236","NEEDHAM"
"2015","355.98697","257.79277","0.72416","457.00374","NEWTON"
"2015","96.07649","24.756","0.25767","24.92102","NORFOLK"
"2015","97.97833","47.05782","0.48029","77.09629","NORTH READING"
"2015","107.89589","9.16251","0.08492","10.42393","NORWELL"
"2015","137.8167","84.2008","0.61096","149.91318","NORWOOD"
"2015","233.16438","125.06623","0.53639","237.51618","PEABODY"
"2015","142.38411","36.06664","0.25331","41.01461","PEMBROKE"
"2015","263.87458","186.54084","0.70693","344.79481","QUINCY"
"2015","137.64241","76.26499","0.55408","125.38874","RANDOLPH"
"2015","113.92816","49.94833","0.43842","85.2351","READING"
"2015","121.7323","76.76161","0.63058","131.47176","REVERE"
"2015","87.07985","42.93109","0.49301","61.92825","ROCKLAND"
"2015","65.11076","11.94824","0.18351","15.78886","ROCKPORT"
"2015","129.77255","79.60103","0.61339","143.48549","SALEM"
"2015","136.13563","50.6476","0.37204","83.21455","SAUGUS"
"2015","146.02361","31.50303","0.21574","34.15308","SCITUATE"
"2015","149.24962","57.03099","0.38212","92.78597","SHARON"
"2015","67.69788","10.6844","0.15782","10.73048","SHERBORN"
"2015","118.86723","97.59582","0.82105","183.4532","SOMERVILLE"
"2015","100.49774","19.72166","0.19624","20.78462","SOUTHBOROUGH"
"2015","92.53132","46.3105","0.50048","79.91328","STONEHAM"
"2015","157.35166","46.61313","0.29624","54.00683","STOUGHTON"
"2015","83.32135","10.01983","0.12026","10.12464","STOW"
"2015","173.55713","16.17398","0.09319","17.9031","SUDBURY"
"2015","55.48189","36.23714","0.65313","67.33987","SWAMPSCOTT"
"2015","76.0616","13.59248","0.1787","13.59248","TOPSFIELD"
"2015","114.76407","66.12498","0.57618","114.18345","WAKEFIELD"
"2015","163.82237","75.53601","0.46108","95.71253","WALPOLE"
"2015","218.17226","104.68799","0.47984","188.53929","WALTHAM"
"2015","105.04597","71.39068","0.67961","134.68932","WATERTOWN"
"2015","114.82951","14.95109","0.1302","16.64947","WAYLAND"
"2015","157.42207","67.99555","0.43193","101.72748","WELLESLEY"
"2015","40.9802","9.09367","0.2219","10.31411","WENHAM"
"2015","134.23074","22.10605","0.16469","24.2406","WESTON"
"2015","105.90749","33.59243","0.31719","37.51193","WESTWOOD"
"2015","232.06069","101.56559","0.43767","155.50737","WEYMOUTH"
"2015","158.68743","35.27015","0.22226","58.23002","WILMINGTON"
"2015","106.58","49.87698","0.46798","83.1326","WINCHESTER"
"2015","44.82856","35.5458","0.79293","64.33809","WINTHROP"
"2015","182.80108","79.50311","0.43492","130.3831","WOBURN"
"2015","119.51353","23.95563","0.20044","26.21566","WRENTHAM"
