TOWN,NORMALIZEDSTART,PSI,ROUTETO,ROUTEFROM,ROUTEKEY,FEDERALAIDROUTENUMBER,ROUTEDIRECTION
NEEDHAM,23.8875,2.88707553,35.5558,35.5477,I95 NB,I-95,NB
NEEDHAM,20.775,2.46244,57.5812,57.5466,I95 SB,I-95,SB
NEEDHAM,23.7822,3.4722241,54.574,54.3755,I95 SB,I-95,SB
NEWTON,,,,,R50115,I-95,
NEWTON,26.5451,4.5,38.31,38.2053,I95 NB,I-95,NB
NEWTON,26.2263,4.5,52.1299,52.0482,I95 SB,I-95,SB
NEWTON,26.6162,4.31272265,51.74,51.7012,I95 SB,I-95,SB
NEWTON,12.7548,3.62012718,13.4879,12.7548,I90 WB,I-90,WB
NORWOOD,11.2004,4.11762679,67.1558,66.8754,I95 SB,I-95,SB
QUINCY,4.3391,4.5,41.5582,40.6807,I93 SB,I-93,SB
QUINCY,4.0584,2.062082,41.8389,41.82,I93 SB,I-93,SB
RANDOLPH,3.118,3.96559901,3.8199,3.118,I93 NB,I-93,NB
RANDOLPH,2.9515,4.5,42.9458,42.3282,I93 SB,I-93,SB
READING,43.8496,3.614185,55.526,55.5098,I95 NB,I-95,NB
READING,0,,0.401,0,R12174,I-95,
READING,44.6822,2.37901,56.365,56.3424,I95 NB,I-95,NB
READING,28.1097,3.307928,17.7876,17.7524,I93 SB,I-93,SB
READING,44.057,3.69288766,34.2992,34,I95 SB,I-95,SB
SOMERVILLE,19.7566,2.325884,20.1188,19.7566,I93 NB,I-93,NB
SOMERVILLE,18.6873,2.308062,27.21,26.881,I93 SB,I-93,SB
SOMERVILLE,20.0753,2.11496,25.822,25.7936,I93 SB,I-93,SB
SOMERVILLE,19.408,2.50378394,26.4893,26.2847,I93 SB,I-93,SB
STONEHAM,0.3589,,0.5532,0.3589,R12173,I-95,
STONEHAM,28.1079,4.5,28.2702,28.1079,I93 NB,I-93,NB
STONEHAM,27.9275,4.5,28.1079,27.9275,I93 NB,I-93,NB
STONEHAM,25.9337,4.5,19.9636,19.9,I93 SB,I-93,SB
FOXBOROUGH,1.6118,2.85609094,16.3253,13.272,I95 NB,I-95,NB
FOXBOROUGH,0.0307,4.10679329,87.6366,87.3295,I495 SB,I495,SB
FRANKLIN,10.0231,2.95742596,43.4939,42.9017,I495 NB,I495,NB
HOPKINTON,21.2661,4.29844216,54.5298,54.1447,I495 NB,I495,NB
HOPKINTON,,,,,R50102,I495,
HOPKINTON,20.9117,4.42581196,54.1088,53.7903,I495 NB,I495,NB
HOPKINTON,31.6257,3.1875,31.996,31.6257,I90 WB,I-90,WB
HOPKINTON,33.0599,3.7125,33.1532,33.0599,I90 WB,I-90,WB
HUDSON,32.4465,4.43318087,55.2208,54.6763,I495 SB,I495,SB
LEXINGTON,33.0819,2.75,44.9251,44.7421,I95 NB,I-95,NB
LEXINGTON,37.1161,2.74537867,49.4454,48.7763,I95 NB,I-95,NB
LEXINGTON,36.9489,2.85563227,41.4073,40.731,I95 SB,I-95,SB
LITTLETON,44.1205,4.34339203,43.5468,43.2302,I495 SB,I495,SB
LITTLETON,46.9156,3.00668863,40.7517,40.3584,I495 SB,I495,SB
LITTLETON,44.4371,3.52033648,43.2302,43.1128,I495 SB,I495,SB
LYNNFIELD,47.2643,3.10283927,31.0919,30.7987,I95 SB,I-95,SB
LYNNFIELD,49.1166,4.37122389,29.2396,28.9097,I95 SB,I-95,SB
MARLBOROUGH,0,,0.3897,0,R13142,I495,
MARLBOROUGH,0,,0.6094,0,R13140,I495,
MARLBOROUGH,28.7304,4.5,58.9369,58.4616,I495 SB,I495,SB
MEDFORD,21.9425,3.70060638,23.9548,23.4798,I93 SB,I-93,SB
MEDFORD,23.4087,4.5,22.4886,22.2699,I93 SB,I-93,SB
MIDDLETON,59.309,3.92816427,19.0472,18.8899,I95 SB,I-95,SB
MILTON,2.0213,4.5,43.876,43.2433,I93 SB,I-93,SB
MILTON,10.5694,3.18850324,35.3279,35.2066,I93 SB,I-93,SB
MILTON,8.9778,3.21523552,36.9195,36.8239,I93 SB,I-93,SB
MILTON,10.505,2.34327556,35.3923,35.3279,I93 SB,I-93,SB
MILTON,1.9739,4.5,43.9234,43.876,I93 SB,I-93,SB
WAKEFIELD,46.8093,4.5,31.5469,31.2255,I95 SB,I-95,SB
WALPOLE,9.7249,4.5,21.3916,21.3851,I95 NB,I-95,NB
WALTHAM,32.4444,4.43284944,44.338,44.1046,I95 NB,I-95,NB
WALTHAM,32.9686,4.48303752,44.7421,44.6288,I95 NB,I-95,NB
WELLESLEY,25.207,4.39762637,37.6232,36.8672,I95 NB,I-95,NB
WELLESLEY,24.9681,3.34910163,36.8672,36.6283,I95 NB,I-95,NB
WESTON,0,,0.197,0,R11532,I-95,
WESTON,,,,,R50112,I-95,
WESTON,,,,,R50114,I-95,
WESTON,0,,0.2953,0,R11533,I-95,
WESTON,17.6986,3.17617792,18.0011,17.6986,I90 WB,I-90,WB
WESTON,14.4781,2.38167771,14.6858,14.4781,I90 WB,I-90,WB
WESTON,15.3181,4.5,15.6264,15.3181,I90 WB,I-90,WB
WESTON,14.6858,4.18248026,14.9168,14.6858,I90 WB,I-90,WB
WESTWOOD,16.3621,4.5,28.3341,28.0223,I95 NB,I-95,NB
WILMINGTON,31.0032,2.81924255,31.3827,31.0032,I93 NB,I-93,NB
WOBURN,41.8614,4.34862638,53.7684,53.5216,I95 NB,I-95,NB
WOBURN,26.5657,4.12786512,19.3316,19.0656,I93 SB,I-93,SB
WOBURN,29.9429,2.80682041,15.9544,15.6529,I93 SB,I-93,SB
BOSTON,15.4392,3.41238334,15.8553,15.4392,I93 NB,I-93,NB
BOSTON,16.687,2.78068561,17.2467,16.687,I93 NB,I-93,NB
BOSTON,3.0226,2.64120524,3.4585,3.0226,I90 WB,I-90,WB
DANVERS,54.5332,4.5,23.823,23.817,I95 SB,I-95,SB
BOSTON,,,,,R50129,66,
BELLINGHAM,11.6385,4.5,76.0288,74.9783,I495 SB,I495,SB
BOLTON,39.0592,4.5,48.6081,48.5504,I495 SB,I495,SB
BOLTON,37.1091,4.48604994,50.5582,48.6081,I495 SB,I495,SB
BOSTON,17.7989,2.43113923,17.9982,17.7989,I93 NB,I-93,NB
BOSTON,18.7476,2.325884,18.9812,18.7476,I93 NB,I-93,NB
BOSTON,12.0455,3.36735564,12.4436,12.0455,I93 NB,I-93,NB
BOSTON,15.0872,3.91365346,15.3269,15.0872,I93 NB,I-93,NB
BOSTON,19.2906,2.325884,19.4957,19.2906,I93 NB,I-93,NB
BOSTON,11.7158,2.592006,12.0455,11.7158,I93 NB,I-93,NB
BOSTON,6.3331,2.17930959,6.7392,6.3331,I90 WB,I-90,WB
BOSTON,10.7529,3.35248661,35.1444,34.6597,I93 SB,I-93,SB
BOSTON,14.4719,3.25612594,31.4254,30.8935,I93 SB,I-93,SB
BOSTON,19.2179,2.308062,26.6794,26.4893,I93 SB,I-93,SB
BOSTON,19.0163,2.308062,26.881,26.6794,I93 SB,I-93,SB
BOSTON,5.3542,3.54864279,132.7398,131.8507,I90 EB,I-90,EB
BOSTON,5.1162,3.71012697,132.9778,132.9467,I90 EB,I-90,EB
BOXBOROUGH,40.5053,4.5,73.595,73.3839,I495 NB,I495,NB
BOXBOROUGH,42.2833,4.4933714,76.892,75.1619,I495 NB,I495,NB
BRAINTREE,5.3238,4.5,6.0111,5.3238,I93 NB,I-93,NB
BURLINGTON,38.7615,2.99256548,51.3571,50.4217,I95 NB,I-95,NB
BURLINGTON,40.4208,4.5,37.9354,37.736,I95 SB,I-95,SB
BURLINGTON,40.6202,4.5,37.736,37.5024,I95 SB,I-95,SB
CANTON,0.9749,4.5,44.9224,44.6269,I93 SB,I-93,SB
DANVERS,55.9549,4.32876789,68.5316,67.6151,I95 NB,I-95,NB
DEDHAM,19.2213,4.5,31.2084,30.8815,I95 NB,I-95,NB
DEDHAM,19.5482,4.44238927,32.3088,31.2084,I95 NB,I-95,NB
DEDHAM,17.6565,4.5,29.3641,29.3167,I95 NB,I-95,NB
DEDHAM,19.1612,4.5,30.8352,30.8214,I95 NB,I-95,NB
DEDHAM,18.7819,4.5,59.5743,59.5098,I95 SB,I-95,SB
DEDHAM,19.1889,4.5,59.1673,58.5973,I95 SB,I-95,SB
NEEDHAM,20.9209,4.19389202,32.829,32.5811,I95 NB,I-95,NB
NEEDHAM,23.4803,3.49026514,54.8759,54.6361,I95 SB,I-95,SB
NEWTON,10.0777,3.7125,128.0163,127.673,I90 EB,I-90,EB
NEWTON,10.421,3.7125,127.673,127.2811,I90 EB,I-90,EB
NEWTON,11.6549,3.7125,12.7548,11.6549,I90 WB,I-90,WB
NEWTON,11.2227,3.43471826,11.6549,11.2227,I90 WB,I-90,WB
NORWOOD,11.6321,4.5,23.6032,23.2923,I95 NB,I-95,NB
NORWOOD,12.1263,3.4292836,66.2299,66.16,I95 SB,I-95,SB
NORWOOD,11.8006,4.5,66.5556,66.5447,I95 SB,I-95,SB
NORWOOD,11.8115,4.5,66.5447,66.5379,I95 SB,I-95,SB
NORWOOD,11.4808,4.5,66.8754,66.5556,I95 SB,I-95,SB
PEABODY,51.3168,4.5,63.1412,62.977,I95 NB,I-95,NB
PEABODY,51.481,4.41397967,63.4528,63.1412,I95 NB,I-95,NB
PEABODY,51.2259,3.16915158,27.1303,27.0482,I95 SB,I-95,SB
QUINCY,7.3099,3.39325297,7.4951,7.3099,I93 NB,I-93,NB
QUINCY,3.5691,4.5,42.3282,42.2048,I93 SB,I-93,SB
QUINCY,7.5043,3.41400325,38.393,37.6168,I93 SB,I-93,SB
READING,0,,0.3957,0,R12176,I-95,
READING,28.4036,4.38894538,28.7001,28.4036,I93 NB,I-93,NB
READING,44.7048,2.60377458,56.4848,56.365,I95 NB,I-95,NB
SOMERVILLE,20.1188,2.325884,20.5664,20.1188,I93 NB,I-93,NB
SOMERVILLE,19.7014,2.325884,19.7566,19.7014,I93 NB,I-93,NB
SOUTHBOROUGH,28.0149,4.12418534,61.3387,60.8935,I495 NB,I495,NB
STONEHAM,0.3028,,0.4697,0.3028,R12697,I-95,
STONEHAM,25.1233,4.5,25.2234,25.1233,I93 NB,I-93,NB
STONEHAM,24.2395,4.5,21.6578,21.5729,I93 SB,I-93,SB
WAKEFIELD,44.8246,3.50414907,56.5768,56.4848,I95 NB,I-95,NB
FOXBOROUGH,0.3092,3.189862,12.5958,11.9694,I95 NB,I-95,NB
FOXBOROUGH,0,3.16244476,87.6673,87.6366,I495 SB,I495,SB
FRAMINGHAM,21.7277,3.64825715,116.3663,111.4188,I90 EB,I-90,EB
FRANKLIN,10.0549,2.94146363,77.6124,76.983,I495 SB,I495,SB
HOPKINTON,0.4009,,0.6128,0.4009,R11547,I495,
HOPKINTON,0,,0.5914,0,R11525,I495,
HOPKINTON,20.8163,4.26145777,66.851,66.4317,I495 SB,I495,SB
LEXINGTON,36.5565,2.73780838,48.4632,48.2167,I95 NB,I-95,NB
LEXINGTON,34.9484,2.83735649,48.2167,46.6086,I95 NB,I-95,NB
LITTLETON,44.3428,3.7125,77.3374,77.2214,I495 NB,I495,NB
LITTLETON,46.3194,3.45731888,41.3479,40.7517,I495 SB,I495,SB
LYNNFIELD,47.437,2.9,59.3255,59.0972,I95 NB,I-95,NB
LYNNFIELD,47.2231,2.9,59.0972,58.8833,I95 NB,I-95,NB
MARLBOROUGH,31.9321,4.49004446,65.2393,64.8107,I495 NB,I495,NB
MARLBOROUGH,29.9074,4.5,57.7599,57.4043,I495 SB,I495,SB
MARLBOROUGH,1.7856,3.7125,2.0072,1.7856,I290 WB,I290,WB
MARLBOROUGH,30.5988,4.46408418,57.0685,56.0113,I495 SB,I495,SB
MEDFORD,23.3767,4.5,23.7044,23.3767,I93 NB,I-93,NB
MIDDLETON,57.8437,3.243445,20.5125,20.4509,I95 SB,I-95,SB
MILFORD,15.4298,3.86564351,48.608,48.3084,I495 NB,I495,NB
MILTON,10.8191,2.428518,10.8299,10.8191,I93 NB,I-93,NB
MILTON,2.0806,4.5,2.3503,2.0806,I93 NB,I-93,NB
MILTON,2.3503,4.5,2.5617,2.3503,I93 NB,I-93,NB
MILTON,10.6907,3.066032,35.2066,35.1444,I93 SB,I-93,SB
MILTON,10.0594,3.48869514,35.8379,35.3923,I93 SB,I-93,SB
WAKEFIELD,45.7131,2.88180779,57.5603,57.3733,I95 NB,I-95,NB
WAKEFIELD,46.5675,2.84062114,58.5658,58.2277,I95 NB,I-95,NB
WALTHAM,29.2904,4.46612794,41.2872,40.9506,I95 NB,I-95,NB
WALTHAM,31.2977,4.13561082,47.0585,46.857,I95 SB,I-95,SB
WELLESLEY,24.8961,1.93975665,36.5922,36.5563,I95 NB,I-95,NB
WELLESLEY,24.7855,2.60366614,53.5707,53.5228,I95 SB,I-95,SB
WESTON,17.567,2.98842173,17.6986,17.567,I90 WB,I-90,WB
WESTON,27.2672,4.5,51.089,50.9184,I95 SB,I-95,SB
WESTON,27.7218,4.44729451,50.6344,49.4739,I95 SB,I-95,SB
WESTWOOD,15.8605,4.5,62.4957,62.3369,I95 SB,I-95,SB
WILMINGTON,32.3288,3.04988495,13.5685,12.605,I93 SB,I-93,SB
WOBURN,27.0278,4.5,27.9275,27.0278,I93 NB,I-93,NB
WOBURN,26.2879,4.5,19.6094,19.5256,I93 SB,I-93,SB
WOBURN,26.3717,3.99097929,19.5256,19.3316,I93 SB,I-93,SB
WOBURN,28.8251,2.77387344,17.0722,16.7093,I93 SB,I-93,SB
WRENTHAM,3.1283,4.43504399,84.539,83.0383,I495 SB,I495,SB
SOMERVILLE,19.1365,2.325884,19.2906,19.1365,I93 NB,I-93,NB
BOSTON,3.5505,2.48283976,134.5435,134.2971,I90 EB,I-90,EB
BOSTON,0.1653,2.438175,0.2823,0.1653,I90 WB,I-90,WB
BOSTON,0.4423,2.23893174,0.7354,0.4423,I90 WB,I-90,WB
BOSTON,7.2362,2.71156068,130.8578,130.5807,I90 EB,I-90,EB
ASHLAND,27.5346,3.45,110.5594,110.0737,I90 EB,I-90,EB
BOSTON,18.5095,2.325884,18.7476,18.5095,I93 NB,I-93,NB
BOSTON,18.3408,2.325884,18.5095,18.3408,I93 NB,I-93,NB
BOSTON,7.0563,2.28197581,131.0377,130.8578,I90 EB,I-90,EB
BOSTON,6.9509,1.981822,131.1431,131.0377,I90 EB,I-90,EB
BOSTON,0,2.28797295,0.1223,0,I90 WB,I-90,WB
BOSTON,17.4647,2.73001739,28.4326,28.391,I93 SB,I-93,SB
BOSTON,7.2797,3.59092923,9.5039,7.2797,I90 WB,I-90,WB
BOSTON,5.7142,3.7125,6.0138,5.7142,I90 WB,I-90,WB
BOSTON,3.8249,3.7125,4.3153,3.8249,I90 WB,I-90,WB
BOSTON,16.1716,2.39429646,29.7257,28.9896,I93 SB,I-93,SB
BOXBOROUGH,42.0216,4.5,75.1619,74.9002,I495 NB,I495,NB
BROOKLINE,6.2433,3.7125,131.8507,131.6337,I90 EB,I-90,EB
BURLINGTON,40.7786,4.5,52.4823,52.4388,I95 NB,I-95,NB
CANTON,1.6672,4.5,2.0806,1.6672,I93 NB,I-93,NB
CANTON,0,,0.7878,0,R12527,I-95,
CANTON,13.6754,4.5,25.723,25.3356,I95 NB,I-95,NB
CANTON,14.9424,3.04747098,63.4138,63.3573,I95 SB,I-95,SB
DANVERS,56.8714,3.98590305,69.3454,68.5316,I95 NB,I-95,NB
MIDDLETON,57.7629,4.12390865,20.5933,20.5125,I95 SB,I-95,SB
DEDHAM,20.6486,2.771678,32.3291,32.3088,I95 NB,I-95,NB
DEDHAM,15.5049,4.5,62.8513,62.6276,I95 SB,I-95,SB
DEDHAM,15.7286,4.5,62.6276,62.4957,I95 SB,I-95,SB
NATICK,20.9751,3.61973745,117.1189,116.9403,I90 EB,I-90,EB
NATICK,19.8108,3.60954893,118.2832,117.8924,I90 EB,I-90,EB
NATICK,19.6124,3.00599148,20.5044,19.6124,I90 WB,I-90,WB
NEEDHAM,23.9084,3.55024988,35.7685,35.5686,I95 NB,I-95,NB
NEEDHAM,23.7726,2.547367,54.5836,54.574,I95 SB,I-95,SB
NEWTON,14.3161,2.919531,123.7779,123.5124,I90 EB,I-90,EB
NEWTON,,,,,R50115,I-95,
NEWTON,26.655,3.24586453,51.7012,51.4659,I95 SB,I-95,SB
NORWOOD,11.943,3.27783869,23.6563,23.6032,I95 NB,I-95,NB
NORWOOD,11.6087,4.5,23.2776,23.2689,I95 NB,I-95,NB
PEABODY,54.4583,3.398546,66.1544,66.1185,I95 NB,I-95,NB
PEABODY,54.8417,4.20305523,66.7779,66.5019,I95 NB,I-95,NB
PEABODY,53.9438,4.36891934,24.4124,24.111,I95 SB,I-95,SB
QUINCY,9.1493,3.38189817,9.3083,9.1493,I93 NB,I-93,NB
QUINCY,6.8346,3.7125,39.0627,38.7234,I93 SB,I-93,SB
RANDOLPH,2.8925,4.5,43.0048,42.9458,I93 SB,I-93,SB
READING,44.3562,3.18345618,34,33.7416,I95 SB,I-95,SB
SHARON,7.0076,2.78586091,19.7026,18.6678,I95 NB,I-95,NB
SHARON,7.4503,2.80748293,70.9059,70.2738,I95 SB,I-95,SB
SOMERVILLE,20.5864,3.17813503,20.8666,20.5864,I93 NB,I-93,NB
SOMERVILLE,19.6126,2.72903741,26.2847,25.822,I93 SB,I-93,SB
SOUTHBOROUGH,28.0203,3.45,110.0737,109.3492,I90 EB,I-90,EB
SOUTHBOROUGH,28.7448,3.3270451,109.3492,107.5649,I90 EB,I-90,EB
STONEHAM,26.3558,4.5,26.586,26.3558,I93 NB,I-93,NB
STONEHAM,25.2234,4.36187162,26.2249,25.2234,I93 NB,I-93,NB
STONEHAM,24.3244,4.43187442,21.5729,19.9636,I93 SB,I-93,SB
FOXBOROUGH,4.6651,2.9,16.3661,16.3253,I95 NB,I-95,NB
FOXBOROUGH,0.9356,2.80869074,12.9445,12.5958,I95 NB,I-95,NB
FOXBOROUGH,0,,0.2075,0,R13047,I495,
FOXBOROUGH,1.2843,2.185372,12.966,12.9445,I95 NB,I-95,NB
FOXBOROUGH,1.4764,2.89546271,76.8798,76.569,I95 SB,I-95,SB
FRAMINGHAM,21.2457,3.53705762,116.8483,116.3663,I90 EB,I-90,EB
FRAMINGHAM,26.3994,2.79828503,26.8529,26.3994,I90 WB,I-90,WB
FRAMINGHAM,21.0198,2.80125,21.4227,21.0198,I90 WB,I-90,WB
FRANKLIN,8.3313,3.53342983,79.336,77.6124,I495 SB,I495,SB
HOPKINTON,19.4443,4.5,53.7903,52.3229,I495 NB,I495,NB
HOPKINTON,24.566,4.4808788,63.1013,62.6902,I495 SB,I495,SB
LEXINGTON,36.803,2.75,48.4937,48.4632,I95 NB,I-95,NB
LEXINGTON,36.8335,2.75,48.5064,48.4937,I95 NB,I-95,NB
LEXINGTON,34.6001,2.85368307,46.6086,46.2603,I95 NB,I-95,NB
LEXINGTON,36.5072,2.75,41.849,41.626,I95 SB,I-95,SB
LEXINGTON,34.5075,2.80214041,43.8487,43.812,I95 SB,I-95,SB
LITTLETON,44.722,1.435297,42.9453,42.9272,I495 SB,I495,SB
LITTLETON,47.3089,3.88924006,40.3584,39.8511,I495 SB,I495,SB
LITTLETON,44.5545,3.58556939,43.1128,42.9453,I495 SB,I495,SB
LYNNFIELD,49.7961,4.39227156,28.5601,27.2708,I95 SB,I-95,SB
MARLBOROUGH,0.026,4.32865823,19.9938,19.6593,I290 EB,I290,EB
MARLBOROUGH,0,2.501163,20.0198,19.9938,I290 EB,I290,EB
MARLBOROUGH,32.3607,3.92464319,65.2716,65.2393,I495 NB,I495,NB
MEDFORD,22.8827,4.31925567,23.3023,22.8827,I93 NB,I-93,NB
MEDFORD,21.5167,4.5,24.3806,24.2766,I93 SB,I-93,SB
MILFORD,17.5939,4.41548322,70.0734,68.1828,I495 SB,I495,SB
MILFORD,15.7923,4.28312012,71.875,70.7931,I495 SB,I495,SB
MILTON,9.3083,3.052772,9.3943,9.3083,I93 NB,I-93,NB
MILTON,2.8326,4.5,2.9757,2.8326,I93 NB,I-93,NB
WAKEFIELD,48.6806,3.05842808,29.6756,29.2396,I95 SB,I-95,SB
WALPOLE,9.0533,4.5,69.3029,68.4225,I95 SB,I-95,SB
WALTHAM,28.9781,4.02078226,40.9506,40.6383,I95 NB,I-95,NB
WALTHAM,32.7303,4.17287183,45.6259,45.3679,I95 SB,I-95,SB
WELLESLEY,24.8776,4.38325317,53.4786,53.3016,I95 SB,I-95,SB
WESTON,,,,,R50114,I-95,
WESTON,17.8341,3.70875766,120.2599,119.8739,I90 EB,I-90,EB
WESTON,27.5879,4.22765229,39.4037,39.2481,I95 NB,I-95,NB
WESTON,14.3777,2.214852,14.4781,14.3777,I90 WB,I-90,WB
WESTON,27.4378,4.06447222,50.9184,50.6344,I95 SB,I-95,SB
WILMINGTON,33.2923,2.9,12.605,12.2111,I93 SB,I-93,SB
WOBURN,43.591,3.86410999,55.391,55.2512,I95 NB,I-95,NB
WOBURN,0.2398,,0.4288,0.2398,R12175,I-95,
WOBURN,41.1918,4.5,37.1644,36.8313,I95 SB,I-95,SB
WOBURN,43.4454,4.09499662,34.9108,34.7095,I95 SB,I-95,SB
BOSTON,15.2378,2.33553094,30.6595,30.3059,I93 SB,I-93,SB
BOSTON,3.3721,2.73402421,134.7219,134.5435,I90 EB,I-90,EB
BOSTON,0.2823,2.12613581,0.4423,0.2823,I90 WB,I-90,WB
DANVERS,54.5392,4.12368193,23.817,23.1871,I95 SB,I-95,SB
BOSTON,2.5841,2.99173527,3.0226,2.5841,I90 WB,I-90,WB
BOSTON,4.3153,3.7125,4.4717,4.3153,I90 WB,I-90,WB
BOSTON,13.3485,3.74910841,13.6618,13.3485,I93 NB,I-93,NB
BOSTON,6.2061,3.7125,6.3015,6.2061,I90 WB,I-90,WB
BOSTON,1.6191,2.33904209,136.4749,135.4493,I90 EB,I-90,EB
BOSTON,11.2376,2.328139,34.6597,34.5033,I93 SB,I-93,SB
BURLINGTON,39.9569,4.5,51.8675,51.6171,I95 NB,I-95,NB
BURLINGTON,39.8316,4.37298816,38.5246,38.2692,I95 SB,I-95,SB
CANTON,15.2,3.11503306,27.0074,26.8602,I95 NB,I-95,NB
CANTON,1.1026,4.5,1.3705,1.1026,I93 NB,I-93,NB
DANVERS,55.1177,4.44689563,66.9036,66.7779,I95 NB,I-95,NB
DANVERS,57.1343,4.28868627,21.2219,20.5933,I95 SB,I-95,SB
DEDHAM,15.3472,3.60888387,27.3534,27.0074,I95 NB,I-95,NB
DEDHAM,18.9214,4.5,59.4348,59.1673,I95 SB,I-95,SB
NATICK,20.7165,3.7125,117.3775,117.3629,I90 EB,I-90,EB
NEEDHAM,24.1083,3.72238972,36.3525,35.7685,I95 NB,I-95,NB
NEEDHAM,20.9941,3.88950787,57.3621,54.8759,I95 SB,I-95,SB
NEEDHAM,23.7201,2.10309375,54.6361,54.5836,I95 SB,I-95,SB
NEWTON,25.963,3.9383006,37.8358,37.6232,I95 NB,I-95,NB
NEWTON,26.6498,4.28973082,38.6608,38.31,I95 NB,I-95,NB
NEWTON,25.8698,3.62521266,52.4864,52.199,I95 SB,I-95,SB
NEWTON,10.539,3.29486484,11.2227,10.539,I90 WB,I-90,WB
NEWTON,9.8753,3.1875,10.2546,9.8753,I90 WB,I-90,WB
PEABODY,52.042,4.47113215,64.73,63.7022,I95 NB,I-95,NB
PEABODY,54.2452,4.5,24.111,23.823,I95 SB,I-95,SB
PEABODY,51.308,4.32970723,27.0482,26.5656,I95 SB,I-95,SB
QUINCY,7.4951,3.50186553,7.805,7.4951,I93 NB,I-93,NB
QUINCY,7.805,3.53223304,8.046,7.805,I93 NB,I-93,NB
QUINCY,8.8068,3.49580718,37.0905,36.9195,I93 SB,I-93,SB
QUINCY,3.7782,4.27918765,42.1191,41.8389,I93 SB,I-93,SB
QUINCY,3.6925,4.5,42.2048,42.1191,I93 SB,I-93,SB
RANDOLPH,3.9644,3.75456881,4.1771,3.9644,I93 NB,I-93,NB
READING,44.33,3.53150805,56.3424,55.9902,I95 NB,I-95,NB
READING,0,,0.3432,0,R12698,I-95,
READING,0,,0.2398,0,R12175,I-95,
READING,28.7001,4.20384392,29.1855,28.7001,I93 NB,I-93,NB
READING,28.1449,4.40296635,17.7524,17.4456,I93 SB,I-93,SB
READING,43.7509,3.46213778,34.6053,34.2992,I95 SB,I-95,SB
READING,43.6467,3.55767,34.7095,34.6053,I95 SB,I-95,SB
SHARON,4.7059,2.9,16.6983,16.3661,I95 NB,I-95,NB
SHARON,5.4518,2.84644318,72.9044,70.9059,I95 SB,I-95,SB
SHARON,10.4486,4.5,67.9076,67.1558,I95 SB,I-95,SB
WAKEFIELD,49.0644,2.86931217,60.8634,60.7246,I95 NB,I-95,NB
WAKEFIELD,47.6653,2.9,60.3776,59.3255,I95 NB,I-95,NB
FOXBOROUGH,0,,0.5806,0,R12544,I495,
FOXBOROUGH,0,3.166036,32.921,32.8786,I495 NB,I495,NB
FOXBOROUGH,0,4.5,11.9694,11.6602,I95 NB,I-95,NB
FOXBOROUGH,0,3.7125,78.3562,78.2852,I95 SB,I-95,SB
FOXBOROUGH,1.1461,2.78224719,77.2101,76.9038,I95 SB,I-95,SB
FRAMINGHAM,26.6752,3.66512897,111.4188,110.9409,I90 EB,I-90,EB
FRAMINGHAM,24.077,2.79119057,26.3994,24.077,I90 WB,I-90,WB
FRAMINGHAM,26.8529,3.20682856,27.3282,26.8529,I90 WB,I-90,WB
FRANKLIN,6.7465,4.42290197,40.6984,39.6251,I495 NB,I495,NB
HOPKINTON,0,,0.3036,0,R11526,I495,
HOPKINTON,0,,0.283,0,R13154,I495,
HOPKINTON,33.0943,3.55135297,104.9997,104.2994,I90 EB,I-90,EB
LEXINGTON,33.5578,2.9,45.2337,45.218,I95 NB,I-95,NB
LEXINGTON,36.8462,2.75,48.7763,48.5064,I95 NB,I-95,NB
LEXINGTON,33.5245,2.9,44.8317,44.5835,I95 SB,I-95,SB
LITTLETON,44.6966,3.51573293,77.8298,77.5752,I495 NB,I495,NB
LITTLETON,44.9512,3.65017922,78.6973,77.8298,I495 NB,I495,NB
LYNNFIELD,49.2032,4.5,61.1253,60.8634,I95 NB,I-95,NB
LYNNFIELD,49.8815,4.40322249,62.5227,61.5417,I95 NB,I-95,NB
MARLBOROUGH,0,,0.6298,0,R14533,I495,
MARLBOROUGH,30.2066,4.5,63.1053,63.0852,I495 NB,I495,NB
MARLBOROUGH,28.6976,4.4987942,62.0717,61.5762,I495 NB,I495,NB
MARLBOROUGH,30.2267,4.5,63.4058,63.1053,I495 NB,I495,NB
MARLBOROUGH,0.0374,3.89950815,0.466,0.0374,I290 WB,I290,WB
MEDFORD,20.9086,4.5,21.354,20.9086,I93 NB,I-93,NB
MEDFORD,21.6207,3.95998103,24.2766,23.9548,I93 SB,I-93,SB
MILFORD,17.6237,4.43442202,52.3229,50.5023,I495 NB,I495,NB
MILTON,9.797,4.12154154,36.1003,35.8379,I93 SB,I-93,SB
MILTON,10.8299,3.19110386,11.0297,10.8299,I93 NB,I-93,NB
WAKEFIELD,44.7489,3.56178757,33.6073,33.5186,I95 SB,I-95,SB
WALTHAM,31.4056,4.5,43.0773,43.0658,I95 NB,I-95,NB
WALTHAM,29.5292,4.5,48.827,48.713,I95 SB,I-95,SB
WALTHAM,29.6432,4.5,48.713,47.3076,I95 SB,I-95,SB
WELLESLEY,24.932,2.42963265,36.6283,36.5922,I95 NB,I-95,NB
WESTON,0.0398,,0.1138,0.0398,R11540,I-95,
WESTON,27.8214,4.47474744,40.6383,39.4816,I95 NB,I-95,NB
WESTON,,,,,R50112,I-95,
WESTON,,,,,R50115,I-95,
WESTON,,,,,R50113,I-95,
WESTON,0.2717,,0.4335,0.2717,R11534,I-95,
WESTON,27.046,4.5,51.3102,51.089,I95 SB,I-95,SB
WESTON,17.1233,2.9,17.567,17.1233,I90 WB,I-90,WB
WESTON,14.9168,4.40750367,15.3181,14.9168,I90 WB,I-90,WB
WESTWOOD,17.2453,3.88230808,29.1272,28.9055,I95 NB,I-95,NB
WESTWOOD,16.3106,4.5,62.0456,61.4538,I95 SB,I-95,SB
WILMINGTON,33.6512,2.75,34.044,33.6512,I93 NB,I-93,NB
WILMINGTON,34.8309,2.77831275,35.5213,34.8309,I93 NB,I-93,NB
WILMINGTON,34.2032,4.23152158,11.6941,11.3594,I93 SB,I-93,SB
WILMINGTON,34.7604,2.6699081,11.1369,10.6644,I93 SB,I-93,SB
WOBURN,0,,0.3028,0,R12697,I-95,
WOBURN,43.1402,4.5,55.1042,54.8004,I95 NB,I-95,NB
WOBURN,26.8317,4.5,19.0656,18.2284,I93 SB,I-93,SB
WRENTHAM,4.4041,4.36530671,37.5975,37.2827,I495 NB,I495,NB
BOSTON,15.5914,2.391282,30.3059,30.0636,I93 SB,I-93,SB
BOSTON,3.8226,3.7125,3.8249,3.8226,I90 WB,I-90,WB
BOSTON,0.1223,2.438175,0.1653,0.1223,I90 WB,I-90,WB
CANTON,12.1962,4.26240038,66.16,65.0358,I95 SB,I-95,SB
BOSTON,4.0401,3.68526177,134.0539,133.312,I90 EB,I-90,EB
BOSTON,3.9742,3.70962245,134.1198,134.0539,I90 EB,I-90,EB
BOSTON,12.4984,2.7588428,33.3989,32.8707,I93 SB,I-93,SB
BOSTON,12.7157,3.62073927,13.3485,12.7157,I93 NB,I-93,NB
BOSTON,7.0108,2.83626994,7.2797,7.0108,I90 WB,I-90,WB
BOLTON,34.6329,4.44055553,69.9128,67.5115,I495 NB,I495,NB
BOSTON,6.4603,2.32835332,131.6337,131.1431,I90 EB,I-90,EB
BOSTON,19.4957,2.325884,19.5898,19.4957,I93 NB,I-93,NB
BOSTON,11.6005,2.89423056,11.7158,11.6005,I93 NB,I-93,NB
BOSTON,11.5341,3.51132098,11.6005,11.5341,I93 NB,I-93,NB
BOSTON,11.394,2.62770568,34.5033,34.2279,I93 SB,I-93,SB
BOSTON,16.0656,2.17337034,29.8317,29.7257,I93 SB,I-93,SB
BOSTON,2.6447,2.39626573,135.4493,135.2864,I90 EB,I-90,EB
BOSTON,4.782,3.44678145,133.312,132.9778,I90 EB,I-90,EB
BOSTON,18.1915,2.308062,27.7058,27.21,I93 SB,I-93,SB
BOSTON,0.3791,2.355898,137.7149,137.6434,I90 EB,I-90,EB
BOXBOROUGH,42.3688,4.5,45.2985,43.5468,I495 SB,I495,SB
BOXBOROUGH,41.7967,4.5,45.8706,45.2985,I495 SB,I495,SB
BROOKLINE,6.0138,3.7125,6.2061,6.0138,I90 WB,I-90,WB
BURLINGTON,40.2073,4.5,52.2051,51.8675,I95 NB,I-95,NB
BURLINGTON,40.5449,4.5,52.4388,52.2051,I95 NB,I-95,NB
CANTON,0.6695,4.5,1.1026,0.6695,I93 NB,I-93,NB
CANTON,11.9961,4.40571036,25.3356,23.6563,I95 NB,I-95,NB
CANTON,1.2704,4.5,44.6269,44.6071,I93 SB,I-93,SB
CANTON,13.8643,4.48200916,64.4919,63.8388,I95 SB,I-95,SB
DANVERS,55.2434,3.97942989,67.218,66.9036,I95 NB,I-95,NB
DANVERS,56.4223,4.16673193,21.9339,21.2219,I95 SB,I-95,SB
DEDHAM,17.9054,4.5,30.6087,29.5656,I95 NB,I-95,NB
DEDHAM,17.2011,4.5,61.1551,61.1237,I95 SB,I-95,SB
DEDHAM,17.3195,4.5,61.0367,61.0032,I95 SB,I-95,SB
DEDHAM,14.9989,3.32077595,63.3573,63.0232,I95 SB,I-95,SB
NATICK,18.2201,3.71247381,119.8739,119.4473,I90 EB,I-90,EB
NATICK,20.7643,2.80125,20.9445,20.7643,I90 WB,I-90,WB
NATICK,18.0011,3.2034304,18.7168,18.0011,I90 WB,I-90,WB
NEEDHAM,21.1688,4.5,33.0478,32.829,I95 NB,I-95,NB
NEEDHAM,20.8096,3.39608651,57.5466,57.3621,I95 SB,I-95,SB
NEWTON,10.2546,3.37854587,10.539,10.2546,I90 WB,I-90,WB
NORWOOD,11.2622,4.5,23.2689,22.9224,I95 NB,I-95,NB
NORWOOD,11.8183,4.5,66.5379,66.2299,I95 SB,I-95,SB
PEABODY,53.8882,2.640578,24.468,24.4124,I95 SB,I-95,SB
QUINCY,4.4673,4.04901441,5.3238,4.4673,I93 NB,I-93,NB
RANDOLPH,4.2321,3.7125,4.4396,4.2321,I93 NB,I-93,NB
RANDOLPH,2.9757,4.5,3.118,2.9757,I93 NB,I-93,NB
READING,28.2702,4.34676067,28.3832,28.2702,I93 NB,I-93,NB
READING,0,,0.3589,0,R12173,I-95,
READING,43.7308,3.70890656,55.5098,55.391,I95 NB,I-95,NB
READING,28.3832,4.027834,28.4036,28.3832,I93 NB,I-93,NB
READING,27.9902,4.20027904,17.9071,17.7876,I93 SB,I-93,SB
READING,28.4517,3.75507702,17.4456,17.0722,I93 SB,I-93,SB
SHARON,5.0381,2.86268403,18.6678,16.6983,I95 NB,I-95,NB
SOUTHBOROUGH,28.6357,3.21791695,28.8273,28.6357,I90 WB,I-90,WB
SOUTHBOROUGH,28.4499,4.5,59.2174,58.9369,I495 SB,I495,SB
SOUTHBOROUGH,28.0561,4.11308551,59.6112,59.2174,I495 SB,I495,SB
STONEHAM,27.8269,4.5,18.0704,17.9071,I93 SB,I-93,SB
STONEHAM,26.0777,4.5,19.8196,19.6094,I93 SB,I-93,SB
TOPSFIELD,58.511,4.4953044,71.5857,70.1712,I95 NB,I-95,NB
FOXBOROUGH,0,,0.3214,0,R13089,I495,
FOXBOROUGH,0.428,2.71707239,77.9282,77.2101,I95 SB,I-95,SB
FOXBOROUGH,0.071,3.7125,78.2852,77.9282,I95 SB,I-95,SB
FRAMINGHAM,21.4227,2.95549128,23.3172,21.4227,I90 WB,I-90,WB
FRANKLIN,7.729,3.50394105,79.9383,79.336,I495 SB,I495,SB
HOPKINTON,32.0969,3.7125,105.9971,104.9997,I90 EB,I-90,EB
HOPKINTON,21.2302,2.611662,54.1447,54.1088,I495 NB,I495,NB
HOPKINTON,0,,0.5528,0,R11546,I495,
HOPKINTON,31.2909,3.1875,31.6257,31.2909,I90 WB,I-90,WB
HOPKINTON,21.2356,2.551193,66.4317,66.4051,I495 SB,I495,SB
HOPKINTON,21.5926,4.42057529,66.0747,63.1013,I495 SB,I495,SB
HUDSON,32.393,3.80977844,65.839,65.2716,I495 NB,I495,NB
LEXINGTON,33.8442,2.79264376,45.7823,45.5044,I95 NB,I-95,NB
LEXINGTON,32.9883,2.82812366,45.3679,45.1689,I95 SB,I-95,SB
LEXINGTON,36.7302,2.75,41.626,41.5921,I95 SB,I-95,SB
LEXINGTON,34.2693,2.83688156,44.0869,43.8487,I95 SB,I-95,SB
LITTLETON,45.0601,3.55830486,42.6072,41.7471,I495 SB,I495,SB
LITTLETON,44.7401,3.96500914,42.9272,42.6072,I495 SB,I495,SB
LYNNFIELD,51.1452,4.00390256,62.977,62.8054,I95 NB,I-95,NB
MARLBOROUGH,29.8969,4.5,63.0852,62.7755,I495 NB,I495,NB
MARLBOROUGH,0.3605,3.6807492,19.6593,18.2337,I290 EB,I290,EB
MARLBOROUGH,30.2866,4.5,57.3807,57.0685,I495 SB,I495,SB
MARLBOROUGH,32.0092,4.33350433,55.6581,55.3156,I495 SB,I495,SB
MARLBOROUGH,31.656,4.4449064,56.0113,55.6748,I495 SB,I495,SB
MARLBOROUGH,0.466,3.7125,1.7856,0.466,I290 WB,I290,WB
MEDFORD,22.2145,3.30964889,22.4891,22.2145,I93 NB,I-93,NB
MIDDLETON,59.9255,3.851245,71.7142,71.5857,I95 NB,I-95,NB
MILFORD,14.6024,4.5,47.9924,47.481,I495 NB,I495,NB
MILFORD,15.1138,4.48950926,48.3084,47.9924,I495 NB,I495,NB
MILTON,9.3943,3.50108879,10.8191,9.3943,I93 NB,I-93,NB
MILTON,2.654,4.5,43.2433,43.0048,I93 SB,I-93,SB
MILTON,11.0297,2.813491,11.0684,11.0297,I93 NB,I-93,NB
MILTON,9.0734,3.59018547,36.8239,36.1003,I93 SB,I-93,SB
NATICK,20.2016,3.66150506,117.8924,117.3775,I90 EB,I-90,EB
WALPOLE,8.9704,4.30122971,21.3851,20.6306,I95 NB,I-95,NB
WALTHAM,31.4171,4.5,43.108,43.0773,I95 NB,I-95,NB
WALTHAM,32.6778,4.5,44.3441,44.338,I95 NB,I-95,NB
WALTHAM,29.8361,4.5,42.7014,41.4963,I95 NB,I-95,NB
WALTHAM,32.3461,4.5,46.0101,45.6259,I95 SB,I-95,SB
WELLESLEY,25.0546,4.40473609,53.3016,52.4912,I95 SB,I-95,SB
WELLESLEY,24.8334,2.4268523,53.5228,53.4786,I95 SB,I-95,SB
WESTON,15.5123,4.5,122.5817,121.6784,I90 EB,I-90,EB
WESTON,,,,,R50111,I-95,
WESTON,0.2468,,0.3262,0.2468,R12589,I-95,
WESTON,,,,,R50115,I-95,
WESTON,0,,0.5663,0,R11541,I-95,
WESTON,0,,0.5859,0,R11531,I-95,
WESTON,16.7075,3.31801709,17.1233,16.7075,I90 WB,I-90,WB
WILMINGTON,34.044,2.78666785,34.1803,34.044,I93 NB,I-93,NB
WILMINGTON,31.3827,2.68413178,32.2369,31.3827,I93 NB,I-93,NB
WILMINGTON,30.532,2.9,31.0032,30.532,I93 NB,I-93,NB
WILMINGTON,30.4542,3.04224991,15.4431,15.0981,I93 SB,I-93,SB
WILMINGTON,31.9529,2.88073797,13.9444,13.5685,I93 SB,I-93,SB
WILMINGTON,33.6862,2.92317767,12.2111,11.6941,I93 SB,I-93,SB
WINCHESTER,26.2983,4.5,26.3558,26.2983,I93 NB,I-93,NB
WOBURN,41.27,4.5,53.2939,52.9302,I95 NB,I-95,NB
WOBURN,43.0307,4.5,35.3255,35.0651,I95 SB,I-95,SB
CANTON,14.0628,4.5,25.7609,25.723,I95 NB,I-95,NB
BOSTON,0,,0.5554,0,R12091,,
BOSTON,15.3269,3.33274224,15.4392,15.3269,I93 NB,I-93,NB
BOSTON,15.8337,2.391282,30.0636,29.909,I93 SB,I-93,SB
BOSTON,15.9883,2.391282,29.909,29.8533,I93 SB,I-93,SB
BOSTON,3.5694,2.63791492,3.7303,3.5694,I90 WB,I-90,WB
BOSTON,16.5307,1.76481839,16.687,16.5307,I93 NB,I-93,NB
BOSTON,3.7303,2.87077477,3.8226,3.7303,I90 WB,I-90,WB
BOSTON,3.7969,2.24012074,134.2971,134.1198,I90 EB,I-90,EB
BOSTON,0,1.83384,138.094,137.9961,I90 EB,I-90,EB
NATICK,20.9445,2.80125,21.0198,20.9445,I90 WB,I-90,WB
WILMINGTON,34.5801,2.86362186,34.8309,34.5801,I93 NB,I-93,NB
BELLINGHAM,12.5931,4.13682836,45.8284,45.4717,I495 NB,I495,NB
BELLINGHAM,11.6553,4.48102017,45.4717,44.5339,I495 NB,I495,NB
BOSTON,15.8553,2.784933,16.4194,15.8553,I93 NB,I-93,NB
BOSTON,13.6618,4.07274625,14.0617,13.6618,I93 NB,I-93,NB
BOSTON,12.4436,3.38760326,12.7157,12.4436,I93 NB,I-93,NB
BOSTON,14.3386,3.18008729,14.5115,14.3386,I93 NB,I-93,NB
BOSTON,6.3015,3.7125,6.3331,6.3015,I90 WB,I-90,WB
BOSTON,6.9458,3.20919803,7.0108,6.9458,I90 WB,I-90,WB
BOSTON,11.6694,3.27759979,34.2279,33.9984,I93 SB,I-93,SB
BOSTON,13.7375,2.49255294,32.1598,31.8795,I93 SB,I-93,SB
BOSTON,5.2301,3.59402011,5.7142,5.2301,I90 WB,I-90,WB
BOSTON,1.0887,2.75063559,137.0053,136.4749,I90 EB,I-90,EB
BOSTON,0.95,2.47147804,2.4198,0.95,I90 WB,I-90,WB
BOXBOROUGH,40.7164,4.5,74.5123,73.595,I495 NB,I495,NB
BRAINTREE,6.7507,4.30753488,7.138,6.7507,I93 NB,I-93,NB
BRAINTREE,6.3938,2.293266,6.4116,6.3938,I93 NB,I-93,NB
BURLINGTON,40.9919,4.5,52.9302,52.6521,I95 NB,I-95,NB
BURLINGTON,39.6969,4.13233377,51.54,51.3571,I95 NB,I-95,NB
BURLINGTON,40.087,4.5,38.2692,37.9354,I95 SB,I-95,SB
BURLINGTON,37.9343,2.72121504,40.4219,39.6604,I95 SB,I-95,SB
DEDHAM,17.5092,4.5,29.3167,29.1694,I95 NB,I-95,NB
DEDHAM,20.0129,4.5,58.3433,58.0638,I95 SB,I-95,SB
DEDHAM,18.2229,4.5,60.1333,59.7296,I95 SB,I-95,SB
DEDHAM,18.8464,4.5,59.5098,59.4348,I95 SB,I-95,SB
NEEDHAM,24.6923,3.07977823,36.5563,36.3525,I95 NB,I-95,NB
NEEDHAM,23.6402,3.62733702,35.5477,35.3004,I95 NB,I-95,NB
NEEDHAM,23.8956,3.21145973,35.5686,35.5558,I95 NB,I-95,NB
NEWTON,0,,0.2358,0,R12586,I-95,
NEWTON,12.7407,3.5445989,125.3533,123.7779,I90 EB,I-90,EB
NEWTON,9.7268,3.38696576,128.3672,128.0163,I90 EB,I-90,EB
NEWTON,26.5215,4.43697303,51.8347,51.74,I95 SB,I-95,SB
NEWTON,26.1572,4.5,52.199,52.1299,I95 SB,I-95,SB
NEWTON,9.5039,3.2120486,9.8753,9.5039,I90 WB,I-90,WB
NORWOOD,10.9843,3.95454194,22.9224,22.6445,I95 NB,I-95,NB
NORWOOD,9.7314,4.30067904,21.8954,21.3916,I95 NB,I-95,NB
NORWOOD,9.9337,4.5,68.4225,68.3236,I95 SB,I-95,SB
PEABODY,51.7926,3.95281958,63.7022,63.4528,I95 NB,I-95,NB
PEABODY,54.4942,3.72896791,66.5019,66.1544,I95 NB,I-95,NB
PEABODY,51.7906,3.54378331,26.5656,26.3223,I95 SB,I-95,SB
QUINCY,4.0773,4.28563275,41.82,41.5582,I93 SB,I-93,SB
RANDOLPH,4.1989,2.17440871,4.2321,4.1989,I93 NB,I-93,NB
RANDOLPH,4.1771,2.015179,4.1989,4.1771,I93 NB,I-93,NB
RANDOLPH,4.4396,3.7125,4.4673,4.4396,I93 NB,I-93,NB
RANDOLPH,3.8199,4.5,3.9644,3.8199,I93 NB,I-93,NB
READING,0,,0.5409,0,R12739,I-95,
READING,44.6146,3.33894419,33.7416,33.6073,I95 SB,I-95,SB
SHARON,8.0424,2.69575996,20.6306,19.7026,I95 NB,I-95,NB
SHARON,5.0121,2.80174031,73.3441,72.9044,I95 SB,I-95,SB
SOMERVILLE,20.5664,2.325884,20.5864,20.5664,I93 NB,I-93,NB
SOUTHBOROUGH,26.9403,4.3947273,60.727,59.7031,I495 SB,I495,SB
SOUTHBOROUGH,28.8273,3.32384323,30.3162,28.8273,I90 WB,I-90,WB
SOUTHBOROUGH,27.7931,3.52014947,28.6357,27.7931,I90 WB,I-90,WB
WAKEFIELD,46.1311,2.9,58.0701,57.7913,I95 NB,I-95,NB
WAKEFIELD,44.9166,2.80274224,57.3733,56.5768,I95 NB,I-95,NB
FOXBOROUGH,1.3058,2.77896287,13.272,12.966,I95 NB,I-95,NB
FOXBOROUGH,0,,0.3404,0,R12545,I495,
FOXBOROUGH,0,,0.4092,0,R13048,I495,
FRAMINGHAM,27.1531,3.67246743,110.9409,110.5594,I90 EB,I-90,EB
FRAMINGHAM,23.3172,3.1875,23.8635,23.3172,I90 WB,I-90,WB
FRAMINGHAM,23.8635,3.04816173,24.077,23.8635,I90 WB,I-90,WB
HOPKINTON,24.7065,4.2481693,57.8963,57.5851,I495 NB,I495,NB
HOPKINTON,0,,0.322,0,R11523,I495,
HOPKINTON,,,,,R50101,I495,
HOPKINTON,31.6293,3.7125,106.4647,105.9971,I90 EB,I-90,EB
HOPKINTON,31.428,3.7125,106.666,106.4647,I90 EB,I-90,EB
HOPKINTON,0.2032,,0.4009,0.2032,R11547,I495,
HOPKINTON,21.2622,4.46060272,66.4051,66.0747,I495 SB,I495,SB
LEXINGTON,37.7852,2.75,49.6836,49.4454,I95 NB,I-95,NB
LEXINGTON,33.2649,2.89244986,45.2001,44.9251,I95 NB,I-95,NB
LEXINGTON,34.1221,2.88825146,46.2603,45.7823,I95 NB,I-95,NB
LEXINGTON,33.5399,2.9,45.218,45.2001,I95 NB,I-95,NB
LEXINGTON,34.5442,2.82420969,43.812,43.614,I95 SB,I-95,SB
LEXINGTON,33.1873,2.71478271,45.1689,44.8828,I95 SB,I-95,SB
LEXINGTON,37.6252,2.88686724,40.731,40.4219,I95 SB,I-95,SB
LEXINGTON,33.4734,2.61650033,44.8828,44.8317,I95 SB,I-95,SB
LEXINGTON,33.7727,2.83574771,44.5835,44.0869,I95 SB,I-95,SB
LITTLETON,47.2421,3.82974058,80.4694,80.1207,I495 NB,I495,NB
LITTLETON,45.9202,3.44124636,41.7471,41.3479,I495 SB,I495,SB
LYNNFIELD,49.4651,4.45263186,61.5417,61.1253,I95 NB,I-95,NB
LYNNFIELD,49.4465,4.41951837,28.9097,28.5601,I95 SB,I-95,SB
LYNNFIELD,51.0854,2.7452033,27.2708,27.1303,I95 SB,I-95,SB
MARLBOROUGH,0,,0.3781,0,R13141,I495,
MARLBOROUGH,31.5914,4.20524406,64.8107,64.47,I495 NB,I495,NB
MARLBOROUGH,0,2.914283,0.0374,0,I290 WB,I290,WB
MARLBOROUGH,31.9925,4.5,55.6748,55.6581,I495 SB,I495,SB
MARLBOROUGH,32.3517,4.02230948,55.3156,55.2208,I495 SB,I495,SB
MEDFORD,22.6977,3.13935128,22.8827,22.6977,I93 NB,I-93,NB
MEDFORD,23.3023,4.5,23.3767,23.3023,I93 NB,I-93,NB
MIDDLETON,58.374,3.95932075,70.1712,70.0342,I95 NB,I-95,NB
MILFORD,17.048,4.203214,50.5023,49.9266,I495 NB,I495,NB
MILFORD,15.1252,4.11524248,72.5421,71.875,I495 SB,I495,SB
MILFORD,16.8742,4.1664464,70.7931,70.0734,I495 SB,I495,SB
MILTON,2.5617,4.5,2.8326,2.5617,I93 NB,I-93,NB
NATICK,18.6467,3.68468273,119.4473,119.0984,I90 EB,I-90,EB
WAKEFIELD,46.4099,2.94016044,58.2277,58.0701,I95 NB,I-95,NB
WAKEFIELD,44.8376,2.9565714,33.5186,32.7357,I95 SB,I-95,SB
WALTHAM,31.0412,4.5,43.0658,42.7014,I95 NB,I-95,NB
WALTHAM,31.8861,4.5,44.1046,43.5463,I95 NB,I-95,NB
WAYLAND,18.9956,3.58584669,119.0984,118.2832,I90 EB,I-90,EB
WESTON,0,,0.1429,0,R11538,I-95,
WESTON,0,,0.0398,0,R11540,I-95,
WESTON,,,,,R50111,I-95,
WESTON,,,,,R50112,I-95,
WESTON,,,,,R50114,I-95,
WESTON,14.5816,2.82060419,123.5124,123.358,I90 EB,I-90,EB
WESTON,,,,,R50115,I-95,
WESTON,15.1168,4.30279602,122.9772,122.5817,I90 EB,I-90,EB
WESTON,15.6264,4.5,16.7075,15.6264,I90 WB,I-90,WB
WESTON,26.8903,4.25512952,51.4659,51.3102,I95 SB,I-95,SB
WESTWOOD,17.0504,4.5,61.3058,61.1551,I95 SB,I-95,SB
WESTWOOD,16.0193,4.5,62.3369,62.0456,I95 SB,I-95,SB
WILMINGTON,30.7992,3.1105377,15.0981,13.9444,I93 SB,I-93,SB
WOBURN,29.4556,2.85958743,30.3466,29.4556,I93 NB,I-93,NB
WOBURN,29.1855,3.3943044,29.4556,29.1855,I93 NB,I-93,NB
WOBURN,43.444,4.5,55.2512,55.1042,I95 NB,I-95,NB
WOBURN,43.2911,4.5,35.0651,34.9108,I95 SB,I-95,SB
WOBURN,29.188,2.87765752,16.7093,15.9544,I93 SB,I-93,SB
WRENTHAM,3.0766,4.5,37.2827,35.9552,I495 NB,I495,NB
WRENTHAM,4.7189,4.46940796,39.6251,37.5975,I495 NB,I495,NB
WRENTHAM,4.629,3.71496237,83.0383,82.7542,I495 SB,I495,SB
SOMERVILLE,18.9812,2.325884,19.1365,18.9812,I93 NB,I-93,NB
BOSTON,17.3468,2.56415037,17.7989,17.3468,I93 NB,I-93,NB
CANTON,13.3204,4.5,65.0358,64.4919,I95 SB,I-95,SB
BOSTON,3.016,2.76644982,135.078,134.7219,I90 EB,I-90,EB
BOSTON,2.8076,2.69381582,135.2864,135.078,I90 EB,I-90,EB
WESTON,0.3262,,0.4589,0.3262,R12589,I-95,
BELLINGHAM,13.0053,4.5,74.662,73.3838,I495 SB,I495,SB
BOLTON,37.4186,4.5,71.8447,70.2972,I495 NB,I495,NB
BOLTON,34.7167,4.39487532,52.9506,50.8661,I495 SB,I495,SB
BOSTON,0.2851,2.355898,137.8089,137.7149,I90 EB,I-90,EB
BOSTON,0.0979,2.2169855,137.9961,137.8089,I90 EB,I-90,EB
BOSTON,7.5133,3.6929569,130.5807,130.3853,I90 EB,I-90,EB
BOSTON,14.8078,4.31620149,15.0872,14.8078,I93 NB,I-93,NB
BOSTON,19.5898,2.325884,19.7014,19.5898,I93 NB,I-93,NB
BOSTON,16.044,2.28461425,29.8533,29.8317,I93 SB,I-93,SB
BOSTON,17.1193,2.62883376,28.778,28.4326,I93 SB,I-93,SB
BOSTON,11.8989,3.54872201,33.9984,33.3989,I93 SB,I-93,SB
BOSTON,17.7193,2.29820368,28.178,27.8879,I93 SB,I-93,SB
BOXBOROUGH,41.6337,4.5,74.9002,74.5123,I495 NB,I495,NB
BOXBOROUGH,40.5917,4.5,47.0756,46.8581,I495 SB,I495,SB
BOXBOROUGH,40.8092,4.5,46.8581,46.3062,I495 SB,I495,SB
BRAINTREE,6.0111,4.45012012,6.3938,6.0111,I93 NB,I-93,NB
BRAINTREE,6.2313,3.93398242,39.666,39.4382,I93 SB,I-93,SB
BURLINGTON,39.5695,4.27949606,38.7867,38.5837,I95 SB,I-95,SB
BURLINGTON,38.6958,3.03577784,39.6604,38.7867,I95 SB,I-95,SB
CANTON,0,,0.8841,0,R12031,I-95,
CANTON,0,4.5,0.6695,0,I93 NB,I-93,NB
CANTON,1.5705,4.5,44.3268,43.9234,I93 SB,I-93,SB
DEDHAM,20.8824,2.771678,32.5811,32.5426,I95 NB,I-95,NB
DEDHAM,17.7039,4.5,29.5656,29.3641,I95 NB,I-95,NB
DEDHAM,15.6932,4.5,27.5412,27.3534,I95 NB,I-95,NB
DEDHAM,18.6266,4.5,59.7296,59.5743,I95 SB,I-95,SB
DEDHAM,17.5473,4.5,60.8089,60.1333,I95 SB,I-95,SB
NEEDHAM,21.3876,4.21737138,35.3004,33.0478,I95 NB,I-95,NB
NEEDHAM,24.5838,2.86276863,53.7724,53.5707,I95 SB,I-95,SB
NEWTON,26.5066,4.5,38.2053,38.1668,I95 NB,I-95,NB
NEWTON,26.1756,4.5,38.0139,37.8358,I95 NB,I-95,NB
NEWTON,10.8129,3.7125,127.2811,125.3533,I90 EB,I-90,EB
NEWTON,25.865,2.474742,52.4912,52.4864,I95 SB,I-95,SB
NEWTON,26.308,4.43694697,52.0482,51.8347,I95 SB,I-95,SB
PEABODY,53.0698,4.49271501,65.0746,64.73,I95 NB,I-95,NB
PEABODY,52.0339,4.37900668,26.3223,25.4261,I95 SB,I-95,SB
QUINCY,7.138,4.43458443,7.3099,7.138,I93 NB,I-93,NB
QUINCY,8.485,3.34676536,9.1493,8.485,I93 NB,I-93,NB
QUINCY,8.046,3.80441915,8.485,8.046,I93 NB,I-93,NB
QUINCY,7.1739,3.86314252,38.7234,38.393,I93 SB,I-93,SB
SHARON,10.2352,4.5,22.6445,21.8954,I95 NB,I-95,NB
SHARON,4.9075,2.9,73.4487,73.3441,I95 SB,I-95,SB
SHARON,8.0824,3.39097632,70.2738,69.3029,I95 SB,I-95,SB
SOMERVILLE,20.8666,4.5,20.9086,20.8666,I93 NB,I-93,NB
SOUTHBOROUGH,27.9195,4.5,60.8935,60.7981,I495 NB,I495,NB
SOUTHBOROUGH,27.9642,4.5,59.7031,59.6112,I495 SB,I495,SB
STONEHAM,26.586,4.5,26.6234,26.586,I93 NB,I-93,NB
FOXBOROUGH,0.3555,4.49874983,34.6274,33.2341,I495 NB,I495,NB
FOXBOROUGH,1.7872,2.85669298,76.569,73.4487,I95 SB,I-95,SB
FRANKLIN,7.8198,4.5,41.2145,40.6984,I495 NB,I495,NB
FRANKLIN,6.7347,3.60412008,80.9326,79.9383,I495 SB,I495,SB
HOPKINTON,0,,0.2936,0,R11524,I495,
HOPKINTON,0,,0.2032,0,R11547,I495,
HOPKINTON,21.6512,4.45558543,57.5851,54.5298,I495 NB,I495,NB
HOPKINTON,24.9771,2.54161696,62.6902,62.6275,I495 SB,I495,SB
HOPKINTON,31.996,3.13651353,33.0599,31.996,I90 WB,I-90,WB
HOPKINTON,33.1532,3.7125,33.5618,33.1532,I90 WB,I-90,WB
LEXINGTON,34.7422,2.8699232,43.614,41.849,I95 SB,I-95,SB
LITTLETON,45.8187,4.1111046,79.1097,78.6973,I495 NB,I495,NB
LITTLETON,47.5908,4.46366408,80.6046,80.4694,I495 NB,I495,NB
LITTLETON,44.4588,3.41854338,77.5589,77.3374,I495 NB,I495,NB
LITTLETON,44.0134,3.83553351,77.2214,76.892,I495 NB,I495,NB
LITTLETON,46.2311,3.5135973,80.1207,79.1097,I495 NB,I495,NB
MARLBOROUGH,30.5272,4.49483828,64.47,63.4058,I495 NB,I495,NB
MARLBOROUGH,29.1931,4.5,62.7755,62.0717,I495 NB,I495,NB
MARLBOROUGH,29.2057,4.5,58.4616,57.7599,I495 SB,I495,SB
MEDFORD,21.6013,4.5,22.0311,21.6013,I93 NB,I-93,NB
MEDFORD,21.354,4.03205022,21.4489,21.354,I93 NB,I-93,NB
MEDFORD,22.4175,4.26543047,23.4798,23.2914,I93 SB,I-93,SB
MEDFORD,22.6059,4.42286814,23.2914,22.6796,I93 SB,I-93,SB
MILFORD,15.7294,4.3335062,49.9266,48.608,I495 NB,I495,NB
MILFORD,14.4658,4.5,73.2015,72.5421,I495 SB,I495,SB
WAKEFIELD,48.7174,2.85402981,60.7246,60.3776,I95 NB,I-95,NB
WAKEFIELD,46.0129,3.72689288,32.3433,32.1165,I95 SB,I-95,SB
WAKEFIELD,46.2397,3.95331628,32.1165,31.5469,I95 SB,I-95,SB
WALTHAM,31.4478,4.5,43.5463,43.108,I95 NB,I-95,NB
WALTHAM,32.6839,4.5,44.6288,44.3441,I95 NB,I-95,NB
WALTHAM,28.8823,4.11271562,49.4739,49.1794,I95 SB,I-95,SB
WALTHAM,31.4992,4.41520904,46.857,46.0101,I95 SB,I-95,SB
WALTHAM,31.0486,4.5,47.3076,47.0585,I95 SB,I-95,SB
WAYLAND,20.7311,3.71096312,117.3629,117.1189,I90 EB,I-90,EB
WESTON,,,,,,I-95,
WESTON,0,,0.2677,0,R12594,I-95,
WESTON,0,,0.2468,0,R12589,I-95,
WESTON,0.1138,,0.2316,0.1138,R11540,I-95,
WESTON,0.4589,,0.6065,0.4589,R12589,I-95,
WESTON,14.9145,4.47607647,123.1795,122.9772,I90 EB,I-90,EB
WESTON,17.3604,3.35867899,120.7336,120.2599,I90 EB,I-90,EB
WESTWOOD,17.467,4.5,29.1694,29.1272,I95 NB,I-95,NB
WESTWOOD,16.6739,4.5,28.9055,28.3341,I95 NB,I-95,NB
WILMINGTON,32.6112,2.72430301,33.6512,32.6112,I93 NB,I-93,NB
WILMINGTON,34.5379,3.70729483,11.3594,11.1369,I93 SB,I-93,SB
WILMINGTON,32.2369,2.71822644,32.6112,32.2369,I93 NB,I-93,NB
WOBURN,30.3466,2.9,30.532,30.3466,I93 NB,I-93,NB
WOBURN,42.1082,4.29206279,54.8004,53.7684,I95 NB,I-95,NB
WOBURN,41.6337,4.19664253,53.5216,53.2939,I95 NB,I-95,NB
WOBURN,42.027,4.20797727,36.3292,35.3255,I95 SB,I-95,SB
WOBURN,41.5249,4.05840525,36.8313,36.5697,I95 SB,I-95,SB
WRENTHAM,4.9131,4.47581623,82.7542,80.9326,I495 SB,I495,SB
BOSTON,16.9077,2.78717886,28.9896,28.778,I93 SB,I-93,SB
BOSTON,15.0038,2.4971664,30.8935,30.6595,I93 SB,I-93,SB
BOSTON,3.4585,2.38383027,3.5694,3.4585,I90 WB,I-90,WB
BOSTON,17.2467,2.83147301,17.3468,17.2467,I93 NB,I-93,NB
BOSTON,0,,1.1706,0,R12096,,
BOSTON,0.7354,2.0260918,0.8816,0.7354,I90 WB,I-90,WB
NATICK,21.1537,3.64028973,116.9403,116.8483,I90 EB,I-90,EB
BOSTON,18.0094,2.308062,27.8879,27.7058,I93 SB,I-93,SB
WESTON,0,,0.1495,0,R11534,I-95,
BELLINGHAM,12.9498,4.44842302,47.1342,45.8284,I495 NB,I495,NB
BOLTON,37.0342,4.19549115,70.2972,69.9128,I495 NB,I495,NB
BOSTON,7.7087,3.60941641,130.3853,128.3672,I90 EB,I-90,EB
BOSTON,14.0617,2.44814466,14.3386,14.0617,I93 NB,I-93,NB
BOSTON,16.4194,2.19883549,16.5307,16.4194,I93 NB,I-93,NB
BOSTON,17.5063,2.53549528,28.391,28.178,I93 SB,I-93,SB
BOSTON,5.1473,3.16425623,132.9467,132.7398,I90 EB,I-90,EB
BOSTON,5.0059,3.7125,5.2301,5.0059,I90 WB,I-90,WB
BOSTON,4.636,3.67977284,4.9059,4.636,I90 WB,I-90,WB
BOSTON,4.9059,3.59041074,5.0059,4.9059,I90 WB,I-90,WB
BOSTON,0.4506,2.32566532,137.6434,137.0053,I90 EB,I-90,EB
BRAINTREE,6.6883,4.5,6.7507,6.6883,I93 NB,I-93,NB
BRAINTREE,6.4591,3.7288056,39.4382,39.0627,I93 SB,I-93,SB
BRAINTREE,5.2166,4.49742009,40.6807,39.927,I93 SB,I-93,SB
BURLINGTON,38.0234,2.78632939,50.4217,49.6836,I95 NB,I-95,NB
BURLINGTON,39.7725,2.305613,38.5837,38.5246,I95 SB,I-95,SB
CANTON,1.3705,4.5,1.3937,1.3705,I93 NB,I-93,NB
CANTON,0,4.5,45.8973,45.3664,I93 SB,I-93,SB
CANTON,0.5309,4.5,45.3664,44.9224,I93 SB,I-93,SB
CANTON,1.2902,4.5,44.6071,44.3268,I93 SB,I-93,SB
DANVERS,55.5578,4.12824474,67.6151,67.218,I95 NB,I-95,NB
DANVERS,58.2124,4.36256675,70.0342,69.8726,I95 NB,I-95,NB
DANVERS,57.6852,4.03627804,69.8726,69.3454,I95 NB,I-95,NB
DANVERS,55.8059,4.40083074,22.5503,21.9339,I95 SB,I-95,SB
DANVERS,55.1691,4.17708629,23.1871,22.5503,I95 SB,I-95,SB
DEDHAM,20.6689,2.771678,32.5426,32.3291,I95 NB,I-95,NB
DEDHAM,18.9485,4.5,30.8214,30.6087,I95 NB,I-95,NB
DEDHAM,19.7589,4.5,58.5973,58.3433,I95 SB,I-95,SB
DEDHAM,20.5085,2.69957438,57.8477,57.5812,I95 SB,I-95,SB
DEDHAM,17.2325,4.5,61.1237,61.0367,I95 SB,I-95,SB
NEEDHAM,23.9807,3.43833488,54.3755,53.7724,I95 SB,I-95,SB
NEWTON,26.3537,4.5,38.1668,38.0139,I95 NB,I-95,NB
NEWTON,13.4879,3.39264848,14.3777,13.4879,I90 WB,I-90,WB
NORWOOD,11.6174,4.5,23.2923,23.2776,I95 NB,I-95,NB
NORWOOD,10.0326,4.23992625,68.3236,67.9076,I95 SB,I-95,SB
PEABODY,53.4144,4.2911771,66.1185,65.0746,I95 NB,I-95,NB
PEABODY,52.9301,4.30598826,25.4261,24.468,I95 SB,I-95,SB
QUINCY,8.2805,4.06855068,37.6168,37.0905,I93 SB,I-93,SB
READING,43.8658,3.71472889,55.9505,55.526,I95 NB,I-95,NB
READING,44.2903,2.72,55.9902,55.9505,I95 NB,I-95,NB
READING,0,,0.3322,0,R12740,I-95,
SOMERVILLE,20.1037,2.81826906,25.7936,25.2411,I93 SB,I-93,SB
SOUTHBOROUGH,26.8058,4.42723955,60.7981,59.6844,I495 NB,I495,NB
SOUTHBOROUGH,28.4601,4.5,61.5762,61.3387,I495 NB,I495,NB
STONEHAM,26.2249,4.5,26.2983,26.2249,I93 NB,I-93,NB
STONEHAM,24.5124,4.5,25.1233,24.5124,I93 NB,I-93,NB
STONEHAM,27.6689,4.5,18.2284,18.0704,I93 SB,I-93,SB
TOPSFIELD,57.9053,4.47189544,20.4509,19.0472,I95 SB,I-95,SB
WAKEFIELD,46.9056,2.9,58.8833,58.5658,I95 NB,I-95,NB
FOXBOROUGH,0.0424,4.29594558,33.2341,32.921,I495 NB,I495,NB
FOXBOROUGH,0.3378,4.5,87.3295,85.9504,I495 SB,I495,SB
FOXBOROUGH,1.4524,2.617598,76.9038,76.8798,I95 SB,I-95,SB
FRANKLIN,10.6153,2.48573393,44.5339,43.4939,I495 NB,I495,NB
FRANKLIN,8.3359,4.05923232,42.9017,41.2145,I495 NB,I495,NB
FRANKLIN,10.6843,3.12501529,76.983,76.0288,I495 SB,I495,SB
HOPKINTON,0,,0.536,0,R13091,I495,
HOPKINTON,19.4845,4.49672986,68.1828,66.851,I495 SB,I495,SB
LEXINGTON,33.5735,2.86426545,45.5044,45.2337,I95 NB,I-95,NB
LEXINGTON,36.7641,2.86579648,41.5921,41.4073,I95 SB,I-95,SB
LITTLETON,44.6803,1.571832,77.5752,77.5589,I495 NB,I495,NB
LYNNFIELD,50.8625,4.4473467,62.8054,62.5227,I95 NB,I-95,NB
LYNNFIELD,47.1307,4.0348363,31.2255,31.0919,I95 SB,I-95,SB
LYNNFIELD,47.5575,3.872632,30.7987,30.7658,I95 SB,I-95,SB
MARLBOROUGH,1.7861,3.7099067,18.2337,18.0132,I290 EB,I290,EB
MARLBOROUGH,30.263,4.5,57.4043,57.3807,I495 SB,I495,SB
MEDFORD,22.0311,3.69194734,22.2145,22.0311,I93 NB,I-93,NB
MEDFORD,22.4891,3.05903379,22.6977,22.4891,I93 NB,I-93,NB
MEDFORD,23.7044,4.36368951,24.5124,23.7044,I93 NB,I-93,NB
MEDFORD,21.4489,3.63012274,21.6013,21.4489,I93 NB,I-93,NB
MEDFORD,20.6562,4.5,25.2411,24.9406,I93 SB,I-93,SB
MEDFORD,23.2177,4.5,22.6796,22.4886,I93 SB,I-93,SB
MEDFORD,23.6274,4.27869199,22.2699,21.6578,I93 SB,I-93,SB
MEDFORD,20.9567,4.110974,24.9406,24.3806,I93 SB,I-93,SB
MEDWAY,14.2556,4.5,47.481,47.1342,I495 NB,I495,NB
MEDWAY,14.2835,4.5,73.3838,73.2015,I495 SB,I495,SB
WAKEFIELD,45.9001,2.90364308,57.7913,57.5603,I95 NB,I-95,NB
WAKEFIELD,47.5904,2.99371997,30.7658,29.6756,I95 SB,I-95,SB
WAKEFIELD,45.6205,2.88172775,32.7357,32.3433,I95 SB,I-95,SB
WALTHAM,29.6752,4.5,41.4963,41.3354,I95 NB,I-95,NB
WALTHAM,29.627,4.5,41.3354,41.2872,I95 NB,I-95,NB
WALTHAM,29.1768,3.85995429,49.1794,49.0399,I95 SB,I-95,SB
WALTHAM,29.3163,4.5,49.0399,48.827,I95 SB,I-95,SB
WAYLAND,20.5044,2.80125,20.7643,20.5044,I90 WB,I-90,WB
WAYLAND,18.7168,3.08804557,19.6124,18.7168,I90 WB,I-90,WB
WESTON,0,,0.0868,0,R11536,I-95,
WESTON,0,,0.1494,0,R12591,I-95,
WESTON,,,,,R50115,I-95,
WESTON,27.7435,4.32501204,39.4816,39.4037,I95 NB,I-95,NB
WESTON,16.4156,4.05212661,121.6784,120.7336,I90 EB,I-90,EB
WESTON,27.0006,4.4257671,39.2481,38.6608,I95 NB,I-95,NB
WESTON,14.736,3.22157303,123.358,123.1795,I90 EB,I-90,EB
WESTWOOD,16.9024,3.66471118,61.4538,61.3058,I95 SB,I-95,SB
WILMINGTON,34.1803,2.83618621,34.5801,34.1803,I93 NB,I-93,NB
WILMINGTON,30.2444,2.88291139,15.6529,15.4431,I93 SB,I-93,SB
WINCHESTER,25.9973,4.5,19.9,19.8196,I93 SB,I-93,SB
WOBURN,26.6234,4.23967837,27.0278,26.6234,I93 NB,I-93,NB
WOBURN,41.7865,4.26420499,36.5697,36.3292,I95 SB,I-95,SB
CANTON,14.1007,3.39164663,26.8602,25.7609,I95 NB,I-95,NB
BOSTON,0.8816,1.509601,0.95,0.8816,I90 WB,I-90,WB
BOSTON,2.4198,2.20719993,2.5841,2.4198,I90 WB,I-90,WB
WESTON,0.1495,,0.2717,0.1495,R11534,I-95,
ASHLAND,27.3282,3.23860069,27.7931,27.3282,I90 WB,I-90,WB
BELLINGHAM,12.689,4.5,74.9783,74.662,I495 SB,I495,SB
BOLTON,38.9661,4.5,71.9124,71.8447,I495 NB,I495,NB
BOLTON,36.8012,4.13029054,50.8661,50.5582,I495 SB,I495,SB
BOSTON,11.1026,2.82414155,11.5341,11.1026,I93 NB,I-93,NB
BOSTON,11.0684,2.813491,11.1026,11.0684,I93 NB,I-93,NB
BOSTON,17.9982,2.325884,18.3408,17.9982,I93 NB,I-93,NB
BOSTON,14.5115,3.80910272,14.8078,14.5115,I93 NB,I-93,NB
BOSTON,6.7392,2.42189266,6.9458,6.7392,I90 WB,I-90,WB
BOSTON,13.0266,3.99971363,32.8707,32.1598,I93 SB,I-93,SB
BOSTON,14.0178,3.4520425,31.8795,31.6788,I93 SB,I-93,SB
BOSTON,14.2185,3.7125,31.6788,31.4254,I93 SB,I-93,SB
BOSTON,4.4717,3.7125,4.636,4.4717,I90 WB,I-90,WB
BOXBOROUGH,41.3611,4.5,46.3062,45.8706,I495 SB,I495,SB
BRAINTREE,6.4116,4.29785127,6.6883,6.4116,I93 NB,I-93,NB
BRAINTREE,5.9703,4.5,39.927,39.666,I93 SB,I-93,SB
BURLINGTON,40.8221,4.5,52.6521,52.4823,I95 NB,I-95,NB
BURLINGTON,39.8798,2.2152347,51.6171,51.54,I95 NB,I-95,NB
BURLINGTON,40.8538,4.5,37.5024,37.1644,I95 SB,I-95,SB
CANTON,1.3937,4.5,1.6672,1.3937,I93 NB,I-93,NB
CANTON,14.5174,3.57943033,63.8388,63.4138,I95 SB,I-95,SB
DEDHAM,15.881,4.5,28.0223,27.5412,I95 NB,I-95,NB
DEDHAM,19.175,4.5,30.8815,30.8352,I95 NB,I-95,NB
DEDHAM,15.333,4.5,63.0232,62.8513,I95 SB,I-95,SB
DEDHAM,20.2924,4.188067,58.0638,57.8477,I95 SB,I-95,SB
DEDHAM,17.353,4.5,61.0032,60.8089,I95 SB,I-95,SB