"year","average","firstQuartile","thirdQuartile","median","minimum","maximum","town"
"2007","3.3241022168747683","2.97203902","3.6300976","3.28158132","2.23375967","3.90000009","ACTON"
"2007","3.1781232949345775","3","3.5","3.40000009","0.12916666","3.7125","ARLINGTON"
"2007","4.353704132043882","3.07701283","4.5","4.45290726","2.71323529","4.5","BEDFORD"
"2007","2.7385514302431706","2.612","2.90208772","2.75201904","2.16001435","3.13282317","BELLINGHAM"
"2007","2.45853154415097","2.16040362","2.44976767","2.44976767","1.987001","2.76922843","BELMONT"
"2007","2.7577208736501904","2.79999995","2.79999995","2.79999995","0.54074699","3.54940356","BEVERLY"
"2007","2.7644710789569475","2.3420386","3.16528079","2.79999995","0","4.5","BOSTON"
"2007","2.4521049544986937","2.2","2.27435391","2.2","2.2","2.70000004","BOXBOROUGH"
"2007","3.236204021937879","3.1875","3.5999999","3.40000009","1.86501895","3.70000004","BRAINTREE"
"2007","2.574446372183918","2.29999995","2.79999995","2.5","1.60000002","3.5","BROOKLINE"
"2007","4.110286356955683","3.5999999","4.47345323","3.5999999","1.54858295","4.5","BURLINGTON"
"2007","2.669427354608296","2.26426548","3.0999999","2.8651841","0","3.87947657","CAMBRIDGE"
"2007","3.4771563563216534","2.84194689","3.77933614","3.64023477","2.84194689","4","CANTON"
"2007","2.43463127830721","1.89999997","2.90000009","2.5999999","0.11917098","3.5","CHELSEA"
"2007","3.725578227569993","3.70000004","3.70000004","3.70000004","3.70000004","3.79999995","COHASSET"
"2007","2.8188798973195093","2.5","3.29999995","2.72","1.91582612","3.78503297","CONCORD"
"2007","2.861744889742353","2.70000004","2.79999995","2.79999995","2.55003982","3.81404459","DANVERS"
"2007","2.7186807395584243","2.612","3.08140947","2.75782676","0.77002825","4","DEDHAM"
"2007","3.150866825796568","2.96372375","3.296","3.18127782","2.96372375","3.36445608","DOVER"
"2007","3.5201332950178785","3.40000009","3.4959184","3.40000009","3.29999995","3.79999995","DUXBURY"
"2007","2.79999995","2.79999995","2.79999995","2.79999995","2.79999995","2.79999995","ESSEX"
"2007","2.9392343713950613","2.72","3.3590947","2.90000009","1.10000002","3.76604692","EVERETT"
"2007","3.540482702998076","3.5","3.70000004","3.5999999","2.67064995","3.70000004","FOXBOROUGH"
"2007","2.7058334753669873","2.5","2.78990063","2.70000004","0.0336716","3.61589761","FRAMINGHAM"
"2007","2.8916066438188577","2.79999995","2.87343215","2.79999995","2.79999995","3.11107264","FRANKLIN"
"2007","2.798976476410198","2.79999995","2.79999995","2.79999995","2.5999999","2.79999995","GLOUCESTER"
"2007","3.250134424900441","2.90685711","3.40000009","3.25086449","0.34738369","4","HANOVER"
"2007","3.0502312599270294","2.0999999","3.79999995","3.40000009","1.89999997","3.90000009","HINGHAM"
"2007","2.8910534725038515","2.7","2.90000009","2.83010811","1.46591349","3.7125","LEXINGTON"
"2007","2.927374412090592","2.42812499","3.61406249","2.612","1.47477272","3.7125","LINCOLN"
"2007","2.8211487196399037","2.4043222","3.20000004","2.72","1.4780968","3.79999995","LITTLETON"
"2007","2.9739883860331564","2.72","3.26315505","2.91045633","1.60000002","3.69525545","LYNN"
"2007","2.4126085913514124","0","3.5999999","3.20000004","0","3.79999995","LYNNFIELD"
"2007","3.000413535913936","2.612","3.40000009","2.94777603","1.83738","3.73296415","MALDEN"
"2007","2.7999999499999997","2.79999995","2.79999995","2.79999995","2.79999995","2.79999995","MANCHESTER"
"2007","3.101380984910395","2.72","3.46440733","3.27454704","1.93306615","3.7125","MARLBOROUGH"
"2007","3.530394073116575","3.29999995","3.70000004","3.70000004","2.07147225","3.90000009","MARSHFIELD"
"2007","3.047769226370488","2.72","3.34800265","3.08379401","0.93639344","3.66","MAYNARD"
"2007","3.381088888986174","3.11099593","3.62216245","3.55757182","2.72","3.73703477","MEDFIELD"
"2007","3.0446351094488606","2.6802","3.40000009","3.20000004","1.32530615","3.75188","MEDFORD"
"2007","2.7671773021078887","2.46714745","2.98744538","2.72214765","1.01844627","3.70945573","MEDWAY"
"2007","2.9213413494080083","2.612","2.80362407","2.612","2.612","3.17565333","MELROSE"
"2007","2.8848464337406576","2.612","3.12919535","2.79999995","2.18399484","3.65917418","MIDDLETON"
"2007","3.238426870864772","2.44747066","3.5011407","3.5","1.7495","3.56512694","MILFORD"
"2007","3.2777230344031842","2.89506038","3.51217871","3.37605137","2.72","3.67493867","MILLIS"
"2007","3.3331486132110153","3","3.6551648","3.3550786","2.47244039","4.5","MILTON"
"2007","2.9657500496813984","2.72","3.10619216","3","1.87321565","4.5","NATICK"
"2007","2.5982096393355834","2.5","2.79180686","2.64530982","1.772","2.90000009","NEWTON"
"2007","3.6597654","3.6597654","3.6597654","3.6597654","3.6597654","3.6597654","NORTH READING"
"2007","3.782946628145306","3.76028368","3.79999995","3.79999995","2.42129583","4","NORWELL"
"2007","2.789818446103702","2.79999995","2.79999995","2.79999995","1.81176467","2.79999995","NORWOOD"
"2007","3.042796000969899","2.5999999","3.79999995","2.79999995","1.30100689","4.5","PEABODY"
"2007","3.2616935876184","3.00573125","3.4605","3.20000004","1.52352942","3.79999995","PEMBROKE"
"2007","2.7467846303664296","2.5999999","3.20000004","2.5999999","0.01465201","4.5","QUINCY"
"2007","3.3696134873383525","2.81603746","3.71597674","2.81603746","2.81603746","3.90000009","RANDOLPH"
"2007","2.4524245887715317","2.20000004","2.7","2.20000004","2.20000004","2.7","READING"
"2007","3.0151168233620784","2.79999995","3.29040011","3","1.79169451","3.70000004","REVERE"
"2007","3.4905166172965996","2.40526759","3.79999995","3.79999995","2.40526759","3.79999995","ROCKLAND"
"2007","2.9888827596583263","2.76856514","3.20000004","3.20000004","0.51111111","3.83774539","SALEM"
"2007","3.111073394489963","3.0999999","3.5","3.5","0","3.7125","SAUGUS"
"2007","3.636878482473259","3.5","3.70000004","3.5999999","3.5","3.79999995","SCITUATE"
"2007","3.4642052484003583","2.98081855","4.12248572","3.31904337","0.6539339","4.5","SHARON"
"2007","2.590645419802974","2.40000009","3","2.5","0.85678902","3.5999999","SOMERVILLE"
"2007","3.1960003767560043","3.03510325","3.40000009","3.2951281","1.38569165","3.63675118","SOUTHBOROUGH"
"2007","2.6043381083732084","2.2","2.70203799","2.64995","1.87862774","3.3615","STONEHAM"
"2007","3.4297771996228956","2.85","3.96611485","3.62430191","0.29501855","4.5","STOUGHTON"
"2007","3.2227742125390897","2.84481874","3.51421507","3.1875","2.3329331","4.5","SUDBURY"
"2007","3.142990272579194","2.79999995","3.47409524","3.09491242","1.92681207","3.7125","WALPOLE"
"2007","2.9423064053647345","2.67563047","3.276125","3.00572015","0.77165217","3.97098714","WALTHAM"
"2007","2.7869171835115316","2.5","2.72","2.5999999","1.4851217","4.5","WATERTOWN"
"2007","3.1171821227526624","2.72","3.69311267","2.8","2.2","4.5","WAYLAND"
"2007","3.1895343155823443","3.02352708","3.5","3.25715","1.65364285","3.5999999","WELLESLEY"
"2007","2.79999995","2.79999995","2.79999995","2.79999995","2.79999995","2.79999995","WENHAM"
"2007","3.2499752305082428","3.00356605","3.57896611","3.2349955","1.30178012","4.2","WESTON"
"2007","3.454538072554614","3.34665565","3.6087648","3.5","2.5999999","3.88172815","WESTWOOD"
"2007","2.795347612442685","2.40000009","3.0396014","2.64943269","0","3.5999999","WEYMOUTH"
"2007","3.273326950315323","2.6460143","3.43056935","2.99260063","1.30726253","4.5","WILMINGTON"
"2007","3.4694843071697212","3.40000009","3.5","3.5","3.40000009","3.5999999","WINCHESTER"
"2007","2.6532153859230543","3.20000004","3.40000009","3.20000004","0","3.5","WOBURN"
"2007","3.4000000899999994","3.40000009","3.40000009","3.40000009","3.40000009","3.40000009","WRENTHAM"
"2008","3.160838712830607","2.97203902","3.33958393","3.04655331","2.2","3.7125","ACTON"
"2008","2.371558701282007","2.19077163","2.6","2.42321085","0.68350122","2.922","ARLINGTON"
"2008","2.999706090761121","2.76972318","2.86840881","2.8","2.35324675","4.12155012","BEDFORD"
"2008","2.7385514302431706","2.612","2.90208772","2.75201904","2.16001435","3.13282317","BELLINGHAM"
"2008","2.415195094471007","2.16061441","2.44978138","2.16061441","1.98696417","2.56603019","BELMONT"
"2008","2.668385459154546","2.47031942","2.66699714","2.65461718","1.64831012","3.85268545","BEVERLY"
"2008","2.382877678985373","1.97519954","2.85869689","2.42","0","4.5","BOSTON"
"2008","2.8686308668915497","2.2","2.27435391","2.2","2.2","3.7125","BOXBOROUGH"
"2008","3.0130855988176477","2.92295056","3.19916692","3.12253426","1.1046589","3.48168497","BRAINTREE"
"2008","2.59525811034951","2.29999995","2.90000009","2.66172661","1.14683666","4.5","BROOKLINE"
"2008","3.147662605689561","2.777603","3.7125","2.91647135","0.77356694","3.82823813","BURLINGTON"
"2008","2.475215866466524","2.18709817","2.8311279","2.48123415","0","3.7125","CAMBRIDGE"
"2008","3.225344054283645","2.80376737","3.68279549","3.01466504","1.49833638","4","CANTON"
"2008","2.209939688243293","1.42210875","2.84541745","2.5999999","0.11917098","3.17832974","CHELSEA"
"2008","3.196659928188071","2.96770935","3.45332784","3.22458124","2.2","3.67498671","COHASSET"
"2008","2.848542681544299","2.5","3.25371818","2.72","1.91582612","3.78503297","CONCORD"
"2008","2.881813467581822","2.5999999","3.20000004","2.86831512","0.41429175","3.99183912","DANVERS"
"2008","2.571347190078246","2.28290522","2.81547037","2.612","0.77002825","4.5","DEDHAM"
"2008","3.150848459805424","2.96372375","3.296","3.18127782","2.96372375","3.36445608","DOVER"
"2008","3.5282105471980234","3.17775183","3.7125","3.56468729","3.17775183","4.14969607","DUXBURY"
"2008","2.084489346148628","1.86506832","1.86506832","1.86506832","1.86506832","2.27355386","ESSEX"
"2008","2.7840005011427937","2.44306515","3","2.72801801","1.10000002","3.76604692","EVERETT"
"2008","3.454065256681139","2.72","4.35107398","3.44128761","0.01617647","4.5","FOXBOROUGH"
"2008","2.6994988261404482","2.46226415","2.74697532","2.70000004","1.02004515","3.61589761","FRAMINGHAM"
"2008","2.994875233798164","2.79999995","3","2.79999995","2.79999995","3.58322631","FRANKLIN"
"2008","2.4431494730111276","2.21211869","2.75508373","2.48175","1.44972225","3.0680844","GLOUCESTER"
"2008","3.0293498740766545","2.5999999","3.50906356","2.925","1.80549115","3.7168665","HANOVER"
"2008","2.9171065774041836","2.46996985","3.46543193","2.73488372","1.70503329","3.89167225","HINGHAM"
"2008","2.634762931349636","2.3491819","2.70867193","2.6","1.46591349","3.7125","LEXINGTON"
"2008","2.9271428605493974","2.47727771","3.61406249","2.612","0.39905771","3.7125","LINCOLN"
"2008","2.5401923868386755","2.2","2.72156832","2.45708023","1.4780968","3.36164981","LITTLETON"
"2008","2.8548145278216843","2.7","3.24347686","2.80452823","0.69011294","3.69525545","LYNN"
"2008","2.801278731844579","2.2","3.35622987","2.9663082","0.30520231","3.49716782","LYNNFIELD"
"2008","2.509297750180417","2.22239242","2.72","2.51938813","1.26873092","3.73296415","MALDEN"
"2008","2.582272517490974","2.15009865","2.68656508","2.45922443","2.00305263","3.56435993","MANCHESTER"
"2008","2.7319665605804984","2.40859411","3.02910967","2.70494353","0.27627348","3.7125","MARLBOROUGH"
"2008","3.309556136314979","3.17660897","3.62862185","3.45","0.69452118","3.71258467","MARSHFIELD"
"2008","3.0373437495409052","2.72","3.34800265","3.08379401","0.93639344","3.66","MAYNARD"
"2008","3.3810967144637103","3.11099593","3.62216245","3.55757182","2.72","3.73703477","MEDFIELD"
"2008","2.5700735462925337","2.30304872","3.20000004","2.63228902","0.20581623","3.7125","MEDFORD"
"2008","2.998461749623236","2.46930312","3.34540291","2.7719243","1.01844627","4.5","MEDWAY"
"2008","2.921452564770748","2.612","2.80362407","2.612","2.612","3.17565333","MELROSE"
"2008","2.87754696096746","2.612","3.0298159","2.79999995","2.18399484","3.65917418","MIDDLETON"
"2008","3.238354692782866","2.44747066","3.5011407","3.5","1.7495","3.56512694","MILFORD"
"2008","3.2776835091648002","2.89506038","3.51217871","3.37605137","2.72","3.67493867","MILLIS"
"2008","3.073880995736009","2.68991309","3.50666117","3","0.87374584","4.5","MILTON"
"2008","2.9657442244356558","2.72","3.10619216","3","1.87321565","4.5","NATICK"
"2008","2.5917660576818067","2.5","2.79180686","2.64530982","1.51415771","3.10900968","NEWTON"
"2008","3.6597654","3.6597654","3.6597654","3.6597654","3.6597654","3.6597654","NORTH READING"
"2008","3.664955039401136","3.68616741","3.71085721","3.70222602","1.84206957","3.71112583","NORWELL"
"2008","3.291577494572253","3.04972107","3.5541416","3.43056468","0.49572978","3.92812674","NORWOOD"
"2008","2.878399943704159","2.52836536","3.22864478","2.90000009","1.30100689","4.5","PEABODY"
"2008","3.1741206386158445","2.9208116","3.41526146","3.13230468","1.97965469","3.74943385","PEMBROKE"
"2008","2.5561614898798513","2.16682666","3.00587694","2.6","0.47955607","4.5","QUINCY"
"2008","3.3735815385842667","2.81603746","3.71597674","2.81603746","2.81603746","3.90000009","RANDOLPH"
"2008","2.7792655079086006","2.65824583","2.7","2.65824583","2.65824583","2.9775","READING"
"2008","2.7292333402825166","2.49474643","2.95047904","2.76150306","1.26233762","3.70000004","REVERE"
"2008","3.955792977453512","3.69305625","4.07887452","3.7125","3.69305625","4.37813412","ROCKLAND"
"2008","2.888097850229555","2.72126588","3.20000004","3.02944999","0.51111111","3.83774539","SALEM"
"2008","2.974756402257994","2.7751077","3.22128364","3.03308115","1.66885529","3.7125","SAUGUS"
"2008","3.2343097198044672","2.99275536","3.50264847","3.1875","2.12610341","3.66884499","SCITUATE"
"2008","3.431346223981013","2.96284078","4.5","3.3586171","0.25081422","4.5","SHARON"
"2008","2.5035444875118524","2.03322775","3","2.55452147","0.51397205","4.5","SOMERVILLE"
"2008","3.196956394966108","3.03510325","3.40000009","3.2951281","1.38569165","3.63675118","SOUTHBOROUGH"
"2008","2.4368022093266113","2.13348179","2.68306045","2.47779394","1.40699999","3.20000004","STONEHAM"
"2008","3.420157671330874","2.83244041","3.96611485","3.62430191","0.29501855","4.5","STOUGHTON"
"2008","3.0182453267333145","2.84481874","3.26776417","3.11223929","1.79589039","3.7125","SUDBURY"
"2008","3.1164195658419493","2.81318848","3.48704971","3.09813434","1.92681207","3.7125","WALPOLE"
"2008","2.7517512780942743","2.39113997","3.17328728","2.78156596","1.20456252","3.97098714","WALTHAM"
"2008","2.204804137392802","1.782","2.50002768","2.21761504","0.73112807","3.22383619","WATERTOWN"
"2008","2.868258471150982","2.42111814","3.16057724","2.8","1.97257746","4.5","WAYLAND"
"2008","3.1895266175460573","3.02352708","3.5","3.25715","1.65364285","3.5999999","WELLESLEY"
"2008","2.5298105186602884","2.32462869","2.47099254","2.38806865","2.32462869","2.92793783","WENHAM"
"2008","3.1172512995877653","2.97261572","3.35322418","3.12204507","1.61031147","3.90544812","WESTON"
"2008","3.2175748543950555","2.77037695","3.6087648","3.34665565","1.74635829","3.88172815","WESTWOOD"
"2008","2.7218311209147745","2.3451328","3.0929668","2.76561503","0.13984674","4.5","WEYMOUTH"
"2008","3.2729038933786194","2.6460143","3.43056935","2.99260063","1.30726253","4.5","WILMINGTON"
"2008","2.496300985418849","2.2966292","2.54096757","2.4032029","2.18405645","3.52404113","WINCHESTER"
"2008","2.563672222516522","2.30939732","2.96231974","2.6219101","0","3.7451337","WOBURN"
"2008","2.6992458858900417","2.39683579","2.75349471","2.73517877","2.325219","3.09360397","WRENTHAM"
"2009","3.054012274134785","2.75739303","3.33958393","2.91373197","2.23375967","3.7125","ACTON"
"2009","2.6440549401715328","2.2530594","2.69767969","2.46207039","0.084","4.5","ARLINGTON"
"2009","2.9997063721116533","2.76972318","2.86840881","2.8","2.35324675","4.12155012","BEDFORD"
"2009","2.7385514302431706","2.612","2.90208772","2.75201904","2.16001435","3.13282317","BELLINGHAM"
"2009","4.494817086187813","4.46821957","4.5","4.46821957","4.46821957","4.5","BELMONT"
"2009","2.646009347940052","2.49185185","2.66699714","2.65461718","0.1121259","3.85268545","BEVERLY"
"2009","2.337063861636388","1.9317509","2.84708274","2.37448971","0.02613335","4.5","BOSTON"
"2009","2.834345064860467","2.71817284","2.72","2.71817284","2.71817284","3.27595403","BOXBOROUGH"
"2009","3.100352616011859","2.80404415","3.44015552","3.1875","2.04675","3.64132104","BRAINTREE"
"2009","2.550919582767923","2.29999995","2.79999995","2.47874375","1.60000002","4.17276527","BROOKLINE"
"2009","3.1210154954158726","2.777603","3.7125","2.91647135","0.77356694","3.82823813","BURLINGTON"
"2009","2.338117678258265","1.96709854","2.74475317","2.37388553","0","3.7125","CAMBRIDGE"
"2009","3.2455846479092183","3.08734654","3.59781048","3.20237294","0.23616025","3.77933614","CANTON"
"2009","2.2387240084336137","1.57024232","2.5999999","2.30277251","0.11917098","4.30097687","CHELSEA"
"2009","3.225481321776987","2.81891809","3.47125469","3.20602273","2.39996793","3.69362636","COHASSET"
"2009","2.588505498076324","2.26490026","2.66819994","2.4006012","1.07594169","3.78503297","CONCORD"
"2009","2.6100279886209377","2.2","2.95124999","2.63448385","0.02325581","3.99183912","DANVERS"
"2009","2.6809328542266773","2.49936682","2.85867499","2.63749731","0.28724875","4.16810395","DEDHAM"
"2009","3.150848459805424","2.96372375","3.296","3.18127782","2.96372375","3.36445608","DOVER"
"2009","3.9424210134513413","3.82919251","4.20807692","3.94786145","3.01489361","4.45431523","DUXBURY"
"2009","2.0845513645279827","1.86506832","1.86506832","1.86506832","1.86506832","2.27355386","ESSEX"
"2009","2.769391337540662","2.49271262","3","2.72","0.64768585","3.76604692","EVERETT"
"2009","3.2936903521467427","2.81067869","3.76901432","3.59931611","0.61270234","4.30720211","FOXBOROUGH"
"2009","2.593560249759483","2.3985455","2.70000004","2.612","0.492761","3.61589761","FRAMINGHAM"
"2009","2.8480128999825687","2.79999995","2.85132259","2.83824488","1.76525195","3.61887968","FRANKLIN"
"2009","2.4130069838463046","2.1615","2.75508373","2.48175","1.25471294","3.0680844","GLOUCESTER"
"2009","3.0334029430363616","2.53105393","3.50906356","2.97626411","1.60419231","4.14874293","HANOVER"
"2009","3.0843521622877836","2.56494753","3.55804523","2.8312246","1.14125","4.37081065","HINGHAM"
"2009","4.21324209442406","3.95504208","4.49442854","4.40210098","2.40000009","4.5","LEXINGTON"
"2009","3.5031099485728707","2.80296553","4.13684894","3.68283824","2.02892216","4.5","LINCOLN"
"2009","3.7828291281983177","2.72","4.5","3.96556181","2.20754838","4.5","LITTLETON"
"2009","2.5518496338575494","2.29960129","2.73930573","2.60391896","1.43845053","3.47167445","LYNN"
"2009","2.7889412865023098","2.23700374","3.08517011","3.04057142","0.55841457","3.44042655","LYNNFIELD"
"2009","2.414421193352642","1.97154579","2.72","2.51512817","1.17163636","3.73296415","MALDEN"
"2009","2.5735544315718952","2.12250792","2.68656508","2.45922443","2.00305263","3.56435993","MANCHESTER"
"2009","2.6537872988270146","2.18235696","3.03773738","2.60713093","1.5668205","3.94787561","MARLBOROUGH"
"2009","3.234345939481479","3.07345036","3.43991305","3.1875","1.48404373","4.36136246","MARSHFIELD"
"2009","3.0261404475841607","2.72","3.34800265","3.08379401","0.93639344","3.66","MAYNARD"
"2009","3.3810927212386535","3.11099593","3.62216245","3.55757182","2.72","3.73703477","MEDFIELD"
"2009","2.693970931674772","2.26954859","3.20000004","2.8009639","0.0737169","3.66536051","MEDFORD"
"2009","2.8190980837424777","2.46930312","3.16772716","2.7719243","1.01844627","3.70945573","MEDWAY"
"2009","2.921452564770748","2.612","2.80362407","2.612","2.612","3.17565333","MELROSE"
"2009","2.74692815196471","2.4077631","2.84503057","2.64859119","1.87006197","4.01946796","MIDDLETON"
"2009","3.238354692782866","2.44747066","3.5011407","3.5","1.7495","3.56512694","MILFORD"
"2009","3.24925532174894","2.73165286","3.51217871","3.37605137","2.65705272","3.67493867","MILLIS"
"2009","3.087127262175398","2.72156131","3.50383728","3","1.3131213","3.88728006","MILTON"
"2009","2.9465445902293683","2.71238401","3.10619216","2.9915","1.87321565","4.5","NATICK"
"2009","2.585365522906087","2.45740323","2.79180686","2.61633628","1.69660868","3.31422241","NEWTON"
"2009","3.0799035799999994","3.07990358","3.07990358","3.07990358","3.07990358","3.07990358","NORTH READING"
"2009","3.9226841714218357","3.9427824","4.04516033","3.9427824","3.13833648","4.24229259","NORWELL"
"2009","3.327715083464795","3.17510748","3.7125","3.42758135","0.68238281","4.22110484","NORWOOD"
"2009","2.755266618128204","2.2","3.22191073","2.90000009","0.31344668","4.5","PEABODY"
"2009","3.2689611868224566","3.00573125","3.48485","3.2076537","0.92306665","4.32706686","PEMBROKE"
"2009","2.5710300095573877","2.12312086","2.90391631","2.66034806","0.71678594","4.07869122","QUINCY"
"2009","3.1895264848860068","2.82891651","3.13924894","3.13924894","2.82891651","3.67360434","RANDOLPH"
"2009","2.6480303746774223","2.2201027","2.87180287","2.2201027","2.2201027","2.98139575","READING"
"2009","2.6772895388157467","2.2770836","3","2.79999995","0.39499107","4.17609832","REVERE"
"2009","3.745687782202372","3.53530315","3.7125","3.53530315","3.53530315","4.08231946","ROCKLAND"
"2009","2.680462952379989","2.33910865","3.20000004","2.8","0.65245079","3.5","SALEM"
"2009","2.971339015925556","2.80682879","3.1875","3.0999999","1.07526362","4.04475938","SAUGUS"
"2009","3.1506811297956303","2.91857734","3.40129789","3.11019114","2.12610341","3.68255217","SCITUATE"
"2009","3.41698732826508","2.96284078","4.04466128","3.37613374","0.04103343","4.5","SHARON"
"2009","2.5854793345820237","2.28083735","2.84349612","2.61217976","0.51397205","4.5","SOMERVILLE"
"2009","3.1589791944303034","2.94809319","3.40000009","3.237623","1.38569165","3.63675118","SOUTHBOROUGH"
"2009","2.440782634186174","2.06223469","2.63834566","2.45318519","1.75855403","3.380216","STONEHAM"
"2009","3.2293976251991587","2.83244041","3.62554065","3.08961779","0.29501855","4.5","STOUGHTON"
"2009","2.949997083646441","2.72","3.1875","3.01990578","1.71494256","4.5","SUDBURY"
"2009","3.1780043831631755","2.83083119","3.61397675","3.10669582","1.92681207","4.16720484","WALPOLE"
"2009","2.682100900839227","2.23715873","3.26785902","2.72169325","0.97468699","3.97098714","WALTHAM"
"2009","2.2862102440325147","1.98036988","2.52472056","2.29542711","1.53511242","2.83145799","WATERTOWN"
"2009","2.8380340425304227","2.32166866","2.96461708","2.8","1.89344234","4.5","WAYLAND"
"2009","3.138927597691967","2.94429054","3.5","3.24742583","1.23391375","3.5999999","WELLESLEY"
"2009","2.529807128184228","2.32462869","2.47099254","2.38806865","2.32462869","2.92793783","WENHAM"
"2009","3.120325448649205","2.78128888","3.54402691","3.03750599","1.87322695","4.12587082","WESTON"
"2009","3.215445711896454","3.09261594","3.61685817","3.34665565","1.68218396","3.88172815","WESTWOOD"
"2009","2.733230836779342","2.37079764","3.08387606","2.67226981","0.14088397","3.83733814","WEYMOUTH"
"2009","2.98132263059421","2.7790393","2.93521135","2.8","1.30726253","3.69439268","WILMINGTON"
"2009","2.414507713035427","2.25197842","2.48351041","2.35822598","1.91407607","3.38913297","WINCHESTER"
"2009","2.5083149662810107","2.16026456","2.87389612","2.55843933","0.4453788","3.7125","WOBURN"
"2009","3.045979098507481","2.68951346","3.16362206","2.88119456","2.34560527","3.61759308","WRENTHAM"
"2010","3.053995424276225","2.72","3.33958393","2.97203902","2.23375967","3.7125","ACTON"
"2010","2.6735712957193","2.21421052","2.922","2.50981338","0.084","4.5","ARLINGTON"
"2010","2.9997116434214584","2.76972318","2.86840881","2.8","2.35324675","4.12155012","BEDFORD"
"2010","2.7385313799725366","2.612","2.90208772","2.75201904","2.16001435","3.13282317","BELLINGHAM"
"2010","4.494787008284479","4.5","4.5","4.5","4.46821957","4.5","BELMONT"
"2010","2.6459898128197215","2.49185185","2.66699714","2.65461718","0.1121259","3.85268545","BEVERLY"
"2010","2.342090928303277","1.92604098","2.84708274","2.3824488","0.02613335","4.5","BOSTON"
"2010","2.834249874662589","2.71817284","2.72","2.71817284","2.71817284","3.27595403","BOXBOROUGH"
"2010","3.080719694399125","2.61349335","3.44434568","2.96161818","2.04675","3.64132104","BRAINTREE"
"2010","2.5549548824003145","2.29999995","2.79999995","2.53355498","1.60000002","4.17276527","BROOKLINE"
"2010","3.1223178497513207","2.777603","3.7125","2.8","0.77356694","3.82823813","BURLINGTON"
"2010","2.313581582463464","1.95284578","2.72","2.28421369","0","3.7125","CAMBRIDGE"
"2010","3.2599797953846243","3.08734654","3.59781048","3.20237294","0.23616025","3.77933614","CANTON"
"2010","2.238767589070621","1.72053578","2.62946428","2.30277251","0.11917098","4.30097687","CHELSEA"
"2010","3.2254421825100423","2.81891809","3.47125469","3.20602273","2.39996793","3.69362636","COHASSET"
"2010","2.6496713784737698","2.26478698","2.9786222","2.55205749","1.07594169","3.78503297","CONCORD"
"2010","2.6107913494957815","2.2","2.95124999","2.63448385","0.02325581","3.99183912","DANVERS"
"2010","2.664327745966869","2.49936682","2.85350474","2.63749731","0.28724875","4.16810395","DEDHAM"
"2010","3.1508668257965677","2.96372375","3.296","3.18127782","2.96372375","3.36445608","DOVER"
"2010","3.9424174969905565","3.82919251","4.20807692","3.86650663","3.00717757","4.45431523","DUXBURY"
"2010","2.0845513645279827","1.86506832","1.86506832","1.86506832","1.86506832","2.27355386","ESSEX"
"2010","2.7693563501652734","2.49271262","3","2.72","0.64768585","3.76604692","EVERETT"
"2010","3.249629737324056","2.79588714","3.80092996","3.32521905","0.60625183","4.30720211","FOXBOROUGH"
"2010","2.6097824357594783","2.40000009","2.72","2.66214106","0.492761","3.61589761","FRAMINGHAM"
"2010","2.8529255316555022","2.79999995","2.85132259","2.83824488","1.76525195","3.61887968","FRANKLIN"
"2010","2.4445279543366607","2.21129999","2.75508373","2.41222876","1.28493519","3.0680844","GLOUCESTER"
"2010","3.0013823942794384","2.53105393","3.45872117","2.925","1.60419231","4.14874293","HANOVER"
"2010","3.032512325142162","2.56494753","3.55804523","2.8","1.14125","4.37081065","HINGHAM"
"2010","4.232582351961779","4.28561116","4.5","4.4322595","2.40000009","4.5","LEXINGTON"
"2010","3.48086263802005","3.08395136","3.7888203","3.59969909","2.02892216","4.5","LINCOLN"
"2010","3.782801929057515","2.67760459","4.4956081","3.60932142","2.55112307","4.5","LITTLETON"
"2010","2.5414931286259805","2.23650491","2.74210037","2.56140148","1.43845053","3.47167445","LYNN"
"2010","2.808266497024262","2.23700374","3.08517011","3.04057142","0.55841457","3.3116739","LYNNFIELD"
"2010","2.413084194674167","1.93914513","2.72","2.51512817","1.17163636","3.73296415","MALDEN"
"2010","2.5735542906897666","2.11581728","2.67733902","2.34884923","1.96876828","3.56435993","MANCHESTER"
"2010","2.661785680982359","2.18235696","3.12247924","2.5488729","1.5668205","3.94787561","MARLBOROUGH"
"2010","3.236573753029943","3.07345036","3.43991305","3.1875","1.48404373","4.36136246","MARSHFIELD"
"2010","3.026177370213498","2.72","3.34800265","3.08379401","0.93639344","3.66","MAYNARD"
"2010","3.381120804161378","3.11099593","3.62216245","3.55757182","2.72","3.73703477","MEDFIELD"
"2010","2.63634719477236","2.26954859","3.20000004","2.78848135","0.0737169","3.66536051","MEDFORD"
"2010","2.819113454614965","2.46930312","3.16772716","2.7719243","1.01844627","3.70945573","MEDWAY"
"2010","2.9214525647707505","2.612","2.80362407","2.612","2.612","3.17565333","MELROSE"
"2010","2.746928648454024","2.4077631","2.84503057","2.64859119","1.87006197","4.01946796","MIDDLETON"
"2010","3.250039348542808","2.44747066","3.5011407","3.5","1.7495","3.56512694","MILFORD"
"2010","3.249214359952297","2.73165286","3.51217871","3.37605137","2.65705272","3.67493867","MILLIS"
"2010","3.04270423004127","2.61411074","3.50383728","2.93402697","1.3131213","3.88728006","MILTON"
"2010","2.9671721841793177","2.72","3.2028815","3","1.3995021","4.5","NATICK"
"2010","2.585379137809855","2.5","2.79999995","2.61633628","1.69660868","3.31422241","NEWTON"
"2010","3.0799035799999994","3.07990358","3.07990358","3.07990358","3.07990358","3.07990358","NORTH READING"
"2010","3.9226770097935617","3.9427824","4.04226362","3.9427824","3.13833648","4.24229259","NORWELL"
"2010","3.358534704222237","3.1875","3.7125","3.42988188","0.68238281","4.22110484","NORWOOD"
"2010","2.7805003307032234","2.2","3.2258878","2.90000009","0.31344668","4.5","PEABODY"
"2010","3.2687923205824747","3.00573125","3.48485","3.2076537","0.92306665","4.32706686","PEMBROKE"
"2010","2.492156737023802","2.00802667","2.90391631","2.62963207","0.71678594","4.07869122","QUINCY"
"2010","3.1895264848860068","2.82891651","3.13924894","3.13924894","2.82891651","3.67360434","RANDOLPH"
"2010","2.648145513625577","2.2201027","2.87180287","2.2201027","2.2201027","2.98139575","READING"
"2010","2.671586212822419","2.29999995","3","2.79999995","0.39499107","4.17609832","REVERE"
"2010","3.745687782202372","3.53530315","3.7125","3.53530315","3.53530315","4.08231946","ROCKLAND"
"2010","2.6320274731567377","2.3","3.18780649","2.71516622","0.65245079","3.5","SALEM"
"2010","2.9541636882781313","2.80682879","3.1875","3.0999999","1.07526362","4.04475938","SAUGUS"
"2010","3.159378965137793","2.91857734","3.40129789","3.11019114","2.12610341","3.68255217","SCITUATE"
"2010","3.3709218321454624","2.87655826","3.67498267","3.3586171","0.6539339","4.5","SHARON"
"2010","2.595553409505045","2.32514162","2.84349612","2.62251628","0.51397205","4.5","SOMERVILLE"
"2010","3.1677824580039267","2.94809319","3.40000009","3.28431308","1.38569165","3.73398583","SOUTHBOROUGH"
"2010","2.4107928141263546","2.06223469","2.63834566","2.42198441","1.75855403","3.380216","STONEHAM"
"2010","3.2322951933277686","2.87075725","3.62751929","3.08961779","0.29501855","4.5","STOUGHTON"
"2010","2.949901273965548","2.72","3.1875","3.01990578","1.71494256","4.5","SUDBURY"
"2010","3.2994861840811454","2.8748352","3.62752401","3.32350099","1.92681207","4.16720484","WALPOLE"
"2010","2.6505125927461166","2.23715873","3.18142182","2.66731153","0.97468699","3.97098714","WALTHAM"
"2010","2.2720327078561295","1.97085","2.53750695","2.2739439","1.53511242","2.83145799","WATERTOWN"
"2010","2.8380310999456833","2.32166866","2.96461708","2.8","1.89344234","4.5","WAYLAND"
"2010","3.155335943390444","2.9915","3.5","3.238175","0.64123529","3.5999999","WELLESLEY"
"2010","2.529807128184228","2.32462869","2.47099254","2.38806865","2.32462869","2.92793783","WENHAM"
"2010","3.1079377355625764","2.78128888","3.54402691","3.03750599","1.87322695","4.12587082","WESTON"
"2010","3.2081739718775175","3.05625","3.61443088","3.40972873","1.68218396","3.97346345","WESTWOOD"
"2010","2.7233087791570854","2.37079764","3.09213972","2.72074486","0.14088397","3.83733814","WEYMOUTH"
"2010","2.98132263059421","2.8","2.93521135","2.8","1.30726253","3.69439268","WILMINGTON"
"2010","2.414554013055596","2.25197842","2.48351041","2.35822598","1.91407607","3.38913297","WINCHESTER"
"2010","2.5156874492401244","2.1745065","2.87389612","2.55843933","0.4453788","3.7125","WOBURN"
"2010","3.043145814405963","2.68951346","3.16362206","2.88119456","2.34560527","3.73826428","WRENTHAM"
"2011","3.0837182150275546","2.72","3.33958393","3.04618433","2.27008624","3.7125","ACTON"
"2011","3.1410283717009877","2.66470705","3.76044444","2.92383419","1.28430169","4.5","ARLINGTON"
"2011","3.577679297634439","2.8","4.258","2.8","2.7","4.39052031","BEDFORD"
"2011","2.804462074301145","2.6286334","2.92169903","2.87563809","2.33354436","3.13282317","BELLINGHAM"
"2011","4.5","4.5","4.5","4.5","4.5","4.5","BELMONT"
"2011","2.6718686171062846","2.52625412","2.66699714","2.65461718","1.55023041","3.86863757","BEVERLY"
"2011","2.446234014292515","1.94724131","2.91163226","2.42935101","0.04030601","4.5","BOSTON"
"2011","2.843843983948825","2.72","2.72","2.72","2.72","3.3181734","BOXBOROUGH"
"2011","3.0717075859391105","2.61349335","3.56229181","2.9","2.04675","3.6464917","BRAINTREE"
"2011","2.5565802771511574","2.29999995","2.79999995","2.53355498","1.60000002","4.17276527","BROOKLINE"
"2011","3.9253441313678357","3.5999999","4.36277836","3.90973451","2.28596345","4.5","BURLINGTON"
"2011","2.7547444942758177","2.21882773","3.2","2.74360298","0","4.30474137","CAMBRIDGE"
"2011","3.2716833332766977","3.08734654","3.48690499","3.20053417","0.23616025","3.74538398","CANTON"
"2011","3.4328930136004114","2.781471","3.76404669","3.19472247","2.30277251","4.4","CHELSEA"
"2011","3.226581406072223","2.81891809","3.47125469","3.20602273","2.39996793","3.69362636","COHASSET"
"2011","2.627386368764995","2.229517","2.9786222","2.55205749","1.07594169","3.78503297","CONCORD"
"2011","2.635372343113928","2.2","2.95933683","2.63448385","0.02887139","3.99183912","DANVERS"
"2011","2.9017201636176595","2.47356591","3.07937587","2.72858239","1.04230344","4.5","DEDHAM"
"2011","3.1508668257965677","2.96372375","3.296","3.18127782","2.96372375","3.36445608","DOVER"
"2011","3.9459158116742348","3.82919251","4.20807692","3.86993973","3.03460124","4.45431523","DUXBURY"
"2011","2.0845513645279827","1.86506832","1.86506832","1.86506832","1.86506832","2.27355386","ESSEX"
"2011","2.8455966739373326","2.56188499","3.24078925","2.84055367","1.10000002","3.76604692","EVERETT"
"2011","3.764286859904954","3.1","4.42030696","3.80092996","2.28991927","4.5","FOXBOROUGH"
"2011","2.655049615057897","2.40088937","2.72","2.69830181","0.492761","3.61589761","FRAMINGHAM"
"2011","2.8402859910941793","2.55821354","2.846516","2.79999995","1.76525195","3.7902203","FRANKLIN"
"2011","2.427251883390098","2.17023529","2.64027816","2.3867745400000002","1.47572182","3.0680844","GLOUCESTER"
"2011","3.0159548647155723","2.72314232","3.45872117","2.925","1.88049449","4.15103686","HANOVER"
"2011","3.0626273288865598","2.52614412","3.55804523","2.8312246","1.1278481","4.37081065","HINGHAM"
"2011","4.272863062198425","4.40210098","4.5","4.49129082","2.40000009","4.5","LEXINGTON"
"2011","3.4889604192623787","3.08395136","3.7888203","3.61406249","2.02892216","4.5","LINCOLN"
"2011","3.8099391502159805","2.67760459","4.5","3.60932142","2.58603926","4.5","LITTLETON"
"2011","2.56041420908778","2.32405233","2.74210037","2.60391896","1.43845053","3.47167445","LYNN"
"2011","3.480497071860042","3.04325842","3.49514824","3.2630597","2.62850752","4.5","LYNNFIELD"
"2011","2.483307393814316","1.93381487","2.74922458","2.51512817","1.17163636","4.5","MALDEN"
"2011","2.578793309917217","2.15492451","2.67733902","2.32332099","1.96876828","3.56435993","MANCHESTER"
"2011","3.219174214657959","2.8","3.7","3.1","1.79746648","4.5","MARLBOROUGH"
"2011","3.2528471775620056","3.07345036","3.53507942","3.1875","1.75106514","4.36136246","MARSHFIELD"
"2011","3.063519140731055","2.72","3.34800265","3.08379401","1.8633147","3.66","MAYNARD"
"2011","3.381259847526303","3.11350163","3.62216245","3.55757182","2.72","3.73703477","MEDFIELD"
"2011","2.6281313930171954","2.17411813","3.20000004","2.78848135","0.0737169","3.66536051","MEDFORD"
"2011","2.865788111473093","2.49981373","3.16772716","2.77367118","2.17709934","3.70945573","MEDWAY"
"2011","2.9214525647707505","2.612","2.80362407","2.612","2.612","3.17565333","MELROSE"
"2011","2.7395636474487204","2.35759886","2.84503057","2.64859119","1.87006197","4.01946796","MIDDLETON"
"2011","3.2500393485428085","2.44747066","3.5011407","3.5","1.7495","3.56512694","MILFORD"
"2011","3.3722506742782596","3.08382887","3.57102844","3.48531449","2.72","3.68172449","MILLIS"
"2011","3.0583564153163234","2.62535354","3.50383728","2.93402697","2.07498889","3.88728006","MILTON"
"2011","3.020100327959394","2.72","3.29999995","3","2.27843421","4.5","NATICK"
"2011","2.6400773337510794","2.5","2.79999995","2.70000004","1.772","3.31422241","NEWTON"
"2011","3.0799035799999994","3.07990358","3.07990358","3.07990358","3.07990358","3.07990358","NORTH READING"
"2011","3.989962474631386","3.96338851","4.18223303","4.04226362","3.07145464","4.30168342","NORWELL"
"2011","3.634486366307918","3.47647058","3.85243722","3.7","0.85446195","4.5","NORWOOD"
"2011","2.8047144381748277","2.39249513","3.21017398","2.90000009","1.63577484","3.89535558","PEABODY"
"2011","3.2788322970212262","3.00573125","3.48485","3.2076537","0.88511358","4.39924037","PEMBROKE"
"2011","2.521746451352252","2.00802667","2.90391631","2.6527027","0.71678594","4.09123049","QUINCY"
"2011","3.2145454974090857","3.13924894","3.13924894","3.13924894","3.13924894","3.5388095","RANDOLPH"
"2011","2.648030374677453","2.2201027","2.87180287","2.2201027","2.2201027","2.98139575","READING"
"2011","2.773015188237094","2.5999999","3.07679281","2.8471411","0.77852812","4.5","REVERE"
"2011","3.7393452269715137","3.5239866","3.7125","3.5239866","3.5239866","4.08231946","ROCKLAND"
"2011","2.651471368908434","2.30811371","3.18780649","2.71516622","0.94602043","3.5","SALEM"
"2011","3.0274188385781042","2.9","3.1","3.05436363","1.27661201","4.5","SAUGUS"
"2011","3.151020187147319","2.9776899","3.40129789","3.11019114","2.12610341","3.68255217","SCITUATE"
"2011","3.66367085715185","3.07305685","4.15586242","3.6075","2.28576474","4.5","SHARON"
"2011","2.6835101308718605","2.37898287","2.84717747","2.66184679","0.52806172","4.5","SOMERVILLE"
"2011","3.2413100163751767","3.05126709","3.40000009","3.29944699","2.63196843","3.73398583","SOUTHBOROUGH"
"2011","2.403973088330048","2.02005936","2.63834566","2.40620059","1.75855403","3.41771193","STONEHAM"
"2011","3.2394019208372313","2.87075725","3.62751929","3.08961779","2.46151104","4.5","STOUGHTON"
"2011","3.4902370333034605","3.1","3.55151695","3.3124031","2.72","4.5","SUDBURY"
"2011","3.3023150287834224","2.9626439","3.62752401","3.10456595","2.12517236","4.5","WALPOLE"
"2011","3.3651247641284634","3.1637037","3.7","3.53448717","2","4.1","WALTHAM"
"2011","2.5353692735231217","2","2.72796985","2.31145228","1.53511242","4.5","WATERTOWN"
"2011","3.2361580994192956","2.8","3.7","2.96461708","2.2","4.5","WAYLAND"
"2011","3.2372926989027673","3.02352708","3.5","3.27331669","2.2","3.5999999","WELLESLEY"
"2011","2.529807128184228","2.32462869","2.47099254","2.38806865","2.32462869","2.92793783","WENHAM"
"2011","4.442733701764402","4.5","4.5","4.5","3.7","4.5","WESTON"
"2011","3.3960278968176083","3.1","3.65348837","3.44640371","2.29999995","4.5","WESTWOOD"
"2011","2.7758609090967177","2.40632881","3.10799679","2.72074486","0.98526315","3.84254589","WEYMOUTH"
"2011","3.1239066916703138","2.8","3.30773512","3.06578631","2.8","3.47240016","WILMINGTON"
"2011","2.7414553485120843","2.48351041","3.1","2.8","1.89660095","3.33558776","WINCHESTER"
"2011","2.8075965756893355","2.31867003","3.10734987","2.72742369","0.4453788","4.5","WOBURN"
"2011","3.1296265260220317","2.9","3.20560897","2.95391304","1.62699662","4.18721624","WRENTHAM"
"2012","3.07362026606055","2.824973","3.28158132","3.063123","1.9","4.31267426","ACTON"
"2012","3.344691444638223","2.52407","4.27925077","3.219203","1.682466","4.5","ARLINGTON"
"2012","2.8165902639479596","2.42923626","3.29488701","2.67257789","1.609958","3.660852","ASHLAND"
"2012","3.063721664125476","2.8","2.99145797","2.99145797","2.73411123","3.60670159","BEDFORD"
"2012","2.5490856536719733","2.29094185","2.8","2.6","1.20620634","3.55562221","BELLINGHAM"
"2012","3.3366436387123914","2.53223451","4.37784817","3.29527668","1.29675","4.5","BELMONT"
"2012","2.5912718645643658","2.42093606","2.733038","2.6","1.55857","3.776469","BEVERLY"
"2012","3.1700581065244124","3.185054","3.21084062","3.185054","2.657372","3.323174","BOLTON"
"2012","2.5706970518704138","2.211615","2.86328008","2.551114","1.32534329","4.5","BOSTON"
"2012","2.448784566740336","2.2","2.46794098","2.41217515","2.2","2.5817472","BOXBOROUGH"
"2012","2.9969382112273935","2.55160099","3.36974518","2.962239","1.4865","4.5","BRAINTREE"
"2012","2.6625990244645914","2.425974","2.9293047","2.671594","1.1930446","3.865067","BROOKLINE"
"2012","2.9622994043715067","2.407469","3.55520338","3.078522","1.950995","4.33162378","BURLINGTON"
"2012","2.3862890528533085","2.005073","2.62437241","2.262602","1.308579","4.5","CAMBRIDGE"
"2012","3.0993846291765053","2.71511285","3.404256","3","1.701157","4.5","CANTON"
"2012","2.849227683585829","2.596737","2.992025","2.70046592","1.575496","4.44312671","CHELSEA"
"2012","3.3035048909437728","2.88459838","3.59412137","3.19544697","2.2365","3.95104944","COHASSET"
"2012","3.031533869960262","2.564982","3.52994422","2.82228858","1.482","4.5","CONCORD"
"2012","2.9583864424021242","2.48315075","3.3832525","2.74449621","1.482","4.5","DANVERS"
"2012","3.1088098259198946","2.716483","3.467433","3.05623602","1.499978","4.5","DEDHAM"
"2012","4.203413965659568","4.10227272","4.276202","4.15474601","3.97836638","4.5","DOVER"
"2012","3.4620623163726707","2.99569654","4.00907031","3.40110229","1.857","4.5","DUXBURY"
"2012","4.416466164084745","4.34452693","4.34452693","4.34452693","4.34452693","4.5","ESSEX"
"2012","2.7169224052396515","2.0999999","3.11175541","2.74967195","1.10000002","4.5","EVERETT"
"2012","3.1691223134529367","2.659067","3.7125","2.9","1.32839767","4.5","FOXBOROUGH"
"2012","3.103557540162115","2.42625","3.7125","2.97732385","1.107","4.5","FRAMINGHAM"
"2012","2.5168638199734747","2.08759","2.839904","2.44572101","1.47337864","3.56180748","FRANKLIN"
"2012","3.5308872419735775","2.79999995","4.42392484","3.78273396","1.482","4.5","GLOUCESTER"
"2012","2.7814240777223422","2.27926579","2.80440111","2.66331236","1.9","4.32665014","HAMILTON"
"2012","2.84017525624137","2.33176715","3.22208936","2.89558045","1.685298","4.28721257","HANOVER"
"2012","2.855868450681617","2.55786973","3.28127385","2.753834","1.797236","3.79999995","HINGHAM"
"2012","2.6361019170811018","2.16326111","3.16418629","2.449804","1.482","4.49638223","HOLBROOK"
"2012","2.8317445282411997","2.44472668","3.21815768","2.77005097","1.9","4.37949224","HOLLISTON"
"2012","2.4915080930814155","2.2","2.79871216","2.45502438","1.482","3.7125","HOPKINTON"
"2012","2.531414150165228","2.162273","2.78370655","2.45618986","1.107","4.5","HUDSON"
"2012","2.553374405897427","2.225683","2.654085","2.59585385","1.67175","3.69312131","IPSWICH"
"2012","3.405742837383751","2.6","4.20940594","3.29833125","1.11071282","4.5","LEXINGTON"
"2012","3.3717078688708493","2.814555","4.29470901","3.23105136","1.61771166","4.5","LINCOLN"
"2012","3.094860250464231","2.47198304","3.56046569","2.88905164","1.27824277","4.5","LITTLETON"
"2012","2.5585904209019983","2.17145824","2.8888183","2.50854458","1.107","3.7125","LYNN"
"2012","2.709335485009283","2.22755705","2.8196366","2.6","1.84456501","3.7125","LYNNFIELD"
"2012","2.4244518020494334","2.12174442","2.66582331","2.336038","1.610533","4.013128","MALDEN"
"2012","4.265073208135022","3.7125","4.5","4.47674599","3.49148006","4.5","MANCHESTER"
"2012","2.8334619222204633","2.38664925","3.1875","2.817056","1.31713043","4.484303","MARBLEHEAD"
"2012","2.5629154602671558","2.15566733","2.8442363","2.44752865","1.75403991","4.5","MARLBOROUGH"
"2012","3.040348735938718","2.75","3.29953771","3.05773976","1.93221155","4.5","MARSHFIELD"
"2012","2.3116528726759578","1.97438645","2.62094445","2.273628","1.10876056","3.39201919","MAYNARD"
"2012","3.0466726845755763","2.78085619","3.3540961","2.93534248","1.809264","3.72246361","MEDFIELD"
"2012","2.7607919912164802","2.27869453","3.18573936","2.763418","1.39999997","4.5","MEDFORD"
"2012","3.0119921825899447","2.66062","3.55324","3.15737187","1.34760457","4.27086165","MEDWAY"
"2012","3.0093413005741807","2.6544767","3.46648782","3.011955","1.692876","3.7125","MELROSE"
"2012","2.7242483355039964","2.278416","3.037173","2.72","1.55283011","3.63978583","MIDDLETON"
"2012","2.6082127026840953","2.2365","2.9","2.6","1.26331062","4.5","MILFORD"
"2012","2.838726775727163","2.7055485","3.01891867","2.8","2.017219","3.39674035","MILLIS"
"2012","2.7999983210359427","2.40083","3.14984843","2.72055378","1.107","4.46225571","MILTON"
"2012","2.6625","2.6625","2.6625","2.6625","2.6625","2.6625","NAHANT"
"2012","2.9074399331080882","2.37606297","3.18803516","2.74000952","1.628592","4.5","NATICK"
"2012","2.7322533972980554","2.436306","3.10958848","2.71496473","1.52818196","3.618698","NEEDHAM"
"2012","2.78324641589704","2.2287257","3.15866625","2.69750987","1.540189","4.5","NEWTON"
"2012","2.514439559804535","2.2","2.62009874","2.44481898","1.88010691","4.098403","NORTH READING"
"2012","3.366972131576326","3.050483","3.39902924","3.31349856","1.482","4.5","NORWELL"
"2012","3.1867521776725436","3.02902577","3.34086147","3.16991232","2.10024326","4.5","NORWOOD"
"2012","2.8668550733473395","2.59271876","3.08516844","2.72","1.50641791","4.5","PEABODY"
"2012","2.8548290708894384","2.21733687","3.31247502","2.8275108","1.107","4.36070705","PEMBROKE"
"2012","2.688250190791986","2.189515","3.026667","2.750379","1","4.5","QUINCY"
"2012","2.988746936754648","2.277439","3.65230491","2.896425","1.107","4.46750132","RANDOLPH"
"2012","2.561854529985598","2.36049442","2.64951188","2.57511277","1.482","4.5","READING"
"2012","2.7334638621251557","2.40206294","2.90000009","2.7945","1.65311","4.16301639","REVERE"
"2012","2.9408333881362667","2.63632894","2.93149224","2.93149224","2.63632894","3.47050748","ROCKLAND"
"2012","1.8677221470692629","1.66900527","1.98830538","1.80249418","1.482","2.6625","ROCKPORT"
"2012","2.7739456000148066","2.268223","3.20000004","2.74856189","1","4.5","SALEM"
"2012","2.795245260521246","2.36414","3.0999999","2.79879059","1.482","4.30655991","SAUGUS"
"2012","3.0485165891131376","2.82732396","3.19912386","3.06425415","1.723613","3.7125","SCITUATE"
"2012","2.964183237977988","2.48315439","3.27530948","2.96284078","1.87303361","4.5","SHARON"
"2012","2.849850214647825","2.6","2.80026024","2.73064332","2.088756","4.5","SHERBORN"
"2012","2.4697517605057633","2.2","2.69211695","2.430187","1.509649","3.88547915","SOMERVILLE"
"2012","2.6840710908697245","2.48807378","2.79665351","2.72580158","1.9","3.32174456","SOUTHBOROUGH"
"2012","2.5317679135412856","2.17001716","2.88971387","2.5158267","1.88826654","3.7125","STONEHAM"
"2012","3.4929730419680998","2.70994391","4.20884","3.49420811","1.844121","4.5","STOUGHTON"
"2012","2.621313512793132","2.20036697","2.97677709","2.484241","1.67175","3.83644704","STOW"
"2012","2.8217536645681536","2.57661627","3.07812462","2.85968393","1.90187441","3.82844919","SUDBURY"
"2012","2.219605085157304","1.99369322","2.434677","2.17864094","1.107","3.44024","SWAMPSCOTT"
"2012","2.7735715056613524","2.37877025","2.80796081","2.6","1.89365404","4.11424004","TOPSFIELD"
"2012","2.391063081768177","1.8615","2.68859689","2.44028997","1.5133238","4.5","WAKEFIELD"
"2012","2.82954447057447","2.424265","3.1875","2.88843534","1.1319005","4.5","WALPOLE"
"2012","2.7730599849035587","2.364816","3.07473349","2.774986","1.837752","4.5","WALTHAM"
"2012","2.1196381193668095","1.8615","2.285587","2.052314","1.29675","3.69236111","WATERTOWN"
"2012","2.8765940194463018","2.57968182","3.22395292","2.84821582","1.810168","4.46729255","WAYLAND"
"2012","2.573975847023909","2.25083481","2.76439745","2.54038346","1.58645156","4.25353743","WELLESLEY"
"2012","3.3542978415039904","2.98227854","3.7125","3.357443","2.50247435","3.7125","WENHAM"
"2012","3.108652285813962","2.6625","3.54982671","3.10435303","1.740243","4.45847609","WESTON"
"2012","2.801880705151939","2.44290676","3.00305","2.70526315","1.67175","4.5","WESTWOOD"
"2012","2.6270190275447485","2.2365","2.83206797","2.6","1.60000002","4.5","WEYMOUTH"
"2012","2.8064760118225753","2.4001058","3.11134032","2.64794832","1.73990944","4.5","WILMINGTON"
"2012","2.593368345814881","1.95816806","3.12450638","2.39950632","1.482","4.5","WINCHESTER"
"2012","2.5944992978297146","2.29140598","2.897408","2.683419","0","3.807","WOBURN"
"2012","2.468758812502693","2.17967382","2.67702379","2.48950514","1.57942176","3.02333219","WRENTHAM"
"2013","3.059615652831757","2.82873578","3.27176515","3.01680661","1.9","4.31267426","ACTON"
"2013","3.363455821807232","2.53451355","4.30013476","3.317426","1.682466","4.5","ARLINGTON"
"2013","2.788860042094447","2.46497018","3.17253203","2.70031314","1.60965506","3.66640391","ASHLAND"
"2013","3.0640631171173958","2.8","2.99271717","2.99271717","2.73411123","3.60670159","BEDFORD"
"2013","2.5480538266115893","2.32067923","2.8","2.6","1.20921597","3.49843814","BELLINGHAM"
"2013","3.336742551092118","2.53223451","4.37792141","3.2405313","1.29675","4.5","BELMONT"
"2013","2.5869450115494743","2.4030598","2.72065997","2.6","1.56895017","3.76758904","BEVERLY"
"2013","3.1700328978498122","2.657372","3.21157078","3.185054","2.657372","3.323174","BOLTON"
"2013","2.5722059238339816","2.21975132","2.86328008","2.55727402","1.33754474","4.5","BOSTON"
"2013","2.448784566740336","2.2","2.46794098","2.41217515","2.2","2.5817472","BOXBOROUGH"
"2013","3.0037234097334573","2.60135674","3.36974518","2.96103447","1.4865","4.5","BRAINTREE"
"2013","2.64741965201845","2.425974","2.8292021","2.68030172","1.10253845","3.865067","BROOKLINE"
"2013","2.9628271959223813","2.407469","3.55520338","3.078522","1.950995","4.33162378","BURLINGTON"
"2013","2.3807361753303593","1.99976649","2.62437241","2.25699079","1.308579","4.5","CAMBRIDGE"
"2013","3.0994176483628997","2.70885826","3.41153568","2.99298091","1.701157","4.5","CANTON"
"2013","2.8540558365844575","2.59865638","3.05608253","2.70046592","1.575496","4.44312671","CHELSEA"
"2013","3.3035048909437728","2.88459838","3.59412137","3.19544697","2.2365","3.95104944","COHASSET"
"2013","3.031436623443828","2.564982","3.53006618","2.82228858","1.482","4.5","CONCORD"
"2013","2.9597315767990593","2.49569643","3.3832525","2.79976265","1.482","4.5","DANVERS"
"2013","3.1245624785317965","2.71796401","3.64182816","3.070182","1.499978","4.5","DEDHAM"
"2013","4.222038906130069","4.1226278","4.276202","4.15474601","4.10227272","4.437745","DOVER"
"2013","3.4630191052684567","2.99569654","4.00907031","3.40110229","1.857","4.5","DUXBURY"
"2013","4.4223133368474565","4.35541229","4.35541229","4.35541229","4.35541229","4.49999697","ESSEX"
"2013","2.7197691575514185","2.0999999","3.11193432","2.772603","1.10000002","4.5","EVERETT"
"2013","3.16610415511912","2.659067","3.7125","2.881038","1.107","4.5","FOXBOROUGH"
"2013","3.1037571870031675","2.48509977","3.68197705","2.94165752","1.107","4.5","FRAMINGHAM"
"2013","2.51741012090281","2.09799276","2.82983885","2.44633862","1.478039","3.56180748","FRANKLIN"
"2013","3.542541419276833","2.91773049","4.36859505","3.7125","1.482","4.5","GLOUCESTER"
"2013","2.7814204930740263","2.27857653","2.79977821","2.65643605","1.91182416","4.31884634","HAMILTON"
"2013","2.8279564040312706","2.31735952","3.22208936","2.89558045","1.685298","4.28727661","HANOVER"
"2013","2.8543761043547766","2.55786973","3.28127385","2.753834","1.797236","3.79999995","HINGHAM"
"2013","2.64691074450619","2.19708991","3.16418629","2.510718","1.482","4.49638223","HOLBROOK"
"2013","2.8317343084032767","2.44472668","3.21815768","2.768186","1.9","4.37949224","HOLLISTON"
"2013","2.4567526482230853","2.18024961","2.8","2.44509238","1.48292703","3.70428255","HOPKINTON"
"2013","2.53537800777977","2.162273","2.78358231","2.45618986","1.107","4.5","HUDSON"
"2013","2.553169575199182","2.23205663","2.65233217","2.6","1.67175","3.69045786","IPSWICH"
"2013","3.403305933639063","2.6","4.30973625","3.29790659","1.11108119","4.5","LEXINGTON"
"2013","3.3733505454527153","2.814555","4.23648749","3.23105136","1.61773649","4.5","LINCOLN"
"2013","3.095089800072935","2.47198304","3.56046569","2.88905164","1.27824277","4.5","LITTLETON"
"2013","2.5605265592038875","2.16345338","2.89494765","2.50854458","1.107","3.7125","LYNN"
"2013","2.7164551183438808","2.24857559","2.8196366","2.6","1.84456501","3.7125","LYNNFIELD"
"2013","2.427339486510762","2.119277","2.74152477","2.336038","1.610533","3.98936042","MALDEN"
"2013","4.262488022502257","3.7125","4.5","4.47323524","3.49101291","4.5","MANCHESTER"
"2013","2.8339694121678978","2.38664925","3.1875","2.817056","1.33600415","4.484303","MARBLEHEAD"
"2013","2.5816908164652683","2.15716956","2.83330433","2.47428351","1.75403991","4.5","MARLBOROUGH"
"2013","3.0242742519438774","2.74935905","3.29953771","3.05159474","1.93221155","4.26306583","MARSHFIELD"
"2013","2.3115504621253793","1.97438645","2.65112462","2.26621039","1.15536966","3.39201919","MAYNARD"
"2013","3.0429058323274902","2.76756677","3.35163469","2.92976556","1.809264","3.73465278","MEDFIELD"
"2013","2.7602730672825206","2.274135","3.18573936","2.76504388","1.39999997","4.48558286","MEDFORD"
"2013","3.012090900921037","2.66062","3.54821878","3.15737187","1.34760457","4.27822681","MEDWAY"
"2013","3.0093318353588634","2.6544767","3.46648782","3.011955","1.692876","3.7125","MELROSE"
"2013","2.7240508245030246","2.20356136","3.037173","2.72","1.55283011","3.63978583","MIDDLETON"
"2013","2.6136342073997376","2.2365","2.908829","2.6","1.2643203","4.5","MILFORD"
"2013","2.838746554064254","2.7055485","3.01891867","2.8","2.017219","3.39758689","MILLIS"
"2013","2.7973573085015953","2.41141436","3.13805","2.718603","1.107","4.46225571","MILTON"
"2013","2.6625000000000005","2.6625","2.6625","2.6625","2.6625","2.6625","NAHANT"
"2013","2.904405936221174","2.40305723","3.16867659","2.74000952","1.66914885","4.5","NATICK"
"2013","2.6510039797053295","2.36166325","2.96910438","2.672531","1.52818196","3.61703221","NEEDHAM"
"2013","2.7771098516881865","2.2287257","3.19591828","2.6928468","1.540189","4.5","NEWTON"
"2013","2.5141986771213687","2.2","2.61915276","2.44634484","1.88805456","4.09318911","NORTH READING"
"2013","3.3667910971822637","3.03821289","3.39870521","3.31349856","1.48484016","4.5","NORWELL"
"2013","3.17513591079199","3.01577934","3.34066881","3.15695211","2.10024326","4.5","NORWOOD"
"2013","2.8631969697039863","2.59237223","3.05869785","2.722364","1.50641791","4.5","PEABODY"
"2013","2.8560559575611473","2.21735562","3.28775273","2.85693379","1.107","4.36070705","PEMBROKE"
"2013","2.717454618815369","2.2","3.14104139","2.796733","1","4.4052591","QUINCY"
"2013","2.979925084381222","2.27937938","3.5999999","2.90504796","1.107","4.48223143","RANDOLPH"
"2013","2.5617625970765285","2.36263733","2.65235919","2.58076229","1.482","4.5","READING"
"2013","2.7404299924168347","2.40217005","2.98111283","2.78864336","1.65311","4.16301639","REVERE"
"2013","2.9447175061669624","2.63632894","2.9584236","2.76971875","2.63632894","3.44832083","ROCKLAND"
"2013","1.868375041391415","1.66479765","1.98830538","1.80552228","1.482","2.65525973","ROCKPORT"
"2013","2.7739639314683946","2.25869813","3.20000004","2.74896447","1","4.5","SALEM"
"2013","2.795407602528097","2.33546377","3.0999999","2.799853","1.482","4.30655991","SAUGUS"
"2013","3.0407556583564124","2.82732396","3.19912386","3.06425415","1.723613","3.7125","SCITUATE"
"2013","2.89227282588383","2.51335266","3.1875","2.9402336","1.87240958","4.19231337","SHARON"
"2013","2.856812502852726","2.6","2.80026024","2.71838994","2.088756","4.5","SHERBORN"
"2013","2.467552738918388","2.2","2.69211695","2.430187","1.509649","3.83660189","SOMERVILLE"
"2013","2.6851660528514776","2.47042997","2.84449748","2.71771853","1.9","3.28424021","SOUTHBOROUGH"
"2013","2.53185763951773","2.17815869","2.88971387","2.5158267","1.89183292","3.7125","STONEHAM"
"2013","3.4875446837832986","2.69263986","4.29933444","3.47757657","1.775766","4.5","STOUGHTON"
"2013","2.621348140206254","2.20036697","2.97677709","2.484241","1.67175","3.83644704","STOW"
"2013","2.8222434236332075","2.58816296","3.02014947","2.85607128","1.92274251","3.79781117","SUDBURY"
"2013","2.2193735587998744","1.98399297","2.4001352","2.17923394","1.11781504","3.41003829","SWAMPSCOTT"
"2013","2.7734595392520958","2.3785504","2.80587227","2.56572835","1.89365404","4.11424004","TOPSFIELD"
"2013","2.390487836378058","1.86614408","2.68859689","2.40216357","1.52522737","4.5","WAKEFIELD"
"2013","2.814409789541245","2.44803806","3.1875","2.83919479","1.12153963","4.08099055","WALPOLE"
"2013","2.8010642547665863","2.42543964","3.07671428","2.81643228","1.837752","4.5","WALTHAM"
"2013","2.144680787047559","1.8615","2.38474121","2.06702372","1.29675","3.10787412","WATERTOWN"
"2013","2.8756138911977134","2.6","3.22254984","2.84607174","1.80681535","4.43234587","WAYLAND"
"2013","2.575054729395463","2.26062176","2.75381387","2.54233223","1.590305","4.24832093","WELLESLEY"
"2013","3.3545715920829253","2.94111931","3.7125","3.41363973","2.52019053","3.7125","WENHAM"
"2013","3.109084422194331","2.73678147","3.53268939","3.08618755","1.740243","4.45956833","WESTON"
"2013","2.8018699632366295","2.44290676","3.00305","2.70526315","1.67175","4.5","WESTWOOD"
"2013","2.6270762368377127","2.313954","2.83206797","2.65666197","1.60000002","3.89515283","WEYMOUTH"
"2013","2.8067315664519823","2.37951202","3.14229133","2.66054116","1.73990944","4.45683977","WILMINGTON"
"2013","2.5933592621388764","1.95816806","3.0999999","2.39950632","1.482","4.5","WINCHESTER"
"2013","2.594360874460342","2.29140598","2.9","2.683419","0","3.807","WOBURN"
"2013","2.469143831850275","2.182574","2.6718264","2.4813207","1.57942176","3.02329692","WRENTHAM"
"2014","3.131923283724153","2.7962419","3.35594968","3.03001465","1.653865","4.5","ACTON"
"2014","3.447385971146199","2.668034","4.3494544","3.52363953","1.682466","4.5","ARLINGTON"
"2014","2.7997902411717717","2.33208055","3.257824","2.63726463","1.609958","3.770679","ASHLAND"
"2014","3.0746474202370884","2.8","2.99252801","2.99252801","2.73557678","3.62603223","BEDFORD"
"2014","2.8180755121453207","2.482973","2.94384918","2.70804795","1.509324","4.5","BELLINGHAM"
"2014","3.379753336275212","2.5823313","4.37781916","3.14188428","1.7372617","4.5","BELMONT"
"2014","2.574415591932604","2.3830871","2.695834","2.6","1.74337999","3.40000009","BEVERLY"
"2014","3.029161119819448","2.664499","3.1875","3.1875","2.664499","3.1875","BOLTON"
"2014","2.596097394541203","2.244203","2.86548417","2.50578657","0.83064515","4.5","BOSTON"
"2014","2.4041070042873804","2.2","2.34721558","2.317144","2.2","2.57942898","BOXBOROUGH"
"2014","2.961763050222432","2.6","3.263142","2.964651","1.4865","4.5","BRAINTREE"
"2014","2.6252323900849355","2.39775029","2.8677491","2.65448629","1.33135541","3.7125","BROOKLINE"
"2014","3.011542799555736","2.56152393","3.57446923","3.10407985","1.959205","4.18852079","BURLINGTON"
"2014","2.4354592729614213","2.16025117","2.620151","2.384827","1.34970841","4.5","CAMBRIDGE"
"2014","3.2573702416902086","2.78169513","3.54776402","3.07917862","2.007275","4.5","CANTON"
"2014","2.63385452375731","2.442861","2.75","2.5999999","1.01078901","4.05450586","CHELSEA"
"2014","3.391129978847178","2.86820677","3.90448622","3.32621393","2.506152","4.340602","COHASSET"
"2014","3.146788900178604","2.70112866","3.61699695","3.072324","1.70008195","4.5","CONCORD"
"2014","2.96983339829427","2.47049792","3.3895928","2.76636168","1.92148","4.5","DANVERS"
"2014","3.1869829745009626","2.740768","3.65251465","3.060624","1.9","4.5","DEDHAM"
"2014","4.234519443602142","4.18109494","4.27797431","4.21628417","3.44136877","4.444524","DOVER"
"2014","3.505229206188999","2.97740201","4.01285771","3.48167932","1.857","4.5","DUXBURY"
"2014","4.422314744237287","4.3554123","4.3554123","4.3554123","4.3554123","4.5","ESSEX"
"2014","2.6895292319571604","2.126155","3.00127657","2.62018","1.10000002","4.5","EVERETT"
"2014","3.2123719623563782","2.70128793","3.57501429","3.17048921","1.49951486","4.5","FOXBOROUGH"
"2014","3.108604208251746","2.53258634","3.60749999","2.96666872","1.25105046","4.5","FRAMINGHAM"
"2014","2.7635791877120695","2.31168939","3.10411392","2.72050525","1.82427631","3.90200098","FRANKLIN"
"2014","3.574836049890921","2.942198","4.4040272","3.91092588","1.48748083","4.5","GLOUCESTER"
"2014","3.2535543674256564","2.86084","3.40000009","3.12945512","2.24518187","4.41149922","HAMILTON"
"2014","2.8750702495368836","2.31990634","3.22883049","2.84961353","2.037151","4.04382854","HANOVER"
"2014","2.8931441380366953","2.55956993","3.28102545","2.87731436","1.92332673","4.263804","HINGHAM"
"2014","2.8699344795121444","2.42625","3.19376837","2.89124546","1.482","4.2959181","HOLBROOK"
"2014","2.947358167168374","2.53790818","3.24425804","2.880799","2.195019","3.96722947","HOLLISTON"
"2014","2.444166831183386","2.22863355","2.7634161","2.371428","1.51821461","3.11263018","HOPKINTON"
"2014","2.8696612970617976","2.23018358","3.40000009","2.68376309","1.482","4.5","HUDSON"
"2014","2.6262435970700166","2.40916402","2.66281935","2.569402","1.48855364","4.29142799","IPSWICH"
"2014","3.4390649058711125","2.64939271","4.30955202","3.480574","1.20579666","4.5","LEXINGTON"
"2014","3.364750363483185","2.8","4.2414683","3.23175647","1.59939076","4.5","LINCOLN"
"2014","3.199025405976989","2.45614914","3.86426435","2.87272046","1.482","4.5","LITTLETON"
"2014","2.6036396431291107","2.23273609","2.859105","2.53854579","0.73199999","3.70000004","LYNN"
"2014","2.8418467578916267","2.24245562","3.20771143","2.6930941","1.8734619","3.59715979","LYNNFIELD"
"2014","2.397702756698407","2.11643058","2.6445","2.337089","1.0575132","3.35434083","MALDEN"
"2014","4.26209813438117","3.7125","4.5","4.4732129","3.49101292","4.5","MANCHESTER"
"2014","2.807756451917323","2.34982597","3.203363","2.811987","1.629432","4.207357","MARBLEHEAD"
"2014","2.6251838758717034","2.19584999","2.82160787","2.46599757","0.54224999","4.5","MARLBOROUGH"
"2014","3.480074337854805","3.05768956","3.67021677","3.47864688","2.17508071","4.5","MARSHFIELD"
"2014","2.530998397286488","2.182465","2.9","2.398875","1.36922925","3.853725","MAYNARD"
"2014","3.0601524958075523","2.72395358","3.43964187","2.98454322","1.9","3.99460831","MEDFIELD"
"2014","2.7101926873167885","2.261018","3.14126742","2.6","1.39999997","4.128498","MEDFORD"
"2014","2.9567865686605073","2.497968","3.41549004","3.07236689","1.38812105","4.35775284","MEDWAY"
"2014","3.0108049774941787","2.711418","3.1827152","2.99445389","2.414683","4.243365","MELROSE"
"2014","2.7322438951050882","2.20597767","3.04416112","2.74297746","1.59675","3.58313706","MIDDLETON"
"2014","2.7326405775009976","2.295005","3.11177644","2.64209836","1.3302","4.5","MILFORD"
"2014","2.835045290637008","2.723283","2.89349528","2.79628175","2.185541","3.31130756","MILLIS"
"2014","2.775634547725851","2.30119676","3.080403","2.74769004","1.81910981","4.19902993","MILTON"
"2014","3.170118729847329","3.08256","3.08256","3.08256","3.08256","3.24879469","NAHANT"
"2014","2.9008899465712665","2.34996468","3.19217736","2.73274793","1.482","4.5","NATICK"
"2014","2.7251033276633447","2.344996","2.95567","2.7163299","1.67175","4.5","NEEDHAM"
"2014","2.7469071214590817","2.246976","3.095389","2.620574","1.53936949","4.5","NEWTON"
"2014","2.5546293600415253","2.245972","2.6","2.48808232","2.120059","3.66401948","NORTH READING"
"2014","3.387114679712868","3.11228914","3.58409667","3.39349782","2.085375","4.5","NORWELL"
"2014","3.1370098092538905","3.045","3.33662008","3.1875","1.61486989","4.36529205","NORWOOD"
"2014","2.8049236881756827","2.480038","2.94748678","2.64605714","1.35","4.5","PEABODY"
"2014","3.0576819839136054","2.68198865","3.59522145","3.20000004","1.4213055","4.25598318","PEMBROKE"
"2014","2.6419520678439357","2.22905428","2.909858","2.587169","1","4.5","QUINCY"
"2014","3.4783408092886257","2.65669136","4.40386705","3.372556","1.87837309","4.43140953","RANDOLPH"
"2014","2.503381076723184","2.27285539","2.685111","2.4390359","1.915637","4.40860026","READING"
"2014","2.781194172656644","2.5","3.012691","2.79999995","1.60268008","4.1630164","REVERE"
"2014","2.921544145203832","2.63632894","2.95842361","2.89346875","2.63632894","3.32621251","ROCKLAND"
"2014","1.888342587396886","1.71165116","1.96942796","1.857","1.61249133","2.37634724","ROCKPORT"
"2014","2.6323322656560797","2.262674","3.04762","2.544116","1","3.69728313","SALEM"
"2014","2.8809681015432576","2.50679661","3.0999999","2.8576692","1.61814922","4.315841","SAUGUS"
"2014","3.1655557120007023","2.73853607","3.44530547","3.10826651","2.12416636","4.47283","SCITUATE"
"2014","2.8699987708319217","2.40060877","3.188917","2.80500277","1.84438195","4.379096","SHARON"
"2014","3.0385517939077555","2.6511335","3.388778","2.8","2.041011","4.17587479","SHERBORN"
"2014","2.4148343200839424","2.239095","2.578712","2.388635","1.69372705","3.23733067","SOMERVILLE"
"2014","2.6976865774348693","2.53606451","2.872672","2.72","1.9","3.29249999","SOUTHBOROUGH"
"2014","2.5952500875363596","2.13627115","2.896967","2.46837034","1.90941161","4.26794127","STONEHAM"
"2014","3.441202020420361","2.60802989","4.393986","3.36262706","1.980107","4.5","STOUGHTON"
"2014","2.805860736183045","2.29901899","3.143333","2.713341","1.779651","4.5","STOW"
"2014","2.9507832841996304","2.60162047","3.18121276","2.95805601","2.11640861","4.1788508","SUDBURY"
"2014","2.241596141607955","2.02374804","2.341517","2.192228","1.65037","3.241481","SWAMPSCOTT"
"2014","2.8023440407211617","2.41592593","2.75235772","2.6","1.94418761","3.99118879","TOPSFIELD"
"2014","2.6529824590136606","2.208057","2.74767448","2.567976","1.837221","4.461599","WAKEFIELD"
"2014","2.8441116696445383","2.46317782","3.1875","2.79233801","1.58868426","3.7125","WALPOLE"
"2014","2.781429679990594","2.4999","3.00517543","2.789801","1.9519717","4.44631","WALTHAM"
"2014","2.1293151480918615","1.8615","2.407461","2.10551648","1.33424999","2.948836","WATERTOWN"
"2014","2.9086591471068166","2.53190198","3.299736","2.89937851","1.482","4.48236788","WAYLAND"
"2014","2.576114091584819","2.27046616","2.731703","2.52012141","1.78713461","4.10235622","WELLESLEY"
"2014","3.3624709579609107","3.07509191","3.68645979","3.18927898","2.73816309","4.5","WENHAM"
"2014","3.0969891142239154","2.79999995","3.38425927","2.98887081","1.972259","4.36704004","WESTON"
"2014","2.790596849266033","2.435005","3.051805","2.69157083","1.74242094","4.5","WESTWOOD"
"2014","2.7351785417028536","2.32967138","2.99838284","2.69836486","1.60000002","4.078082","WEYMOUTH"
"2014","2.770236343763711","2.426075","3.05848066","2.726559","1.975888","4.114229","WILMINGTON"
"2014","2.6232565370201946","1.98699582","3.0999999","2.32732499","1.50572829","4.5","WINCHESTER"
"2014","2.698670359669368","2.30567559","2.93739983","2.70000004","1.86185959","4.20922924","WOBURN"
"2014","2.559468515313715","2.37207741","2.69829924","2.6","1.76778458","3.03748755","WRENTHAM"
"2015","3.131923283724153","2.7962419","3.35594968","3.03001465","1.653865","4.5","ACTON"
"2015","3.447385971146198","2.668034","4.3494544","3.52363953","1.682466","4.5","ARLINGTON"
"2015","2.7997902411717694","2.33208055","3.257824","2.6372646299999998","1.609958","3.770679","ASHLAND"
"2015","3.0746474202370897","2.8000000000000003","2.99252801","2.99252801","2.73557678","3.62603223","BEDFORD"
"2015","2.818075512145321","2.482973","2.94384918","2.70804795","1.5093239999999999","4.5","BELLINGHAM"
"2015","3.3797533362752086","2.58432","4.37781916","3.14188428","1.7372617","4.5","BELMONT"
"2015","2.5744155919326066","2.3830871","2.695834","2.6","1.74337999","3.40000009","BEVERLY"
"2015","3.029161119819451","2.6644989999999997","3.1875","3.1875","2.6644989999999997","3.1875","BOLTON"
"2015","2.596097394541212","2.2442029999999997","2.86548417","2.50578657","0.83064515","4.5","BOSTON"
"2015","2.40410700428737","2.2","2.34721558","2.317144","2.2","2.57942898","BOXBOROUGH"
"2015","2.961763050222431","2.6","3.2631419999999998","2.964651","1.4865000000000002","4.5","BRAINTREE"
"2015","2.6252323900849377","2.39775029","2.8677491","2.65448629","1.33135541","3.7125000000000004","BROOKLINE"
"2015","3.0115427995557327","2.56152393","3.57446923","3.10407985","1.9592049999999999","4.18852079","BURLINGTON"
"2015","2.4354592729614213","2.16025117","2.620151","2.384827","1.34970841","4.5","CAMBRIDGE"
"2015","3.2573702416902086","2.78169513","3.54776402","3.07917862","2.007275","4.5","CANTON"
"2015","2.6338545237573094","2.4428609999999997","2.75","2.5999999000000003","1.01078901","4.05450586","CHELSEA"
"2015","3.391129978847175","2.86820677","3.90448622","3.3262139299999998","2.5061519999999997","4.340602","COHASSET"
"2015","3.1467889001786014","2.70112866","3.61699695","3.072324","1.70008195","4.5","CONCORD"
"2015","2.9698333982942717","2.47049792","3.3895928","2.76636168","1.9214799999999999","4.5","DANVERS"
"2015","3.1869829745009643","2.740768","3.65251465","3.060624","1.9000000000000001","4.5","DEDHAM"
"2015","4.234519443602142","4.18109494","4.27797431","4.21628417","3.44136877","4.4445239999999995","DOVER"
"2015","3.505229206188997","2.97740201","4.01285771","3.48167932","1.857","4.5","DUXBURY"
"2015","4.422314744237289","4.3554123","4.3554123","4.3554123","4.3554123","4.5","ESSEX"
"2015","2.6895292319571613","2.126155","3.00127657","2.62018","1.10000002","4.5","EVERETT"
"2015","3.212371962356382","2.70128793","3.57501429","3.17048921","1.4995148600000001","4.5","FOXBOROUGH"
"2015","3.108604208251744","2.53258634","3.60749999","2.96666872","1.25105046","4.5","FRAMINGHAM"
"2015","2.763579187712068","2.31168939","3.10411392","2.72050525","1.8242763100000001","3.90200098","FRANKLIN"
"2015","3.574836049890922","3","4.4040272","3.9109258799999997","1.48748083","4.5","GLOUCESTER"
"2015","3.253554367425668","2.86084","3.40000009","3.12945512","2.24518187","4.41149922","HAMILTON"
"2015","2.8750702495368845","2.31990634","3.22883049","2.84961353","2.0371509999999997","4.04382854","HANOVER"
"2015","2.893144138036693","2.55956993","3.28102545","2.87731436","1.9233267299999999","4.2638039999999995","HINGHAM"
"2015","2.8699344795121453","2.42625","3.19376837","2.89124546","1.482","4.2959181","HOLBROOK"
"2015","2.947358167168373","2.53790818","3.24425804","2.8807989999999997","2.195019","3.96722947","HOLLISTON"
"2015","2.444166831183386","2.22863355","2.7634161","2.371428","1.51821461","3.11263018","HOPKINTON"
"2015","2.8696612970617976","2.23018358","3.40000009","2.6837630900000002","1.482","4.5","HUDSON"
"2015","2.6262435970700126","2.40916402","2.66281935","2.5694019999999997","1.4885536400000001","4.29142799","IPSWICH"
"2015","3.4390649058711076","2.64939271","4.30955202","3.480574","1.20579666","4.5","LEXINGTON"
"2015","3.364750363483186","2.8000000000000003","4.2414683","3.23175647","1.59939076","4.5","LINCOLN"
"2015","3.1990254059769896","2.45614914","3.86426435","2.87272046","1.482","4.5","LITTLETON"
"2015","2.603639643129109","2.23273609","2.859105","2.53854579","0.73199999","3.70000004","LYNN"
"2015","2.8418467578916253","2.24245562","3.20771143","2.6930941","1.8734619000000001","3.59715979","LYNNFIELD"
"2015","2.397702756698406","2.11643058","2.6445000000000003","2.3370889999999997","1.0575132","3.35434083","MALDEN"
"2015","4.26209813438117","3.7125000000000004","4.5","4.4732129","3.49101292","4.5","MANCHESTER"
"2015","2.8077564519173226","2.34982597","3.203363","2.811987","1.629432","4.207357","MARBLEHEAD"
"2015","2.625183875871699","2.19584999","2.8216078700000002","2.46599757","0.54224999","4.5","MARLBOROUGH"
"2015","3.4800743378548042","3.05768956","3.67021677","3.47864688","2.17508071","4.5","MARSHFIELD"
"2015","2.5309983972864853","2.182465","2.9","2.398875","1.36922925","3.853725","MAYNARD"
"2015","3.0601524958075546","2.72395358","3.43964187","2.98454322","1.9000000000000001","3.9946083100000003","MEDFIELD"
"2015","2.710192687316786","2.261018","3.14126742","2.6","1.39999997","4.128498","MEDFORD"
"2015","2.9567865686605064","2.4979679999999997","3.41549004","3.07236689","1.38812105","4.35775284","MEDWAY"
"2015","3.0108049774941787","2.7114179999999997","3.1827152","2.99445389","2.4146829999999997","4.243365","MELROSE"
"2015","2.7322438951050887","2.2059776700000002","3.04416112","2.74297746","1.59675","3.58313706","MIDDLETON"
"2015","2.7326405775009976","2.2950049999999997","3.11177644","2.64209836","1.3302","4.5","MILFORD"
"2015","2.8350452906370083","2.723283","2.89349528","2.79628175","2.1855409999999997","3.31130756","MILLIS"
"2015","2.775634547725842","2.30119676","3.080403","2.74769004","1.81910981","4.19902993","MILTON"
"2015","3.170118729847328","3.08256","3.08256","3.08256","3.08256","3.24879469","NAHANT"
"2015","2.900889946571267","2.3499646800000003","3.19217736","2.73274793","1.482","4.5","NATICK"
"2015","2.7251033276633456","2.344996","2.95567","2.7163299","1.6717499999999998","4.5","NEEDHAM"
"2015","2.746907121459081","2.246976","3.095389","2.620574","1.53936949","4.5","NEWTON"
"2015","2.554629360041529","2.245972","2.6","2.48808232","2.120059","3.66401948","NORTH READING"
"2015","3.387114679712868","3.11228914","3.58409667","3.39349782","2.085375","4.5","NORWELL"
"2015","3.137009809253889","3.045","3.33662008","3.1875","1.61486989","4.36529205","NORWOOD"
"2015","2.8049236881756836","2.480038","2.94748678","2.64605714","1.35","4.5","PEABODY"
"2015","3.0576819839136085","2.68198865","3.59522145","3.20000004","1.4213054999999999","4.25598318","PEMBROKE"
"2015","2.6419520678439343","2.22905428","2.909858","2.587169","1","4.5","QUINCY"
"2015","3.4783408092886243","2.65669136","4.40386705","3.372556","1.87837309","4.43140953","RANDOLPH"
"2015","2.5033810767231843","2.27285539","2.685111","2.4390359","1.9156369999999998","4.40860026","READING"
"2015","2.7811941726566443","2.5","3.012691","2.79999995","1.60268008","4.1630164","REVERE"
"2015","2.9215441452038347","2.6363289400000003","2.95842361","2.8934687500000003","2.6363289400000003","3.32621251","ROCKLAND"
"2015","1.8883425873968864","1.7116511600000002","1.96942796","1.85584644","1.6124913300000001","2.37634724","ROCKPORT"
"2015","2.632332265656078","2.262674","3.0476199999999998","2.544116","1","3.6972831299999998","SALEM"
"2015","2.8809681015432576","2.50679661","3.0999999","2.8576692","1.61814922","4.315841","SAUGUS"
"2015","3.1655557120006987","2.73853607","3.44530547","3.10826651","2.12416636","4.47283","SCITUATE"
"2015","2.8699987708319177","2.40060877","3.188917","2.8050027699999998","1.84438195","4.379096","SHARON"
"2015","3.0385517939077564","2.6511335000000003","3.388778","2.8000000000000003","2.0410109999999997","4.17587479","SHERBORN"
"2015","2.4148343200839437","2.239095","2.578712","2.388635","1.6937270500000001","3.23733067","SOMERVILLE"
"2015","2.697686577434871","2.53606451","2.8726719999999997","2.72","1.9000000000000001","3.29249999","SOUTHBOROUGH"
"2015","2.5952500875363578","2.13627115","2.896967","2.46837034","1.90941161","4.26794127","STONEHAM"
"2015","3.4412020204203615","2.60802989","4.393986","3.36262706","1.9801069999999998","4.5","STOUGHTON"
"2015","2.805860736183044","2.29901899","3.1433329999999997","2.713341","1.7796509999999999","4.5","STOW"
"2015","2.9507832841996295","2.60162047","3.18121276","2.95805601","2.11640861","4.1788508","SUDBURY"
"2015","2.241596141607956","2.02374804","2.341517","2.192228","1.65037","3.241481","SWAMPSCOTT"
"2015","2.8023440407211653","2.41592593","2.75235772","2.6","1.9441876100000002","3.99118879","TOPSFIELD"
"2015","2.65298245901366","2.2080569999999997","2.74767448","2.567976","1.837221","4.461599","WAKEFIELD"
"2015","2.844111669644537","2.46317782","3.1875","2.79233801","1.58868426","3.7125000000000004","WALPOLE"
"2015","2.7814296799906","2.4999000000000002","3.00517543","2.7898009999999998","1.9519717","4.4463099999999995","WALTHAM"
"2015","2.1293151480918606","1.8615000000000002","2.407461","2.10551648","1.33424999","2.948836","WATERTOWN"
"2015","2.908659147106824","2.5319019799999998","3.299736","2.89937851","1.482","4.48236788","WAYLAND"
"2015","2.576114091584817","2.27046616","2.731703","2.52012141","1.78713461","4.10235622","WELLESLEY"
"2015","3.3624709579609116","3.07509191","3.7125000000000004","3.18927898","2.73816309","4.5","WENHAM"
"2015","3.0969891142239008","2.79999995","3.38425927","2.98887081","1.972259","4.36704004","WESTON"
"2015","2.790596849266034","2.435005","3.051805","2.69157083","1.7424209400000001","4.5","WESTWOOD"
"2015","2.7351785417028522","2.32967138","2.99838284","2.69836486","1.60000002","4.078082","WEYMOUTH"
"2015","2.7702363437637114","2.426075","3.05848066","2.726559","1.9758879999999999","4.114229","WILMINGTON"
"2015","2.623256537020196","1.98699582","3.0999999","2.32732499","1.50572829","4.5","WINCHESTER"
"2015","2.6986703596693675","2.30567559","2.93739983","2.68785847","1.86185959","4.20922924","WOBURN"
"2015","2.559468515313716","2.37207741","2.69829924","2.5764815","1.76778458","3.03748755","WRENTHAM"
